-- Seed grande (determinístico).
-- Generado por contracts-sql/scripts/generate-seed.mjs
-- rng_seed=1337

USE contracts_app;

SET FOREIGN_KEY_CHECKS=0;
TRUNCATE TABLE invitations;
TRUNCATE TABLE interviews;
TRUNCATE TABLE documents;
TRUNCATE TABLE employment_contracts;
TRUNCATE TABLE internships;
TRUNCATE TABLE hiring_contracts;
TRUNCATE TABLE practices;
TRUNCATE TABLE student_courses;
TRUNCATE TABLE course_itinerary_students;
TRUNCATE TABLE course_itineraries;
TRUNCATE TABLE vacancies;
TRUNCATE TABLE companies;
TRUNCATE TABLE student_liquidation_balances;
TRUNCATE TABLE liquidation_lines;
TRUNCATE TABLE liquidations;
TRUNCATE TABLE students;
TRUNCATE TABLE municipalities;
TRUNCATE TABLE districts;
SET FOREIGN_KEY_CHECKS=1;

INSERT INTO companies (nif, name, company_email, company_phone, sector, contact_name, contact_email, contact_phone, notes) VALUES
('B10000001', 'NORTE COMERCIO 001 S.L.', 'info@norte.comercio.001.s.l.fake', '+34 615 449 311', 'Atención al cliente', 'RRHH', 'rrhh@norte.comercio.001.s.l.fake', '+34 664 536 659', NULL),
('B10000002', 'URBANA HOSTELERÍA 002 S.L.', 'info@urbana.hosteleria.002.s.l.fake', '+34 646 279 684', 'Sanidad', 'RRHH', 'rrhh@urbana.hosteleria.002.s.l.fake', '+34 647 634 591', NULL),
('B10000003', 'ALFA GESTIÓN 003 S.L.', 'info@alfa.gestion.003.s.l.fake', '+34 612 973 966', 'Construcción', 'RRHH', 'rrhh@alfa.gestion.003.s.l.fake', '+34 628 191 226', NULL),
('B10000004', 'IBÉRICA COMERCIO 004 S.L.', 'info@iberica.comercio.004.s.l.fake', '+34 612 280 340', 'Seguridad', 'RRHH', 'rrhh@iberica.comercio.004.s.l.fake', '+34 684 188 199', NULL),
('B10000005', 'NORTE TECNOLOGÍA 005 S.L.', 'info@norte.tecnologia.005.s.l.fake', '+34 694 539 972', 'Construcción', 'RRHH', 'rrhh@norte.tecnologia.005.s.l.fake', '+34 687 415 541', NULL),
('B10000006', 'CENTRAL COMERCIO 006 S.L.', 'info@central.comercio.006.s.l.fake', '+34 649 935 316', 'Logística', 'RRHH', 'rrhh@central.comercio.006.s.l.fake', '+34 685 266 502', 'Empresa colaboradora.'),
('B10000007', 'EXPERTA GESTIÓN 007 S.L.', 'info@experta.gestion.007.s.l.fake', '+34 614 462 353', 'Logística', 'RRHH', 'rrhh@experta.gestion.007.s.l.fake', '+34 687 406 362', NULL),
('B10000008', 'NORTE SOLUCIONES 008 S.L.', 'info@norte.soluciones.008.s.l.fake', '+34 683 951 778', 'Limpieza', 'RRHH', 'rrhh@norte.soluciones.008.s.l.fake', '+34 698 707 499', NULL),
('B10000009', 'NUEVA GESTIÓN 009 S.L.', 'info@nueva.gestion.009.s.l.fake', '+34 633 142 026', 'Atención al cliente', 'RRHH', 'rrhh@nueva.gestion.009.s.l.fake', '+34 695 526 322', NULL),
('B10000010', 'CENTRAL LOGÍSTICA 010 S.L.', 'info@central.logistica.010.s.l.fake', '+34 616 817 488', 'Comercio', 'RRHH', 'rrhh@central.logistica.010.s.l.fake', '+34 689 450 025', NULL),
('B10000011', 'URBANA HOSTELERÍA 011 S.L.', 'info@urbana.hosteleria.011.s.l.fake', '+34 695 633 378', 'Hostelería', 'RRHH', 'rrhh@urbana.hosteleria.011.s.l.fake', '+34 657 669 701', NULL),
('B10000012', 'IBÉRICA LOGÍSTICA 012 S.L.', 'info@iberica.logistica.012.s.l.fake', '+34 615 448 990', 'Comercio', 'RRHH', 'rrhh@iberica.logistica.012.s.l.fake', '+34 688 116 098', 'Empresa colaboradora.'),
('B10000013', 'GLOBAL DISTRIBUCIÓN 013 S.L.', 'info@global.distribucion.013.s.l.fake', '+34 655 866 623', 'Sanidad', 'RRHH', 'rrhh@global.distribucion.013.s.l.fake', '+34 644 144 416', NULL),
('B10000014', 'URBANA COMERCIO 014 S.L.', 'info@urbana.comercio.014.s.l.fake', '+34 608 250 853', 'Limpieza', 'RRHH', 'rrhh@urbana.comercio.014.s.l.fake', '+34 643 685 895', NULL),
('B10000015', 'NORTE TECNOLOGÍA 015 S.L.', 'info@norte.tecnologia.015.s.l.fake', '+34 673 881 035', 'Logística', 'RRHH', 'rrhh@norte.tecnologia.015.s.l.fake', '+34 676 286 861', NULL),
('B10000016', 'NORTE DISTRIBUCIÓN 016 S.L.', 'info@norte.distribucion.016.s.l.fake', '+34 642 136 661', 'Administración', 'RRHH', 'rrhh@norte.distribucion.016.s.l.fake', '+34 610 081 119', NULL),
('B10000017', 'NUEVA TECNOLOGÍA 017 S.L.', 'info@nueva.tecnologia.017.s.l.fake', '+34 684 743 372', 'Limpieza', 'RRHH', 'rrhh@nueva.tecnologia.017.s.l.fake', '+34 643 229 502', NULL),
('B10000018', 'CENTRAL DISTRIBUCIÓN 018 S.L.', 'info@central.distribucion.018.s.l.fake', '+34 695 243 707', 'Limpieza', 'RRHH', 'rrhh@central.distribucion.018.s.l.fake', '+34 697 760 788', NULL),
('B10000019', 'GLOBAL LOGÍSTICA 019 S.L.', 'info@global.logistica.019.s.l.fake', '+34 686 009 081', 'Tecnología', 'RRHH', 'rrhh@global.logistica.019.s.l.fake', '+34 692 565 350', 'Empresa colaboradora.'),
('B10000020', 'NUEVA COMERCIO 020 S.L.', 'info@nueva.comercio.020.s.l.fake', '+34 631 373 593', 'Sanidad', 'RRHH', 'rrhh@nueva.comercio.020.s.l.fake', '+34 650 608 692', NULL),
('B10000021', 'URBANA COMERCIO 021 S.L.', 'info@urbana.comercio.021.s.l.fake', '+34 628 899 098', 'Comercio', 'RRHH', 'rrhh@urbana.comercio.021.s.l.fake', '+34 641 826 725', NULL),
('B10000022', 'URBANA COMERCIO 022 S.L.', 'info@urbana.comercio.022.s.l.fake', '+34 663 431 198', 'Seguridad', 'RRHH', 'rrhh@urbana.comercio.022.s.l.fake', '+34 646 743 044', NULL),
('B10000023', 'URBANA SERVICIOS 023 S.L.', 'info@urbana.servicios.023.s.l.fake', '+34 687 558 334', 'Seguridad', 'RRHH', 'rrhh@urbana.servicios.023.s.l.fake', '+34 634 000 927', NULL),
('B10000024', 'EXPERTA SERVICIOS 024 S.L.', 'info@experta.servicios.024.s.l.fake', '+34 638 355 696', 'Limpieza', 'RRHH', 'rrhh@experta.servicios.024.s.l.fake', '+34 624 051 091', NULL),
('B10000025', 'EXPERTA TECNOLOGÍA 025 S.L.', 'info@experta.tecnologia.025.s.l.fake', '+34 650 045 166', 'Sanidad', 'RRHH', 'rrhh@experta.tecnologia.025.s.l.fake', '+34 649 532 719', NULL),
('B10000026', 'GLOBAL SERVICIOS 026 S.L.', 'info@global.servicios.026.s.l.fake', '+34 676 329 605', 'Seguridad', 'RRHH', 'rrhh@global.servicios.026.s.l.fake', '+34 688 516 697', 'Empresa colaboradora.'),
('B10000027', 'EXPERTA COMERCIO 027 S.L.', 'info@experta.comercio.027.s.l.fake', '+34 657 949 520', 'Tecnología', 'RRHH', 'rrhh@experta.comercio.027.s.l.fake', '+34 628 513 772', NULL),
('B10000028', 'NUEVA GESTIÓN 028 S.L.', 'info@nueva.gestion.028.s.l.fake', '+34 625 273 044', 'Hostelería', 'RRHH', 'rrhh@nueva.gestion.028.s.l.fake', '+34 645 690 166', NULL),
('B10000029', 'ALFA DISTRIBUCIÓN 029 S.L.', 'info@alfa.distribucion.029.s.l.fake', '+34 662 769 363', 'Atención al cliente', 'RRHH', 'rrhh@alfa.distribucion.029.s.l.fake', '+34 688 016 431', 'Empresa colaboradora.'),
('B10000030', 'CENTRAL TECNOLOGÍA 030 S.L.', 'info@central.tecnologia.030.s.l.fake', '+34 699 891 673', 'Tecnología', 'RRHH', 'rrhh@central.tecnologia.030.s.l.fake', '+34 663 879 821', NULL);

INSERT INTO vacancies (company_id, title, sector, description, requirements, status, created_at) VALUES
(1, 'Atención al cliente', 'Atención al cliente', 'Atención al cliente en NORTE COMERCIO 001 S.L.. Incorporación inmediata.', NULL, 'open', '2025-12-07 10:26:41'),
(1, 'Atención al cliente', 'Atención al cliente', 'Atención al cliente en NORTE COMERCIO 001 S.L.. Incorporación inmediata.', NULL, 'open', '2025-01-05 15:33:05'),
(2, 'Celador/a', 'Sanidad', 'Celador/a en URBANA HOSTELERÍA 002 S.L.. Incorporación inmediata.', 'Responsabilidad, puntualidad y ganas de aprender.', 'open', '2025-11-16 09:08:26'),
(2, 'Auxiliar de clínica', 'Sanidad', 'Auxiliar de clínica en URBANA HOSTELERÍA 002 S.L.. Incorporación inmediata.', 'Responsabilidad, puntualidad y ganas de aprender.', 'closed', '2025-07-27 11:41:36'),
(2, 'Recepcionista centro médico', 'Sanidad', 'Recepcionista centro médico en URBANA HOSTELERÍA 002 S.L.. Incorporación inmediata.', NULL, 'open', '2024-12-23 17:42:23'),
(3, 'Peón de obra', 'Construcción', 'Peón de obra en ALFA GESTIÓN 003 S.L.. Incorporación inmediata.', NULL, 'open', '2024-09-20 12:18:47'),
(3, 'Peón de obra', 'Construcción', 'Peón de obra en ALFA GESTIÓN 003 S.L.. Incorporación inmediata.', 'Responsabilidad, puntualidad y ganas de aprender.', 'open', '2024-10-07 13:51:43'),
(4, 'Auxiliar de seguridad', 'Seguridad', 'Auxiliar de seguridad en IBÉRICA COMERCIO 004 S.L.. Incorporación inmediata.', NULL, 'open', '2025-10-13 12:53:38'),
(4, 'Control de accesos', 'Seguridad', 'Control de accesos en IBÉRICA COMERCIO 004 S.L.. Incorporación inmediata.', 'Responsabilidad, puntualidad y ganas de aprender.', 'open', '2025-02-07 12:59:12'),
(5, 'Peón de obra', 'Construcción', 'Peón de obra en NORTE TECNOLOGÍA 005 S.L.. Incorporación inmediata.', 'Responsabilidad, puntualidad y ganas de aprender.', 'open', '2025-12-24 11:05:46'),
(5, 'Ayudante de mantenimiento', 'Construcción', 'Ayudante de mantenimiento en NORTE TECNOLOGÍA 005 S.L.. Incorporación inmediata.', 'Responsabilidad, puntualidad y ganas de aprender.', 'open', '2025-11-12 16:14:27'),
(5, 'Peón de obra', 'Construcción', 'Peón de obra en NORTE TECNOLOGÍA 005 S.L.. Incorporación inmediata.', 'Responsabilidad, puntualidad y ganas de aprender.', 'open', '2025-08-21 11:17:27'),
(6, 'Repartidor/a', 'Logística', 'Repartidor/a en CENTRAL COMERCIO 006 S.L.. Incorporación inmediata.', 'Responsabilidad, puntualidad y ganas de aprender.', 'closed', '2024-12-29 14:16:33'),
(6, 'Operario/a de almacén', 'Logística', 'Operario/a de almacén en CENTRAL COMERCIO 006 S.L.. Incorporación inmediata.', 'Responsabilidad, puntualidad y ganas de aprender.', 'open', '2025-07-08 17:04:56'),
(6, 'Repartidor/a', 'Logística', 'Repartidor/a en CENTRAL COMERCIO 006 S.L.. Incorporación inmediata.', 'Responsabilidad, puntualidad y ganas de aprender.', 'open', '2025-01-14 16:44:16'),
(7, 'Auxiliar de logística', 'Logística', 'Auxiliar de logística en EXPERTA GESTIÓN 007 S.L.. Incorporación inmediata.', 'Responsabilidad, puntualidad y ganas de aprender.', 'open', '2025-01-30 11:09:06'),
(7, 'Repartidor/a', 'Logística', 'Repartidor/a en EXPERTA GESTIÓN 007 S.L.. Incorporación inmediata.', 'Responsabilidad, puntualidad y ganas de aprender.', 'open', '2025-11-15 11:55:21'),
(8, 'Cristalero/a', 'Limpieza', 'Cristalero/a en NORTE SOLUCIONES 008 S.L.. Incorporación inmediata.', 'Responsabilidad, puntualidad y ganas de aprender.', 'open', '2025-01-23 16:26:45'),
(8, 'Personal de limpieza', 'Limpieza', 'Personal de limpieza en NORTE SOLUCIONES 008 S.L.. Incorporación inmediata.', 'Responsabilidad, puntualidad y ganas de aprender.', 'open', '2025-07-09 18:18:22'),
(8, 'Cristalero/a', 'Limpieza', 'Cristalero/a en NORTE SOLUCIONES 008 S.L.. Incorporación inmediata.', 'Responsabilidad, puntualidad y ganas de aprender.', 'open', '2025-06-07 14:05:50'),
(9, 'Atención al cliente', 'Atención al cliente', 'Atención al cliente en NUEVA GESTIÓN 009 S.L.. Incorporación inmediata.', 'Responsabilidad, puntualidad y ganas de aprender.', 'open', '2025-10-20 14:35:28'),
(9, 'Gestor/a de incidencias', 'Atención al cliente', 'Gestor/a de incidencias en NUEVA GESTIÓN 009 S.L.. Incorporación inmediata.', 'Responsabilidad, puntualidad y ganas de aprender.', 'open', '2025-04-14 14:24:51'),
(10, 'Mozo/a almacén', 'Comercio', 'Mozo/a almacén en CENTRAL LOGÍSTICA 010 S.L.. Incorporación inmediata.', NULL, 'closed', '2025-02-15 14:29:37'),
(10, 'Visual merchandiser junior', 'Comercio', 'Visual merchandiser junior en CENTRAL LOGÍSTICA 010 S.L.. Incorporación inmediata.', 'Responsabilidad, puntualidad y ganas de aprender.', 'open', '2025-04-30 14:51:58'),
(11, 'Ayudante de cocina', 'Hostelería', 'Ayudante de cocina en URBANA HOSTELERÍA 011 S.L.. Incorporación inmediata.', 'Responsabilidad, puntualidad y ganas de aprender.', 'open', '2024-11-28 10:06:49'),
(11, 'Recepcionista hotel', 'Hostelería', 'Recepcionista hotel en URBANA HOSTELERÍA 011 S.L.. Incorporación inmediata.', 'Responsabilidad, puntualidad y ganas de aprender.', 'open', '2024-10-12 10:38:43'),
(11, 'Camarero/a', 'Hostelería', 'Camarero/a en URBANA HOSTELERÍA 011 S.L.. Incorporación inmediata.', NULL, 'open', '2025-10-25 13:40:04'),
(12, 'Mozo/a almacén', 'Comercio', 'Mozo/a almacén en IBÉRICA LOGÍSTICA 012 S.L.. Incorporación inmediata.', 'Responsabilidad, puntualidad y ganas de aprender.', 'open', '2025-01-19 12:46:44'),
(12, 'Dependiente/a', 'Comercio', 'Dependiente/a en IBÉRICA LOGÍSTICA 012 S.L.. Incorporación inmediata.', NULL, 'open', '2026-01-27 14:45:55'),
(13, 'Recepcionista centro médico', 'Sanidad', 'Recepcionista centro médico en GLOBAL DISTRIBUCIÓN 013 S.L.. Incorporación inmediata.', NULL, 'open', '2025-03-20 13:31:50'),
(13, 'Celador/a', 'Sanidad', 'Celador/a en GLOBAL DISTRIBUCIÓN 013 S.L.. Incorporación inmediata.', 'Responsabilidad, puntualidad y ganas de aprender.', 'open', '2024-08-29 15:11:29'),
(13, 'Auxiliar de clínica', 'Sanidad', 'Auxiliar de clínica en GLOBAL DISTRIBUCIÓN 013 S.L.. Incorporación inmediata.', 'Responsabilidad, puntualidad y ganas de aprender.', 'open', '2025-06-10 13:07:04'),
(14, 'Personal de limpieza', 'Limpieza', 'Personal de limpieza en URBANA COMERCIO 014 S.L.. Incorporación inmediata.', 'Responsabilidad, puntualidad y ganas de aprender.', 'closed', '2025-11-01 15:59:39'),
(14, 'Operario/a limpieza', 'Limpieza', 'Operario/a limpieza en URBANA COMERCIO 014 S.L.. Incorporación inmediata.', NULL, 'closed', '2025-12-08 13:39:35'),
(15, 'Auxiliar de logística', 'Logística', 'Auxiliar de logística en NORTE TECNOLOGÍA 015 S.L.. Incorporación inmediata.', 'Responsabilidad, puntualidad y ganas de aprender.', 'open', '2026-01-01 12:27:41'),
(15, 'Operario/a de almacén', 'Logística', 'Operario/a de almacén en NORTE TECNOLOGÍA 015 S.L.. Incorporación inmediata.', 'Responsabilidad, puntualidad y ganas de aprender.', 'open', '2025-03-12 11:58:30'),
(16, 'Recepcionista', 'Administración', 'Recepcionista en NORTE DISTRIBUCIÓN 016 S.L.. Incorporación inmediata.', 'Responsabilidad, puntualidad y ganas de aprender.', 'open', '2025-11-11 16:24:46'),
(16, 'Auxiliar administrativo/a', 'Administración', 'Auxiliar administrativo/a en NORTE DISTRIBUCIÓN 016 S.L.. Incorporación inmediata.', 'Responsabilidad, puntualidad y ganas de aprender.', 'open', '2025-07-29 16:12:12'),
(16, 'Recepcionista', 'Administración', 'Recepcionista en NORTE DISTRIBUCIÓN 016 S.L.. Incorporación inmediata.', NULL, 'open', '2025-09-13 14:49:31'),
(17, 'Cristalero/a', 'Limpieza', 'Cristalero/a en NUEVA TECNOLOGÍA 017 S.L.. Incorporación inmediata.', 'Responsabilidad, puntualidad y ganas de aprender.', 'open', '2025-06-11 14:24:26'),
(17, 'Cristalero/a', 'Limpieza', 'Cristalero/a en NUEVA TECNOLOGÍA 017 S.L.. Incorporación inmediata.', 'Responsabilidad, puntualidad y ganas de aprender.', 'closed', '2025-06-09 10:12:52'),
(17, 'Cristalero/a', 'Limpieza', 'Cristalero/a en NUEVA TECNOLOGÍA 017 S.L.. Incorporación inmediata.', NULL, 'open', '2024-09-04 18:23:32'),
(18, 'Personal de limpieza', 'Limpieza', 'Personal de limpieza en CENTRAL DISTRIBUCIÓN 018 S.L.. Incorporación inmediata.', 'Responsabilidad, puntualidad y ganas de aprender.', 'open', '2024-12-19 10:37:43'),
(18, 'Personal de limpieza', 'Limpieza', 'Personal de limpieza en CENTRAL DISTRIBUCIÓN 018 S.L.. Incorporación inmediata.', NULL, 'closed', '2025-05-08 14:48:13'),
(18, 'Operario/a limpieza', 'Limpieza', 'Operario/a limpieza en CENTRAL DISTRIBUCIÓN 018 S.L.. Incorporación inmediata.', 'Responsabilidad, puntualidad y ganas de aprender.', 'open', '2025-01-08 09:07:25'),
(19, 'Soporte técnico', 'Tecnología', 'Soporte técnico en GLOBAL LOGÍSTICA 019 S.L.. Incorporación inmediata.', NULL, 'open', '2024-12-09 12:05:15'),
(19, 'Soporte técnico', 'Tecnología', 'Soporte técnico en GLOBAL LOGÍSTICA 019 S.L.. Incorporación inmediata.', NULL, 'open', '2025-08-04 18:29:44'),
(20, 'Auxiliar de clínica', 'Sanidad', 'Auxiliar de clínica en NUEVA COMERCIO 020 S.L.. Incorporación inmediata.', 'Responsabilidad, puntualidad y ganas de aprender.', 'open', '2025-09-01 18:51:38'),
(20, 'Recepcionista centro médico', 'Sanidad', 'Recepcionista centro médico en NUEVA COMERCIO 020 S.L.. Incorporación inmediata.', NULL, 'closed', '2024-11-10 08:13:31'),
(21, 'Dependiente/a', 'Comercio', 'Dependiente/a en URBANA COMERCIO 021 S.L.. Incorporación inmediata.', NULL, 'open', '2025-01-12 16:27:55'),
(21, 'Visual merchandiser junior', 'Comercio', 'Visual merchandiser junior en URBANA COMERCIO 021 S.L.. Incorporación inmediata.', 'Responsabilidad, puntualidad y ganas de aprender.', 'closed', '2025-06-05 08:51:14'),
(21, 'Dependiente/a', 'Comercio', 'Dependiente/a en URBANA COMERCIO 021 S.L.. Incorporación inmediata.', 'Responsabilidad, puntualidad y ganas de aprender.', 'open', '2025-09-17 13:27:05'),
(22, 'Control de accesos', 'Seguridad', 'Control de accesos en URBANA COMERCIO 022 S.L.. Incorporación inmediata.', 'Responsabilidad, puntualidad y ganas de aprender.', 'closed', '2024-12-14 14:27:15'),
(22, 'Control de accesos', 'Seguridad', 'Control de accesos en URBANA COMERCIO 022 S.L.. Incorporación inmediata.', NULL, 'closed', '2025-06-10 10:59:49'),
(22, 'Control de accesos', 'Seguridad', 'Control de accesos en URBANA COMERCIO 022 S.L.. Incorporación inmediata.', 'Responsabilidad, puntualidad y ganas de aprender.', 'closed', '2025-10-11 15:10:00'),
(23, 'Vigilante (sin arma)', 'Seguridad', 'Vigilante (sin arma) en URBANA SERVICIOS 023 S.L.. Incorporación inmediata.', 'Responsabilidad, puntualidad y ganas de aprender.', 'open', '2025-12-18 11:22:32'),
(23, 'Auxiliar de seguridad', 'Seguridad', 'Auxiliar de seguridad en URBANA SERVICIOS 023 S.L.. Incorporación inmediata.', NULL, 'closed', '2024-12-04 17:40:34'),
(23, 'Vigilante (sin arma)', 'Seguridad', 'Vigilante (sin arma) en URBANA SERVICIOS 023 S.L.. Incorporación inmediata.', NULL, 'open', '2024-08-21 16:17:41'),
(24, 'Personal de limpieza', 'Limpieza', 'Personal de limpieza en EXPERTA SERVICIOS 024 S.L.. Incorporación inmediata.', 'Responsabilidad, puntualidad y ganas de aprender.', 'open', '2024-08-14 11:02:26'),
(24, 'Personal de limpieza', 'Limpieza', 'Personal de limpieza en EXPERTA SERVICIOS 024 S.L.. Incorporación inmediata.', NULL, 'open', '2024-11-13 15:05:11'),
(24, 'Operario/a limpieza', 'Limpieza', 'Operario/a limpieza en EXPERTA SERVICIOS 024 S.L.. Incorporación inmediata.', 'Responsabilidad, puntualidad y ganas de aprender.', 'closed', '2025-09-26 08:30:56'),
(25, 'Recepcionista centro médico', 'Sanidad', 'Recepcionista centro médico en EXPERTA TECNOLOGÍA 025 S.L.. Incorporación inmediata.', NULL, 'open', '2024-09-13 17:47:21'),
(25, 'Recepcionista centro médico', 'Sanidad', 'Recepcionista centro médico en EXPERTA TECNOLOGÍA 025 S.L.. Incorporación inmediata.', 'Responsabilidad, puntualidad y ganas de aprender.', 'open', '2025-07-26 15:52:10'),
(26, 'Auxiliar de seguridad', 'Seguridad', 'Auxiliar de seguridad en GLOBAL SERVICIOS 026 S.L.. Incorporación inmediata.', 'Responsabilidad, puntualidad y ganas de aprender.', 'open', '2024-10-27 12:35:53'),
(26, 'Vigilante (sin arma)', 'Seguridad', 'Vigilante (sin arma) en GLOBAL SERVICIOS 026 S.L.. Incorporación inmediata.', NULL, 'open', '2025-12-24 14:54:32'),
(27, 'Helpdesk', 'Tecnología', 'Helpdesk en EXPERTA COMERCIO 027 S.L.. Incorporación inmediata.', NULL, 'open', '2024-11-25 16:01:08'),
(27, 'Helpdesk', 'Tecnología', 'Helpdesk en EXPERTA COMERCIO 027 S.L.. Incorporación inmediata.', 'Responsabilidad, puntualidad y ganas de aprender.', 'open', '2024-08-14 13:22:11'),
(27, 'Soporte técnico', 'Tecnología', 'Soporte técnico en EXPERTA COMERCIO 027 S.L.. Incorporación inmediata.', NULL, 'open', '2025-04-02 08:51:39'),
(28, 'Recepcionista hotel', 'Hostelería', 'Recepcionista hotel en NUEVA GESTIÓN 028 S.L.. Incorporación inmediata.', NULL, 'open', '2024-08-14 18:35:35'),
(28, 'Ayudante de cocina', 'Hostelería', 'Ayudante de cocina en NUEVA GESTIÓN 028 S.L.. Incorporación inmediata.', 'Responsabilidad, puntualidad y ganas de aprender.', 'closed', '2025-10-30 18:21:49'),
(29, 'Gestor/a de incidencias', 'Atención al cliente', 'Gestor/a de incidencias en ALFA DISTRIBUCIÓN 029 S.L.. Incorporación inmediata.', NULL, 'closed', '2025-09-14 08:47:15'),
(29, 'Teleoperador/a', 'Atención al cliente', 'Teleoperador/a en ALFA DISTRIBUCIÓN 029 S.L.. Incorporación inmediata.', 'Responsabilidad, puntualidad y ganas de aprender.', 'open', '2025-11-09 12:46:21'),
(30, 'Operador/a de datos', 'Tecnología', 'Operador/a de datos en CENTRAL TECNOLOGÍA 030 S.L.. Incorporación inmediata.', 'Responsabilidad, puntualidad y ganas de aprender.', 'open', '2024-09-29 08:44:34'),
(30, 'Soporte técnico', 'Tecnología', 'Soporte técnico en CENTRAL TECNOLOGÍA 030 S.L.. Incorporación inmediata.', 'Responsabilidad, puntualidad y ganas de aprender.', 'closed', '2025-12-20 17:40:25'),
(30, 'Operador/a de datos', 'Tecnología', 'Operador/a de datos en CENTRAL TECNOLOGÍA 030 S.L.. Incorporación inmediata.', 'Responsabilidad, puntualidad y ganas de aprender.', 'closed', '2025-09-12 10:05:14');

INSERT INTO course_itineraries (course_code, itinerary_name) VALUES
('25EMHA01', 'AYUDANTE DE CAMARERO'),
('25EMHA02', 'AYUDANTE DE COCINA'),
('25EMHA03', 'AYUDANTE DE COCINA'),
('25EMHA04', 'AYUDANTE DE COCINA'),
('25EMHA05', 'AYUDANTE DE CAMARERO'),
('25EMHA06', 'AYUDANTE DE COCINA'),
('25EMHA07', 'AYUDANTE DE COCINA'),
('25EMHA08', 'ATENCION AL CLIENTE EN BARRA Y TIENDA'),
('25EMHA09', 'CdP OPERACIONES BÁSICAS COCINA'),
('25EMHA10', 'COCINA AVANZADA'),
('25EMHA11', 'SERVICIO DE SALA ESPECIALIZADO'),
('25EMHA13', 'AYUDANTE DE CAMARERO'),
('25EMHA14', 'OPERARIO DE DESPIECE'),
('25EMHA15', 'AYUDANTE DE COCINA'),
('25EMHA16', 'AYUDANTE DE CATERING'),
('25EMHA17', 'OPERARIO DE CARNICERIA'),
('25EMHA18', 'OPERARIO DE PESCADERIA'),
('25EMHA20', 'AYUDANTE BARRA Y SALA PASTELERÍA'),
('25EMHA21', 'AYUDANTE DE COCINA'),
('25EMHA22', 'AYUDANTE DE COCINA'),
('25EMHA23', 'AYUDANTE BARRA PASTELERIA'),
('25EMHA24', 'AYUDANTE BARRA PASTELERIA'),
('25EMHA25', 'AYUDANTE CAMARERO'),
('25EMHA26', 'AYUDANTE PANADERÍA Y PASTELERÍA'),
('25EMHA27', 'AYUDANTE PANADERÍA Y PASTELERÍA'),
('25EMHA28', 'OPERARIO DE CARNICERIA'),
('25EMHA29', 'AYUDANTE COCINA'),
('26EMHA01', 'AYUDANTE COCINA'),
('26EMHA02', 'AYUDANTE COCINA'),
('26EMHA03', 'AYUDANTE PANADERÍA Y PASTELERÍA'),
('26EMHA04', 'AYUDANTE SALA Y BARRA'),
('26EMHA05', 'AYUDANTE DE CARNICERIA'),
('26EMHA06', 'AYUDANTE COCINA Y SERVICIO DE MOSTRADOR'),
('26EMHA07', 'ATENCIÓN AL CLIENTE EN SERVICIO DE BARRA Y TIENDA'),
('26EMHA08', 'ELABORACION DE PLATOS, FAST FOOD Y CATERING'),
('26EMHA09', 'AYUDANTE PANADERIA Y PASTELERIA'),
('26EMHA10', 'AYUDANTE SALA Y BARRA'),
('26EMHA11', 'AYUDANTE COCINA'),
('26EMHA12', 'OPERARIO DE CARNICERIA');

INSERT INTO municipalities (code, name) VALUES
(1, 'Madrid'),
(2, 'Alcalá de Henares'),
(3, 'Móstoles'),
(4, 'Getafe'),
(5, 'Alcorcón'),
(6, 'Leganés'),
(7, 'Fuenlabrada'),
(8, 'Alcobendas');

INSERT INTO districts (code, municipality_code, name) VALUES
(1, 1, 'Centro'),
(2, 1, 'Tetuán'),
(3, 1, 'Chamartín'),
(4, 1, 'Salamanca'),
(5, 1, 'Retiro'),
(6, 1, 'Arganzuela'),
(7, 1, 'Carabanchel'),
(8, 1, 'Latina'),
(9, 1, 'Usera'),
(10, 1, 'Villaverde'),
(11, 1, 'Fuencarral-El Pardo'),
(12, 1, 'Ciudad Lineal'),
(13, 1, 'Hortaleza'),
(14, 1, 'Moratalaz'),
(15, 1, 'San Blas-Canillejas'),
(16, 1, 'Barajas'),
(17, 1, 'Puente de Vallecas'),
(18, 1, 'Villa de Vallecas'),
(19, 1, 'Vicálvaro'),
(20, 2, 'Centro'),
(21, 2, 'Reyes Católicos'),
(22, 2, 'Espartales'),
(23, 3, 'Centro'),
(24, 3, 'Norte Universidad'),
(25, 4, 'Centro'),
(26, 4, 'Sector III'),
(27, 5, 'Centro'),
(28, 5, 'Parque Lisboa'),
(29, 6, 'Centro'),
(30, 6, 'Zarzaquemada'),
(31, 7, 'Centro'),
(32, 7, 'Loranca'),
(33, 8, 'Centro'),
(34, 8, 'Valdelasfuentes');

INSERT INTO students (first_names, last_names, dni_nie, social_security_number, birth_date, sex, district_code, municipality_code, phone, email, notes) VALUES
('Óscar', 'Muñoz', '30000001C', '01 84505146 23', '1996-11-22', 'mujer', 9, 1, '698079752', 'oscar.munoz001@example.com', NULL),
('Paula', 'Sánchez', '30000002K', '19 95851499 86', '2003-06-06', 'mujer', 25, 4, '610839001', 'paula.sanchez002@example.com', 'Seguimiento recomendado.'),
('Laura', 'Hernández Romero', '30000003E', '18 66070330 42', '1991-04-17', 'hombre', 23, 3, '635391143', 'laura.hernandez003@example.com', NULL),
('Adrián', 'Delgado García', '30000004T', '11 26160046 80', '1990-02-05', 'hombre', 28, 5, '671354880', 'adrian.delgado004@example.com', 'Seguimiento recomendado.'),
('Lucía', 'Muñoz Rubio', '30000005R', '32 84705394 75', '2003-03-30', 'mujer', 11, 1, '675828465', 'lucia.munoz005@example.com', 'Seguimiento recomendado.'),
('Hugo', 'Gil', '30000006W', '50 10109099 99', '1996-03-08', 'mujer', 9, 1, '672102382', 'hugo.gil006@example.com', NULL),
('Lucía Elena', 'Fernández', '30000007A', '31 79345623 29', '1999-05-24', 'hombre', 2, 1, '635362562', 'lucia.fernandez007@example.com', NULL),
('Antonio', 'Morales García', '30000008G', '52 79556189 63', '2000-09-16', 'mujer', 7, 1, '671402889', 'antonio.morales008@example.com', NULL),
('Carlos Laura', 'Torres', '30000009M', '03 24916818 65', '1995-02-04', 'mujer', 29, 6, '663393456', 'carlos.torres009@example.com', NULL),
('Javier', 'Pérez Rodríguez', '30000010Y', '21 65671901 59', '1996-10-12', 'hombre', 19, 1, '652927021', 'javier.perez010@example.com', NULL),
('Nuria Hugo', 'Delgado', '30000011F', '15 33158795 73', '2002-07-29', 'hombre', 18, 1, '616174442', 'nuria.delgado011@example.com', NULL),
('Carmen Isabel', 'Castro Ramos', '30000012P', '41 23279931 88', '1996-05-13', 'hombre', 12, 1, '608402888', 'carmen.castro012@example.com', NULL),
('Diego Óscar', 'Navarro Marín', '30000013D', '07 22174788 56', '2002-09-11', 'hombre', 7, 1, '679604174', 'diego.navarro013@example.com', NULL),
('Beatriz Alejandro', 'Muñoz Vázquez', '30000014X', '16 27213512 37', '2004-05-30', 'mujer', 12, 1, '605353557', 'beatriz.munoz014@example.com', NULL),
('Marta', 'Serrano', '30000015B', '49 52983668 24', '1997-02-16', 'hombre', 20, 2, '691520982', 'marta.serrano015@example.com', NULL),
('María', 'Gil García', '30000016N', '03 61647663 43', '2001-11-28', 'mujer', 13, 1, '689183295', 'maria.gil016@example.com', NULL),
('Lucía Daniel', 'Rodríguez Romero', '30000017J', '15 34302187 45', '1997-02-23', 'mujer', 7, 1, '675852687', 'lucia.rodriguez017@example.com', NULL),
('Miguel', 'Gómez', '30000018Z', '29 99850210 91', '2003-07-16', 'mujer', 18, 1, '601566883', 'miguel.gomez018@example.com', NULL),
('Adrián Adrián', 'Molina Vázquez', '30000019S', '19 45619705 80', '1999-03-09', 'hombre', 4, 1, '621900844', 'adrian.molina019@example.com', NULL),
('Adrián Diego', 'Rubio', '30000020Q', '51 60626790 66', '1996-04-23', 'hombre', 34, 8, '689851978', 'adrian.rubio020@example.com', NULL),
('Noelia', 'Ortega Torres', '30000021V', '24 99149011 44', '2004-02-21', 'hombre', 15, 1, '620239102', 'noelia.ortega021@example.com', NULL),
('Patricia', 'González', '30000022H', '49 12625055 90', '1992-05-08', 'mujer', 8, 1, '660780345', 'patricia.gonzalez022@example.com', NULL),
('Celia', 'Díaz', '30000023L', '21 74484930 13', '1991-11-23', 'hombre', 7, 1, '644651597', 'celia.diaz023@example.com', NULL),
('Carmen Paula', 'Torres Alonso', '30000024C', '12 29564418 72', '2002-07-19', 'mujer', 9, 1, '699690895', 'carmen.torres024@example.com', 'Seguimiento recomendado.'),
('Rocío', 'Muñoz Gutiérrez', '30000025K', '51 45247441 86', '1997-08-02', 'mujer', 10, 1, '634014163', 'rocio.munoz025@example.com', NULL),
('Noelia', 'Alonso', '30000026E', '02 36267068 37', '2003-03-16', 'mujer', 19, 1, '633852869', 'noelia.alonso026@example.com', NULL),
('Nuria', 'Ramos', '30000027T', '27 20154049 56', '2002-11-16', 'hombre', 14, 1, '666131771', 'nuria.ramos027@example.com', 'Seguimiento recomendado.'),
('Beatriz Raúl', 'Muñoz', '30000028R', '22 92705430 20', '1990-02-18', 'hombre', 18, 1, '684660399', 'beatriz.munoz028@example.com', NULL),
('Paula Adrián', 'Gómez', '30000029W', '39 62917943 90', '2001-05-24', 'mujer', 13, 1, '682335494', 'paula.gomez029@example.com', 'Seguimiento recomendado.'),
('Eva', 'Fernández', '30000030A', '30 51279400 28', '1995-09-13', 'mujer', 24, 3, '663552631', 'eva.fernandez030@example.com', NULL),
('David Alejandro', 'Vázquez', '30000031G', '31 76275730 47', '1997-09-08', 'hombre', 22, 2, '678644335', 'david.vazquez031@example.com', NULL),
('Miguel', 'Romero Ortega', '30000032M', '46 31718584 42', '1991-06-10', 'hombre', 11, 1, '627918386', 'miguel.romero032@example.com', NULL),
('María Paula', 'Rubio', '30000033Y', '40 34708214 80', '2000-07-18', 'hombre', 1, 1, '662446711', 'maria.rubio033@example.com', NULL),
('Antonio', 'Fernández Romero', '30000034F', '35 99435453 10', '1996-02-21', 'mujer', 29, 6, '681371134', 'antonio.fernandez034@example.com', 'Seguimiento recomendado.'),
('Eva', 'Rubio Gómez', '30000035P', '46 82753021 16', '1993-01-11', 'hombre', 10, 1, '663114597', 'eva.rubio035@example.com', NULL),
('Alejandro Beatriz', 'Hernández Romero', '30000036D', '20 54671694 82', '1990-01-06', 'mujer', 15, 1, '610643154', 'alejandro.hernandez036@example.com', NULL),
('María Laura', 'López', '30000037X', '04 80999954 66', '1991-05-12', 'mujer', 23, 3, '643508610', 'maria.lopez037@example.com', NULL),
('Nuria Víctor', 'Gutiérrez Gutiérrez', '30000038B', '47 59261697 65', '1992-04-01', 'mujer', 2, 1, '611382902', 'nuria.gutierrez038@example.com', NULL),
('Daniel', 'Castro Molina', '30000039N', '04 15123790 33', '2004-08-14', 'hombre', 34, 8, '607004372', 'daniel.castro039@example.com', NULL),
('Cristina', 'Sánchez', '30000040J', '50 75363710 89', '1996-03-24', 'mujer', 15, 1, '683116927', 'cristina.sanchez040@example.com', NULL),
('Paula Irene', 'Fernández', '30000041Z', '23 10241950 06', '2001-11-09', 'hombre', 31, 7, '630649450', 'paula.fernandez041@example.com', NULL),
('María', 'Álvarez Pérez', '30000042S', '52 61608764 99', '1996-07-03', 'mujer', 17, 1, '631422244', 'maria.alvarez042@example.com', NULL),
('Laura Jorge', 'Ortega', '30000043Q', '24 68511093 66', '2000-06-23', 'mujer', 11, 1, '698486580', 'laura.ortega043@example.com', NULL),
('Miguel', 'Molina', '30000044V', '52 58287915 82', '2001-09-08', 'mujer', 23, 3, '688390417', 'miguel.molina044@example.com', NULL),
('Carlos', 'Ramos Hernández', '30000045H', '08 39366903 96', '1995-07-26', 'hombre', 5, 1, '600596987', 'carlos.ramos045@example.com', NULL),
('David', 'Sánchez', '30000046L', '31 60333794 79', '1998-02-09', 'mujer', 25, 4, '608324817', 'david.sanchez046@example.com', NULL),
('Elena', 'Castro', '30000047C', '17 77267541 73', '1998-11-20', 'hombre', 6, 1, '655236866', 'elena.castro047@example.com', NULL),
('Noelia', 'Fernández Rubio', '30000048K', '03 93919691 61', '2001-07-18', 'mujer', 5, 1, '694514413', 'noelia.fernandez048@example.com', NULL),
('Hugo', 'García Fernández', '30000049E', '41 14312492 59', '1994-08-11', 'hombre', 18, 1, '656977512', 'hugo.garcia049@example.com', NULL),
('Isabel Rocío', 'Vázquez Torres', '30000050T', '40 55402787 18', '2004-03-27', 'hombre', 5, 1, '634995750', 'isabel.vazquez050@example.com', NULL),
('Noelia', 'Gil Torres', '30000051R', '38 17704528 36', '1995-05-31', 'mujer', 19, 1, '680589512', 'noelia.gil051@example.com', NULL),
('Laura Irene', 'Serrano Gómez', '30000052W', '01 17167434 94', '1995-08-10', 'mujer', 2, 1, '611394227', 'laura.serrano052@example.com', NULL),
('Álvaro Carmen', 'Rubio Rodríguez', '30000053A', '10 58623969 05', '2002-04-08', 'hombre', 29, 6, '603193483', 'alvaro.rubio053@example.com', NULL),
('Lucía Irene', 'López Molina', '30000054G', '02 98197025 72', '1996-06-22', 'hombre', 16, 1, '647977029', 'lucia.lopez054@example.com', NULL),
('Hugo Javier', 'Castro Serrano', '30000055M', '11 66074193 86', '2003-11-01', 'hombre', 18, 1, '664768828', 'hugo.castro055@example.com', NULL),
('Beatriz', 'Serrano', '30000056Y', '38 85490392 08', '1997-01-07', 'mujer', 5, 1, '631905017', 'beatriz.serrano056@example.com', NULL),
('Miguel', 'Serrano', '30000057F', '16 88538006 84', '1995-06-02', 'hombre', 6, 1, '615005444', 'miguel.serrano057@example.com', NULL),
('Hugo', 'Castro', '30000058P', '35 10644513 33', '1996-10-20', 'hombre', 13, 1, '639817311', 'hugo.castro058@example.com', NULL),
('Diego Rocío', 'Hernández Gil', '30000059D', '49 38468883 33', '2003-03-12', 'hombre', 32, 7, '624783094', 'diego.hernandez059@example.com', 'Seguimiento recomendado.'),
('Miguel', 'Delgado', '30000060X', '12 22191960 16', '2004-10-18', 'mujer', 18, 1, '688532719', 'miguel.delgado060@example.com', NULL),
('Víctor Alejandro', 'Domínguez Fernández', '30000061B', '47 85404228 49', '1994-10-18', 'hombre', 14, 1, '668046973', 'victor.dominguez061@example.com', 'Seguimiento recomendado.'),
('Nuria', 'Romero Castro', '30000062N', '38 95369392 44', '1994-06-17', 'hombre', 5, 1, '627540145', 'nuria.romero062@example.com', NULL),
('David', 'Rodríguez González', '30000063J', '27 24733762 08', '2004-03-17', 'mujer', 14, 1, '614082992', 'david.rodriguez063@example.com', NULL),
('Javier', 'Ramos', '30000064Z', '33 92032961 07', '2003-08-14', 'hombre', 31, 7, '638184343', 'javier.ramos064@example.com', NULL),
('Jorge', 'Navarro Torres', '30000065S', '16 88771393 29', '2003-07-30', 'hombre', 33, 8, '621059367', 'jorge.navarro065@example.com', NULL),
('Patricia Lucía', 'Gómez', '30000066Q', '18 13394474 10', '1990-09-11', 'mujer', 1, 1, '620410699', 'patricia.gomez066@example.com', NULL),
('Adrián', 'Fernández Serrano', '30000067V', '44 53352206 26', '1994-06-22', 'mujer', 2, 1, '696378820', 'adrian.fernandez067@example.com', NULL),
('Irene', 'González García', '30000068H', '38 14705651 95', '1990-12-02', 'hombre', 8, 1, '687004516', 'irene.gonzalez068@example.com', NULL),
('Antonio', 'Fernández Marín', '30000069L', '13 56711948 75', '1997-03-07', 'mujer', 14, 1, '677072366', 'antonio.fernandez069@example.com', 'Seguimiento recomendado.'),
('María Noelia', 'Pérez', '30000070C', '28 38452118 27', '1999-05-23', 'hombre', 18, 1, '674053053', 'maria.perez070@example.com', NULL),
('Antonio', 'Ramos', '30000071K', '05 44634357 06', '1991-05-17', 'hombre', 6, 1, '685107530', 'antonio.ramos071@example.com', NULL),
('Jorge', 'Díaz', '30000072E', '45 22367979 57', '1991-03-17', 'mujer', 7, 1, '609424259', 'jorge.diaz072@example.com', NULL),
('Daniel', 'Romero', '30000073T', '07 98410036 31', '2001-09-06', 'mujer', 17, 1, '620672921', 'daniel.romero073@example.com', NULL),
('Lucía', 'Díaz Pérez', '30000074R', '40 81176516 15', '1994-07-13', 'hombre', 5, 1, '694198170', 'lucia.diaz074@example.com', NULL),
('Cristina', 'García Gutiérrez', '30000075W', '04 29028199 50', '1993-01-08', 'mujer', 13, 1, '691149797', 'cristina.garcia075@example.com', NULL),
('Celia', 'González Gil', '30000076A', '17 19797213 98', '2001-04-19', 'hombre', 16, 1, '691828035', 'celia.gonzalez076@example.com', NULL),
('David', 'Sánchez Delgado', '30000077G', '05 49203705 88', '1991-12-03', 'hombre', 22, 2, '601448357', 'david.sanchez077@example.com', NULL),
('Patricia', 'Molina', '30000078M', '37 38772891 86', '1995-08-08', 'hombre', 27, 5, '685142683', 'patricia.molina078@example.com', NULL),
('Álvaro Noelia', 'Hernández', '30000079Y', '45 38313104 24', '2004-05-02', 'hombre', 7, 1, '601661891', 'alvaro.hernandez079@example.com', NULL),
('Javier', 'Sánchez', '30000080F', '06 35924954 08', '1998-02-11', 'hombre', 25, 4, '603725557', 'javier.sanchez080@example.com', 'Seguimiento recomendado.'),
('Rocío', 'Torres', '30000081P', '16 59930612 04', '1997-09-07', 'mujer', 15, 1, '684399404', 'rocio.torres081@example.com', NULL),
('Laura', 'Morales Rodríguez', '30000082D', '17 96322547 77', '2004-05-30', 'mujer', 10, 1, '651953453', 'laura.morales082@example.com', NULL),
('Ainhoa María', 'Delgado', '30000083X', '20 12332519 53', '2001-06-22', 'mujer', 16, 1, '686038598', 'ainhoa.delgado083@example.com', NULL),
('Celia María', 'Romero Ramos', '30000084B', '27 90618876 97', '2000-04-04', 'hombre', 15, 1, '603193744', 'celia.romero084@example.com', NULL),
('Alejandro Celia', 'Castro', '30000085N', '35 10218508 50', '2002-06-16', 'hombre', 12, 1, '680854743', 'alejandro.castro085@example.com', NULL),
('Carmen', 'Díaz', '30000086J', '31 70924386 84', '2000-12-27', 'hombre', 3, 1, '617392303', 'carmen.diaz086@example.com', NULL),
('Víctor Patricia', 'Ortega Castro', '30000087Z', '25 79238803 67', '2004-12-09', 'hombre', 26, 4, '629451881', 'victor.ortega087@example.com', NULL),
('Raúl Javier', 'Serrano', '30000088S', '09 92901008 35', '1998-02-18', 'hombre', 4, 1, '643522572', 'raul.serrano088@example.com', NULL),
('Irene Adrián', 'Marín Gutiérrez', '30000089Q', '39 38117208 20', '2004-05-10', 'mujer', 7, 1, '669962500', 'irene.marin089@example.com', NULL),
('Raúl', 'Castro Gómez', '30000090V', '11 59051172 04', '2003-03-28', 'mujer', 31, 7, '635163114', 'raul.castro090@example.com', 'Seguimiento recomendado.'),
('Elena', 'Torres', '30000091H', '16 64285526 96', '2000-11-10', 'mujer', 18, 1, '633477985', 'elena.torres091@example.com', NULL),
('Beatriz', 'Alonso Alonso', '30000092L', '44 91141913 39', '1994-10-26', 'hombre', 16, 1, '691004578', 'beatriz.alonso092@example.com', NULL),
('Carmen', 'Castro', '30000093C', '41 94532173 31', '2001-03-06', 'hombre', 30, 6, '630267698', 'carmen.castro093@example.com', NULL),
('Víctor', 'Vázquez', '30000094K', '18 75029696 41', '1995-08-06', 'hombre', 14, 1, '658902305', 'victor.vazquez094@example.com', NULL),
('Hugo', 'Álvarez Torres', '30000095E', '18 54915509 10', '1995-09-27', 'hombre', 1, 1, '694320994', 'hugo.alvarez095@example.com', NULL),
('María Elena', 'Serrano Morales', '30000096T', '38 31641167 62', '1992-03-24', 'mujer', 3, 1, '679113534', 'maria.serrano096@example.com', NULL),
('Álvaro Víctor', 'Castro', '30000097R', '18 87433398 44', '1998-09-10', 'mujer', 33, 8, '651050758', 'alvaro.castro097@example.com', NULL),
('Paula Marta', 'Alonso', '30000098W', '25 11959693 22', '2000-04-15', 'mujer', 23, 3, '676674721', 'paula.alonso098@example.com', 'Seguimiento recomendado.'),
('Isabel Ainhoa', 'Vázquez', '30000099A', '37 24888356 26', '2000-07-22', 'mujer', 6, 1, '651898107', 'isabel.vazquez099@example.com', NULL),
('Miguel Alejandro', 'Domínguez Romero', '30000100G', '27 55809385 11', '2000-03-01', 'hombre', 4, 1, '633717532', 'miguel.dominguez100@example.com', 'Seguimiento recomendado.');

INSERT INTO course_itinerary_students (course_code, expediente, dni_nie) VALUES
('26EMHA11', '26EMHA11_0001', '30000001C'),
('25EMHA07', '25EMHA07_0002', '30000002K'),
('26EMHA10', '26EMHA10_0003', '30000003E'),
('25EMHA06', '25EMHA06_0004', '30000003E'),
('25EMHA20', '25EMHA20_0005', '30000004T'),
('26EMHA08', '26EMHA08_0006', '30000004T'),
('26EMHA05', '26EMHA05_0007', '30000005R'),
('25EMHA14', '25EMHA14_0008', '30000006W'),
('26EMHA01', '26EMHA01_0009', '30000006W'),
('25EMHA04', '25EMHA04_0010', '30000007A'),
('25EMHA26', '25EMHA26_0011', '30000008G'),
('26EMHA05', '26EMHA05_0012', '30000009M'),
('25EMHA22', '25EMHA22_0013', '30000010Y'),
('25EMHA24', '25EMHA24_0014', '30000011F'),
('25EMHA04', '25EMHA04_0015', '30000011F'),
('25EMHA16', '25EMHA16_0016', '30000012P'),
('25EMHA24', '25EMHA24_0017', '30000012P'),
('25EMHA22', '25EMHA22_0018', '30000013D'),
('25EMHA02', '25EMHA02_0019', '30000014X'),
('25EMHA18', '25EMHA18_0020', '30000015B'),
('25EMHA16', '25EMHA16_0021', '30000015B'),
('25EMHA25', '25EMHA25_0022', '30000016N'),
('25EMHA26', '25EMHA26_0023', '30000017J'),
('25EMHA10', '25EMHA10_0024', '30000018Z'),
('25EMHA17', '25EMHA17_0025', '30000019S'),
('25EMHA08', '25EMHA08_0026', '30000020Q'),
('25EMHA14', '25EMHA14_0027', '30000021V'),
('25EMHA16', '25EMHA16_0028', '30000022H'),
('25EMHA24', '25EMHA24_0029', '30000022H'),
('25EMHA10', '25EMHA10_0030', '30000023L'),
('26EMHA07', '26EMHA07_0031', '30000023L'),
('26EMHA04', '26EMHA04_0032', '30000024C'),
('25EMHA05', '25EMHA05_0033', '30000025K'),
('26EMHA01', '26EMHA01_0034', '30000025K'),
('26EMHA06', '26EMHA06_0035', '30000026E'),
('25EMHA18', '25EMHA18_0036', '30000026E'),
('26EMHA08', '26EMHA08_0037', '30000027T'),
('25EMHA25', '25EMHA25_0038', '30000028R'),
('26EMHA02', '26EMHA02_0039', '30000028R'),
('25EMHA10', '25EMHA10_0040', '30000029W'),
('26EMHA03', '26EMHA03_0041', '30000030A'),
('26EMHA06', '26EMHA06_0042', '30000030A'),
('25EMHA27', '25EMHA27_0043', '30000031G'),
('26EMHA06', '26EMHA06_0044', '30000031G'),
('25EMHA08', '25EMHA08_0045', '30000032M'),
('25EMHA08', '25EMHA08_0046', '30000033Y'),
('26EMHA01', '26EMHA01_0047', '30000034F'),
('26EMHA01', '26EMHA01_0048', '30000035P'),
('25EMHA01', '25EMHA01_0049', '30000035P'),
('25EMHA25', '25EMHA25_0050', '30000036D'),
('25EMHA13', '25EMHA13_0051', '30000036D'),
('26EMHA07', '26EMHA07_0052', '30000037X'),
('26EMHA03', '26EMHA03_0053', '30000037X'),
('25EMHA10', '25EMHA10_0054', '30000038B'),
('25EMHA01', '25EMHA01_0055', '30000038B'),
('26EMHA09', '26EMHA09_0056', '30000039N'),
('25EMHA20', '25EMHA20_0057', '30000039N'),
('25EMHA20', '25EMHA20_0058', '30000040J'),
('26EMHA07', '26EMHA07_0059', '30000041Z'),
('26EMHA03', '26EMHA03_0060', '30000041Z'),
('25EMHA20', '25EMHA20_0061', '30000042S'),
('25EMHA01', '25EMHA01_0062', '30000042S'),
('25EMHA29', '25EMHA29_0063', '30000043Q'),
('26EMHA09', '26EMHA09_0064', '30000044V'),
('25EMHA03', '25EMHA03_0065', '30000044V'),
('26EMHA10', '26EMHA10_0066', '30000045H'),
('25EMHA13', '25EMHA13_0067', '30000046L'),
('25EMHA04', '25EMHA04_0068', '30000047C'),
('25EMHA02', '25EMHA02_0069', '30000048K'),
('26EMHA04', '26EMHA04_0070', '30000049E'),
('25EMHA08', '25EMHA08_0071', '30000050T'),
('25EMHA14', '25EMHA14_0072', '30000051R'),
('25EMHA27', '25EMHA27_0073', '30000052W'),
('25EMHA14', '25EMHA14_0074', '30000053A'),
('26EMHA08', '26EMHA08_0075', '30000054G'),
('25EMHA14', '25EMHA14_0076', '30000054G'),
('25EMHA13', '25EMHA13_0077', '30000055M'),
('25EMHA08', '25EMHA08_0078', '30000056Y'),
('25EMHA24', '25EMHA24_0079', '30000056Y'),
('26EMHA05', '26EMHA05_0080', '30000057F'),
('25EMHA24', '25EMHA24_0081', '30000058P'),
('26EMHA07', '26EMHA07_0082', '30000059D'),
('26EMHA11', '26EMHA11_0083', '30000060X'),
('25EMHA06', '25EMHA06_0084', '30000061B'),
('25EMHA04', '25EMHA04_0085', '30000062N'),
('26EMHA03', '26EMHA03_0086', '30000062N'),
('25EMHA28', '25EMHA28_0087', '30000063J'),
('26EMHA12', '26EMHA12_0088', '30000064Z'),
('26EMHA08', '26EMHA08_0089', '30000065S'),
('25EMHA16', '25EMHA16_0090', '30000066Q'),
('25EMHA29', '25EMHA29_0091', '30000066Q'),
('25EMHA20', '25EMHA20_0092', '30000067V'),
('26EMHA11', '26EMHA11_0093', '30000067V'),
('25EMHA23', '25EMHA23_0094', '30000068H'),
('25EMHA10', '25EMHA10_0095', '30000069L'),
('25EMHA02', '25EMHA02_0096', '30000070C'),
('26EMHA11', '26EMHA11_0097', '30000070C'),
('25EMHA09', '25EMHA09_0098', '30000071K'),
('25EMHA01', '25EMHA01_0099', '30000071K'),
('26EMHA05', '26EMHA05_0100', '30000072E'),
('26EMHA01', '26EMHA01_0101', '30000073T'),
('26EMHA06', '26EMHA06_0102', '30000073T'),
('26EMHA01', '26EMHA01_0103', '30000074R'),
('25EMHA22', '25EMHA22_0104', '30000075W'),
('25EMHA06', '25EMHA06_0105', '30000075W'),
('26EMHA12', '26EMHA12_0106', '30000076A'),
('25EMHA02', '25EMHA02_0107', '30000077G'),
('26EMHA04', '26EMHA04_0108', '30000078M'),
('26EMHA11', '26EMHA11_0109', '30000078M'),
('26EMHA10', '26EMHA10_0110', '30000079Y'),
('25EMHA28', '25EMHA28_0111', '30000080F'),
('25EMHA18', '25EMHA18_0112', '30000081P'),
('25EMHA05', '25EMHA05_0113', '30000082D'),
('26EMHA04', '26EMHA04_0114', '30000082D'),
('25EMHA29', '25EMHA29_0115', '30000083X'),
('26EMHA11', '26EMHA11_0116', '30000083X'),
('26EMHA05', '26EMHA05_0117', '30000084B'),
('25EMHA16', '25EMHA16_0118', '30000085N'),
('25EMHA08', '25EMHA08_0119', '30000086J'),
('25EMHA13', '25EMHA13_0120', '30000087Z'),
('25EMHA05', '25EMHA05_0121', '30000088S'),
('26EMHA07', '26EMHA07_0122', '30000089Q'),
('25EMHA11', '25EMHA11_0123', '30000090V'),
('25EMHA27', '25EMHA27_0124', '30000091H'),
('25EMHA26', '25EMHA26_0125', '30000092L'),
('25EMHA08', '25EMHA08_0126', '30000093C'),
('25EMHA07', '25EMHA07_0127', '30000093C'),
('26EMHA02', '26EMHA02_0128', '30000094K'),
('25EMHA08', '25EMHA08_0129', '30000095E'),
('25EMHA26', '25EMHA26_0130', '30000096T'),
('26EMHA11', '26EMHA11_0131', '30000096T'),
('25EMHA21', '25EMHA21_0132', '30000097R'),
('25EMHA14', '25EMHA14_0133', '30000098W'),
('25EMHA11', '25EMHA11_0134', '30000099A'),
('25EMHA25', '25EMHA25_0135', '30000100G');

INSERT INTO documents (student_id, type, url, uploaded_at) VALUES
(39, 'cv', 'https://files.example.com/cv/student-39.pdf', '2026-01-10 18:20:10'),
(36, 'cv', 'https://files.example.com/cv/student-36.pdf', '2026-01-15 17:50:59'),
(50, 'cv', 'https://files.example.com/cv/student-50.pdf', '2025-11-13 09:17:52'),
(42, 'cv', 'https://files.example.com/cv/student-42.pdf', '2025-11-25 12:44:37'),
(81, 'cv', 'https://files.example.com/cv/student-81.pdf', '2025-12-18 14:59:03'),
(19, 'cv', 'https://files.example.com/cv/student-19.pdf', '2025-12-21 12:43:59'),
(34, 'cv', 'https://files.example.com/cv/student-34.pdf', '2026-01-09 10:58:56'),
(41, 'cv', 'https://files.example.com/cv/student-41.pdf', '2025-11-07 16:00:17'),
(71, 'cv', 'https://files.example.com/cv/student-71.pdf', '2025-12-28 10:22:30'),
(44, 'cv', 'https://files.example.com/cv/student-44.pdf', '2026-01-30 10:09:53'),
(94, 'cv', 'https://files.example.com/cv/student-94.pdf', '2026-01-24 17:19:31'),
(40, 'cv', 'https://files.example.com/cv/student-40.pdf', '2025-11-26 16:46:56'),
(12, 'cv', 'https://files.example.com/cv/student-12.pdf', '2025-11-01 08:35:13'),
(60, 'cv', 'https://files.example.com/cv/student-60.pdf', '2025-12-20 17:26:44'),
(49, 'cv', 'https://files.example.com/cv/student-49.pdf', '2025-11-13 16:16:51'),
(66, 'cv', 'https://files.example.com/cv/student-66.pdf', '2025-11-05 10:39:58'),
(97, 'cv', 'https://files.example.com/cv/student-97.pdf', '2025-11-15 12:29:07'),
(7, 'cv', 'https://files.example.com/cv/student-7.pdf', '2026-01-09 15:50:43'),
(100, 'cv', 'https://files.example.com/cv/student-100.pdf', '2026-01-15 15:10:18'),
(88, 'cv', 'https://files.example.com/cv/student-88.pdf', '2025-12-13 10:20:18'),
(82, 'cv', 'https://files.example.com/cv/student-82.pdf', '2026-01-07 12:52:15'),
(28, 'cv', 'https://files.example.com/cv/student-28.pdf', '2026-01-20 14:38:56'),
(56, 'cv', 'https://files.example.com/cv/student-56.pdf', '2026-01-10 13:45:15'),
(74, 'cv', 'https://files.example.com/cv/student-74.pdf', '2025-11-03 08:29:10'),
(83, 'cv', 'https://files.example.com/cv/student-83.pdf', '2025-11-10 08:28:35'),
(31, 'cv', 'https://files.example.com/cv/student-31.pdf', '2025-12-04 17:13:12'),
(2, 'cv', 'https://files.example.com/cv/student-2.pdf', '2026-01-16 18:16:57'),
(61, 'cv', 'https://files.example.com/cv/student-61.pdf', '2025-11-29 09:59:57'),
(27, 'cv', 'https://files.example.com/cv/student-27.pdf', '2026-01-31 14:02:45'),
(59, 'cv', 'https://files.example.com/cv/student-59.pdf', '2025-12-17 08:09:55'),
(26, 'cv', 'https://files.example.com/cv/student-26.pdf', '2025-12-08 13:29:10'),
(14, 'cv', 'https://files.example.com/cv/student-14.pdf', '2025-12-12 16:49:58'),
(38, 'cv', 'https://files.example.com/cv/student-38.pdf', '2026-01-22 18:23:58'),
(95, 'cv', 'https://files.example.com/cv/student-95.pdf', '2026-01-25 18:11:48'),
(6, 'cv', 'https://files.example.com/cv/student-6.pdf', '2025-11-05 17:48:12'),
(16, 'cv', 'https://files.example.com/cv/student-16.pdf', '2026-01-08 18:16:19'),
(48, 'cv', 'https://files.example.com/cv/student-48.pdf', '2026-01-10 18:30:45'),
(65, 'cv', 'https://files.example.com/cv/student-65.pdf', '2025-11-21 15:23:45'),
(22, 'cv', 'https://files.example.com/cv/student-22.pdf', '2025-11-01 13:18:33'),
(76, 'cv', 'https://files.example.com/cv/student-76.pdf', '2025-11-17 10:56:39'),
(93, 'cv', 'https://files.example.com/cv/student-93.pdf', '2025-12-19 12:34:47'),
(4, 'cv', 'https://files.example.com/cv/student-4.pdf', '2025-12-13 15:07:39'),
(63, 'cv', 'https://files.example.com/cv/student-63.pdf', '2026-01-11 14:46:46'),
(80, 'cv', 'https://files.example.com/cv/student-80.pdf', '2025-11-04 10:46:02'),
(20, 'cv', 'https://files.example.com/cv/student-20.pdf', '2025-12-31 18:01:43'),
(17, 'cv', 'https://files.example.com/cv/student-17.pdf', '2026-01-09 11:12:10'),
(21, 'cv', 'https://files.example.com/cv/student-21.pdf', '2026-01-01 13:48:17'),
(86, 'cv', 'https://files.example.com/cv/student-86.pdf', '2025-12-12 08:11:42'),
(3, 'cv', 'https://files.example.com/cv/student-3.pdf', '2026-01-05 16:37:58'),
(18, 'cv', 'https://files.example.com/cv/student-18.pdf', '2026-01-18 14:54:35'),
(13, 'cv', 'https://files.example.com/cv/student-13.pdf', '2025-12-06 08:51:15'),
(62, 'cv', 'https://files.example.com/cv/student-62.pdf', '2026-01-23 13:04:55'),
(32, 'cv', 'https://files.example.com/cv/student-32.pdf', '2026-01-24 14:32:35'),
(30, 'cv', 'https://files.example.com/cv/student-30.pdf', '2026-01-02 11:01:36'),
(98, 'cv', 'https://files.example.com/cv/student-98.pdf', '2025-12-24 18:19:15'),
(10, 'cv', 'https://files.example.com/cv/student-10.pdf', '2026-01-21 11:54:47'),
(75, 'cv', 'https://files.example.com/cv/student-75.pdf', '2026-01-08 08:24:58'),
(33, 'cv', 'https://files.example.com/cv/student-33.pdf', '2026-01-23 13:57:09'),
(67, 'cv', 'https://files.example.com/cv/student-67.pdf', '2025-12-09 17:34:15'),
(69, 'cv', 'https://files.example.com/cv/student-69.pdf', '2025-12-06 13:47:01'),
(72, 'cv', 'https://files.example.com/cv/student-72.pdf', '2025-12-11 08:20:45'),
(11, 'cv', 'https://files.example.com/cv/student-11.pdf', '2025-12-15 15:45:12'),
(37, 'cv', 'https://files.example.com/cv/student-37.pdf', '2025-11-12 09:01:16'),
(46, 'cv', 'https://files.example.com/cv/student-46.pdf', '2025-12-17 16:28:47'),
(15, 'cv', 'https://files.example.com/cv/student-15.pdf', '2025-12-26 11:02:37'),
(47, 'cv', 'https://files.example.com/cv/student-47.pdf', '2025-11-26 08:12:35'),
(87, 'cv', 'https://files.example.com/cv/student-87.pdf', '2025-12-23 16:10:18'),
(52, 'cv', 'https://files.example.com/cv/student-52.pdf', '2026-01-30 17:31:33'),
(25, 'cv', 'https://files.example.com/cv/student-25.pdf', '2026-01-09 08:53:03'),
(84, 'cv', 'https://files.example.com/cv/student-84.pdf', '2025-12-21 18:51:49'),
(90, 'cv', 'https://files.example.com/cv/student-90.pdf', '2026-01-14 13:45:05'),
(68, 'cv', 'https://files.example.com/cv/student-68.pdf', '2026-01-07 15:15:48'),
(92, 'cv', 'https://files.example.com/cv/student-92.pdf', '2026-01-21 08:56:14'),
(55, 'cv', 'https://files.example.com/cv/student-55.pdf', '2025-12-23 10:05:52'),
(43, 'cv', 'https://files.example.com/cv/student-43.pdf', '2025-12-31 18:41:54');

INSERT INTO student_courses (student_id, title, description, institution, start_date, end_date) VALUES
(1, 'Ofimática', 'Formación en ofimática.', 'Aula Digital', '2025-11-09', '2026-01-31'),
(1, 'Excel Básico', 'Formación en excel básico.', 'Aula Digital', '2025-08-13', '2025-09-05'),
(2, 'Prevención de Riesgos Laborales', 'Formación en prevención de riesgos laborales.', 'Aula Digital', '2024-01-17', '2024-06-20'),
(3, 'Cocina Básica', 'Formación en cocina básica.', 'PRL Formación', '2024-04-18', '2025-10-04'),
(3, 'Cocina Básica', 'Formación en cocina básica.', 'PRL Formación', '2024-06-08', '2025-12-11'),
(3, 'Cocina Básica', 'Formación en cocina básica.', 'Aula Digital', '2025-07-29', '2026-01-14'),
(4, 'Cocina Básica', 'Formación en cocina básica.', 'PRL Formación', '2025-11-26', '2025-11-30'),
(4, 'Camarero/a de Sala', 'Formación en camarero/a de sala.', 'Centro de Formación Madrid', '2024-11-02', '2025-09-05'),
(5, 'Ofimática', 'Formación en ofimática.', 'Language Hub', '2025-08-08', '2026-01-29'),
(6, 'Prevención de Riesgos Laborales', 'Formación en prevención de riesgos laborales.', 'Language Hub', '2024-08-11', '2025-08-29'),
(7, 'Manipulador de Alimentos', 'Formación en manipulador de alimentos.', 'Aula Digital', '2024-04-16', '2024-10-15'),
(7, 'Logística y Almacén', 'Formación en logística y almacén.', 'Aula Digital', '2025-01-09', '2025-11-24'),
(8, 'Logística y Almacén', NULL, 'Academia Empleo', '2024-11-30', '2025-04-09'),
(9, 'Prevención de Riesgos Laborales', NULL, 'PRL Formación', '2025-10-22', '2026-01-09'),
(10, 'Dependiente/a de Comercio', NULL, 'Language Hub', '2025-05-21', '2026-01-02'),
(10, 'Manipulador de Alimentos', NULL, 'Centro de Formación Madrid', '2024-02-13', '2025-12-27'),
(11, 'Carretilla Elevadora', 'Formación en carretilla elevadora.', 'Aula Digital', '2025-10-14', '2025-11-08'),
(11, 'Prevención de Riesgos Laborales', 'Formación en prevención de riesgos laborales.', 'Language Hub', '2024-11-16', '2025-08-16'),
(11, 'Cocina Básica', 'Formación en cocina básica.', 'Academia Empleo', '2024-10-13', '2025-03-12'),
(12, 'Manipulador de Alimentos', NULL, 'Centro de Formación Madrid', '2025-09-05', '2025-10-17'),
(12, 'Ofimática', NULL, 'PRL Formación', '2025-07-08', '2025-11-10'),
(13, 'Manipulador de Alimentos', NULL, 'Language Hub', '2025-06-23', '2025-09-12'),
(13, 'Excel Básico', 'Formación en excel básico.', 'Centro de Formación Madrid', '2025-07-15', '2025-10-14'),
(14, 'Auxiliar Administrativo', 'Formación en auxiliar administrativo.', 'Centro de Formación Madrid', '2024-08-15', '2025-04-24'),
(14, 'Carretilla Elevadora', 'Formación en carretilla elevadora.', 'Language Hub', '2025-08-03', '2025-09-20'),
(14, 'Prevención de Riesgos Laborales', 'Formación en prevención de riesgos laborales.', 'Language Hub', '2025-04-14', '2025-08-20'),
(15, 'Inglés para el Empleo', 'Formación en inglés para el empleo.', 'PRL Formación', '2025-05-02', '2025-09-20'),
(15, 'Cocina Básica', 'Formación en cocina básica.', 'PRL Formación', '2025-10-03', '2026-01-23'),
(16, 'Carretilla Elevadora', 'Formación en carretilla elevadora.', 'Language Hub', '2024-11-15', '2025-03-26'),
(16, 'Auxiliar Administrativo', 'Formación en auxiliar administrativo.', 'Academia Empleo', '2024-02-15', '2024-03-25'),
(17, 'Dependiente/a de Comercio', 'Formación en dependiente/a de comercio.', 'Aula Digital', '2025-05-02', '2025-05-20'),
(17, 'Ofimática', 'Formación en ofimática.', 'Language Hub', '2024-11-11', '2025-08-19'),
(18, 'Ofimática', 'Formación en ofimática.', 'Centro de Formación Madrid', '2025-10-22', '2026-01-05'),
(18, 'Logística y Almacén', NULL, 'Centro de Formación Madrid', '2025-01-20', '2026-01-07'),
(19, 'Ofimática', NULL, 'PRL Formación', '2025-04-14', '2025-12-04'),
(19, 'Cocina Básica', 'Formación en cocina básica.', 'Aula Digital', '2024-11-21', '2025-01-20'),
(20, 'Auxiliar Administrativo', NULL, 'Centro de Formación Madrid', '2025-08-05', '2025-09-18'),
(20, 'Prevención de Riesgos Laborales', NULL, 'Centro de Formación Madrid', '2026-01-01', '2026-01-01'),
(20, 'Cocina Básica', 'Formación en cocina básica.', 'Centro de Formación Madrid', '2025-03-13', '2025-09-20'),
(21, 'Dependiente/a de Comercio', NULL, 'Centro de Formación Madrid', '2025-12-07', '2026-01-18'),
(21, 'Dependiente/a de Comercio', NULL, 'PRL Formación', '2024-12-19', '2025-02-11'),
(21, 'Camarero/a de Sala', 'Formación en camarero/a de sala.', 'Aula Digital', '2024-12-23', '2025-10-19'),
(22, 'Inglés para el Empleo', NULL, 'PRL Formación', '2025-10-14', '2026-01-01'),
(22, 'Carretilla Elevadora', 'Formación en carretilla elevadora.', 'Centro de Formación Madrid', '2024-02-24', '2024-09-25'),
(22, 'Cocina Básica', 'Formación en cocina básica.', 'Centro de Formación Madrid', '2024-09-04', '2025-09-16'),
(23, 'Dependiente/a de Comercio', 'Formación en dependiente/a de comercio.', 'Aula Digital', '2024-11-02', '2025-07-27'),
(24, 'Dependiente/a de Comercio', 'Formación en dependiente/a de comercio.', 'Centro de Formación Madrid', '2024-07-26', '2025-10-27'),
(24, 'Manipulador de Alimentos', 'Formación en manipulador de alimentos.', 'Centro de Formación Madrid', '2025-07-01', '2025-07-24'),
(25, 'Atención al Cliente', 'Formación en atención al cliente.', 'PRL Formación', '2025-05-13', '2026-01-03'),
(25, 'Camarero/a de Sala', 'Formación en camarero/a de sala.', 'Language Hub', '2024-05-14', '2024-06-08'),
(25, 'Excel Básico', NULL, 'Academia Empleo', '2025-01-29', '2025-11-30'),
(26, 'Cocina Básica', 'Formación en cocina básica.', 'Academia Empleo', '2024-07-13', '2024-12-13'),
(27, 'Prevención de Riesgos Laborales', 'Formación en prevención de riesgos laborales.', 'Centro de Formación Madrid', '2025-12-02', '2025-12-14'),
(28, 'Dependiente/a de Comercio', NULL, 'Language Hub', '2024-12-27', '2025-09-20'),
(29, 'Manipulador de Alimentos', 'Formación en manipulador de alimentos.', 'Language Hub', '2024-02-24', '2025-05-11'),
(29, 'Auxiliar Administrativo', NULL, 'Language Hub', '2025-02-13', '2026-01-17'),
(29, 'Atención al Cliente', NULL, 'Academia Empleo', '2025-01-12', '2025-03-09'),
(30, 'Dependiente/a de Comercio', 'Formación en dependiente/a de comercio.', 'Aula Digital', '2025-06-11', '2025-08-16'),
(30, 'Excel Básico', 'Formación en excel básico.', 'Aula Digital', '2025-09-05', '2026-01-18'),
(31, 'Prevención de Riesgos Laborales', 'Formación en prevención de riesgos laborales.', 'Language Hub', '2025-03-17', '2025-08-01'),
(32, 'Cocina Básica', NULL, 'Academia Empleo', '2025-06-13', '2025-09-21'),
(32, 'Cocina Básica', NULL, 'Centro de Formación Madrid', '2024-12-01', '2024-12-11'),
(33, 'Atención al Cliente', 'Formación en atención al cliente.', 'Academia Empleo', '2024-11-17', '2025-07-30'),
(34, 'Logística y Almacén', 'Formación en logística y almacén.', 'Language Hub', '2024-11-07', '2024-12-08'),
(34, 'Auxiliar Administrativo', NULL, 'PRL Formación', '2025-04-18', '2025-10-18'),
(35, 'Atención al Cliente', 'Formación en atención al cliente.', 'Aula Digital', '2024-09-10', '2025-12-03'),
(36, 'Dependiente/a de Comercio', 'Formación en dependiente/a de comercio.', 'Language Hub', '2024-05-18', '2024-10-18'),
(37, 'Atención al Cliente', 'Formación en atención al cliente.', 'Aula Digital', '2025-12-24', '2026-01-16'),
(38, 'Auxiliar Administrativo', 'Formación en auxiliar administrativo.', 'Aula Digital', '2024-01-06', '2024-10-24'),
(38, 'Camarero/a de Sala', 'Formación en camarero/a de sala.', 'Centro de Formación Madrid', '2024-08-24', '2024-12-02'),
(38, 'Dependiente/a de Comercio', NULL, 'Centro de Formación Madrid', '2026-01-11', '2026-01-27'),
(39, 'Carretilla Elevadora', 'Formación en carretilla elevadora.', 'PRL Formación', '2025-09-24', '2025-11-24'),
(39, 'Dependiente/a de Comercio', NULL, 'Language Hub', '2024-11-29', '2025-03-12'),
(40, 'Camarero/a de Sala', 'Formación en camarero/a de sala.', 'Language Hub', '2025-02-09', '2025-09-17'),
(41, 'Carretilla Elevadora', 'Formación en carretilla elevadora.', 'Centro de Formación Madrid', '2025-02-18', '2025-10-08'),
(42, 'Ofimática', NULL, 'Aula Digital', '2024-07-10', '2025-05-18'),
(42, 'Cocina Básica', 'Formación en cocina básica.', 'Aula Digital', '2024-06-13', '2025-12-26'),
(42, 'Auxiliar Administrativo', 'Formación en auxiliar administrativo.', 'Academia Empleo', '2025-03-01', '2025-04-29'),
(43, 'Excel Básico', 'Formación en excel básico.', 'Academia Empleo', '2024-01-10', '2024-09-18'),
(44, 'Excel Básico', 'Formación en excel básico.', 'Academia Empleo', '2024-09-21', '2026-01-14'),
(45, 'Excel Básico', 'Formación en excel básico.', 'Language Hub', '2025-04-25', '2026-01-17'),
(45, 'Prevención de Riesgos Laborales', 'Formación en prevención de riesgos laborales.', 'Language Hub', '2024-11-27', '2025-02-28'),
(45, 'Cocina Básica', 'Formación en cocina básica.', 'Centro de Formación Madrid', '2025-04-23', '2025-10-05'),
(46, 'Atención al Cliente', 'Formación en atención al cliente.', 'Language Hub', '2025-02-02', '2025-08-24'),
(47, 'Inglés para el Empleo', NULL, 'PRL Formación', '2024-08-11', '2025-04-10'),
(47, 'Inglés para el Empleo', NULL, 'Academia Empleo', '2025-10-17', '2025-12-10'),
(47, 'Excel Básico', NULL, 'Centro de Formación Madrid', '2024-06-26', '2024-09-27'),
(48, 'Manipulador de Alimentos', 'Formación en manipulador de alimentos.', 'Aula Digital', '2024-02-09', '2025-06-12'),
(48, 'Camarero/a de Sala', 'Formación en camarero/a de sala.', 'Centro de Formación Madrid', '2024-10-02', '2025-04-02'),
(49, 'Dependiente/a de Comercio', 'Formación en dependiente/a de comercio.', 'Centro de Formación Madrid', '2024-10-18', '2025-10-18'),
(49, 'Cocina Básica', 'Formación en cocina básica.', 'Language Hub', '2025-07-14', '2025-10-31'),
(50, 'Dependiente/a de Comercio', 'Formación en dependiente/a de comercio.', 'Aula Digital', '2025-05-23', '2025-12-10'),
(50, 'Manipulador de Alimentos', 'Formación en manipulador de alimentos.', 'Aula Digital', '2024-12-01', '2025-11-05'),
(51, 'Camarero/a de Sala', NULL, 'PRL Formación', '2025-03-28', '2025-08-26'),
(51, 'Logística y Almacén', 'Formación en logística y almacén.', 'Aula Digital', '2025-07-24', '2025-08-17'),
(52, 'Auxiliar Administrativo', 'Formación en auxiliar administrativo.', 'Academia Empleo', '2025-05-07', '2025-12-08'),
(52, 'Auxiliar Administrativo', NULL, 'PRL Formación', '2025-08-02', '2025-08-30'),
(52, 'Manipulador de Alimentos', 'Formación en manipulador de alimentos.', 'Aula Digital', '2025-11-25', '2025-12-21'),
(53, 'Ofimática', 'Formación en ofimática.', 'Aula Digital', '2024-03-23', '2024-04-16'),
(53, 'Prevención de Riesgos Laborales', NULL, 'Centro de Formación Madrid', '2025-03-20', '2025-06-18'),
(53, 'Ofimática', NULL, 'Centro de Formación Madrid', '2025-01-23', '2025-04-27'),
(54, 'Excel Básico', 'Formación en excel básico.', 'PRL Formación', '2024-09-15', '2025-04-18'),
(54, 'Camarero/a de Sala', NULL, 'Academia Empleo', '2025-02-27', '2025-12-29'),
(55, 'Dependiente/a de Comercio', 'Formación en dependiente/a de comercio.', 'Academia Empleo', '2024-05-18', '2025-05-30'),
(56, 'Cocina Básica', NULL, 'Aula Digital', '2026-01-08', '2026-01-30'),
(56, 'Inglés para el Empleo', 'Formación en inglés para el empleo.', 'Academia Empleo', '2024-02-06', '2024-11-08'),
(56, 'Auxiliar Administrativo', 'Formación en auxiliar administrativo.', 'Language Hub', '2024-05-01', '2025-04-02'),
(57, 'Camarero/a de Sala', 'Formación en camarero/a de sala.', 'Centro de Formación Madrid', '2025-10-14', '2025-12-18'),
(57, 'Cocina Básica', NULL, 'PRL Formación', '2025-10-04', '2025-11-01'),
(58, 'Ofimática', NULL, 'Academia Empleo', '2025-12-10', '2026-01-08'),
(59, 'Camarero/a de Sala', 'Formación en camarero/a de sala.', 'Aula Digital', '2024-06-07', '2026-01-09'),
(59, 'Cocina Básica', 'Formación en cocina básica.', 'Academia Empleo', '2025-11-17', '2026-01-23'),
(60, 'Excel Básico', 'Formación en excel básico.', 'Language Hub', '2025-03-12', '2025-10-22'),
(60, 'Camarero/a de Sala', 'Formación en camarero/a de sala.', 'Centro de Formación Madrid', '2025-11-04', '2025-11-08'),
(60, 'Carretilla Elevadora', NULL, 'Language Hub', '2026-01-04', '2026-01-31'),
(61, 'Manipulador de Alimentos', 'Formación en manipulador de alimentos.', 'Academia Empleo', '2025-10-03', '2025-12-19'),
(61, 'Inglés para el Empleo', 'Formación en inglés para el empleo.', 'PRL Formación', '2024-05-06', '2025-04-22'),
(62, 'Dependiente/a de Comercio', NULL, 'PRL Formación', '2025-02-14', '2025-12-09'),
(63, 'Camarero/a de Sala', 'Formación en camarero/a de sala.', 'PRL Formación', '2024-05-18', '2025-04-03'),
(63, 'Dependiente/a de Comercio', 'Formación en dependiente/a de comercio.', 'Academia Empleo', '2025-08-29', '2026-01-29'),
(63, 'Excel Básico', NULL, 'Academia Empleo', '2025-02-22', '2025-09-21'),
(64, 'Excel Básico', NULL, 'Language Hub', '2025-03-18', '2025-11-19'),
(65, 'Manipulador de Alimentos', NULL, 'Aula Digital', '2025-11-16', '2025-12-18'),
(65, 'Atención al Cliente', 'Formación en atención al cliente.', 'Aula Digital', '2024-06-15', '2025-06-10'),
(65, 'Inglés para el Empleo', 'Formación en inglés para el empleo.', 'Academia Empleo', '2024-01-28', '2024-09-30'),
(66, 'Dependiente/a de Comercio', 'Formación en dependiente/a de comercio.', 'PRL Formación', '2024-03-23', '2025-09-13'),
(66, 'Dependiente/a de Comercio', 'Formación en dependiente/a de comercio.', 'Language Hub', '2025-11-09', '2025-12-31'),
(67, 'Camarero/a de Sala', 'Formación en camarero/a de sala.', 'Language Hub', '2025-01-07', '2025-09-16'),
(67, 'Auxiliar Administrativo', 'Formación en auxiliar administrativo.', 'Centro de Formación Madrid', '2024-06-18', '2025-04-23'),
(67, 'Logística y Almacén', 'Formación en logística y almacén.', 'Aula Digital', '2024-10-13', '2026-01-31'),
(68, 'Camarero/a de Sala', NULL, 'Aula Digital', '2025-05-17', '2025-10-26'),
(69, 'Prevención de Riesgos Laborales', NULL, 'Aula Digital', '2025-10-12', '2025-10-16'),
(70, 'Ofimática', 'Formación en ofimática.', 'Academia Empleo', '2024-02-04', '2024-05-28'),
(71, 'Dependiente/a de Comercio', 'Formación en dependiente/a de comercio.', 'Aula Digital', '2025-03-16', '2025-09-17'),
(72, 'Ofimática', NULL, 'Language Hub', '2024-06-16', '2024-07-30'),
(72, 'Atención al Cliente', 'Formación en atención al cliente.', 'Centro de Formación Madrid', '2025-04-05', '2025-10-27'),
(73, 'Dependiente/a de Comercio', 'Formación en dependiente/a de comercio.', 'Language Hub', '2025-10-14', '2025-12-18'),
(74, 'Logística y Almacén', 'Formación en logística y almacén.', 'Aula Digital', '2024-08-16', '2025-01-24'),
(75, 'Prevención de Riesgos Laborales', NULL, 'Aula Digital', '2025-02-11', '2025-05-05'),
(75, 'Auxiliar Administrativo', 'Formación en auxiliar administrativo.', 'PRL Formación', '2025-06-29', '2025-10-18'),
(76, 'Dependiente/a de Comercio', 'Formación en dependiente/a de comercio.', 'Academia Empleo', '2024-11-24', '2025-08-11'),
(76, 'Atención al Cliente', NULL, 'Academia Empleo', '2025-01-26', '2025-07-01'),
(76, 'Prevención de Riesgos Laborales', 'Formación en prevención de riesgos laborales.', 'Academia Empleo', '2024-06-18', '2025-01-09'),
(77, 'Excel Básico', NULL, 'PRL Formación', '2025-12-17', '2026-01-16'),
(78, 'Auxiliar Administrativo', 'Formación en auxiliar administrativo.', 'PRL Formación', '2025-11-25', '2025-12-16'),
(78, 'Carretilla Elevadora', 'Formación en carretilla elevadora.', 'Academia Empleo', '2024-06-14', '2025-06-14'),
(79, 'Dependiente/a de Comercio', NULL, 'Aula Digital', '2025-12-29', '2026-01-31'),
(79, 'Inglés para el Empleo', NULL, 'Centro de Formación Madrid', '2025-12-27', '2026-01-21'),
(80, 'Atención al Cliente', 'Formación en atención al cliente.', 'Centro de Formación Madrid', '2024-10-25', '2025-08-12'),
(80, 'Prevención de Riesgos Laborales', NULL, 'PRL Formación', '2024-01-10', '2025-05-18'),
(81, 'Ofimática', 'Formación en ofimática.', 'Academia Empleo', '2026-01-03', '2026-01-06'),
(81, 'Manipulador de Alimentos', 'Formación en manipulador de alimentos.', 'Language Hub', '2024-07-27', '2025-07-21'),
(82, 'Logística y Almacén', NULL, 'Language Hub', '2024-03-25', '2024-04-14'),
(82, 'Prevención de Riesgos Laborales', 'Formación en prevención de riesgos laborales.', 'Language Hub', '2025-11-29', '2026-01-21'),
(83, 'Inglés para el Empleo', 'Formación en inglés para el empleo.', 'Language Hub', '2024-03-30', '2024-07-21'),
(83, 'Auxiliar Administrativo', 'Formación en auxiliar administrativo.', 'Centro de Formación Madrid', '2025-10-03', '2025-11-12'),
(84, 'Logística y Almacén', NULL, 'Language Hub', '2024-02-26', '2025-04-16'),
(84, 'Dependiente/a de Comercio', NULL, 'Language Hub', '2024-02-28', '2025-04-21'),
(85, 'Cocina Básica', 'Formación en cocina básica.', 'Language Hub', '2025-03-10', '2025-11-14'),
(85, 'Auxiliar Administrativo', 'Formación en auxiliar administrativo.', 'Academia Empleo', '2025-09-04', '2025-12-14'),
(85, 'Atención al Cliente', NULL, 'Aula Digital', '2025-07-20', '2026-01-20'),
(86, 'Excel Básico', NULL, 'Academia Empleo', '2025-09-30', '2025-10-06'),
(87, 'Excel Básico', 'Formación en excel básico.', 'PRL Formación', '2025-04-13', '2025-12-12'),
(88, 'Cocina Básica', 'Formación en cocina básica.', 'PRL Formación', '2024-11-30', '2025-08-02'),
(88, 'Excel Básico', 'Formación en excel básico.', 'Aula Digital', '2025-06-18', '2025-08-25'),
(88, 'Atención al Cliente', NULL, 'Aula Digital', '2025-11-23', '2026-01-28'),
(89, 'Excel Básico', 'Formación en excel básico.', 'Academia Empleo', '2024-07-05', '2024-10-13'),
(89, 'Logística y Almacén', 'Formación en logística y almacén.', 'Language Hub', '2025-11-19', '2026-01-01'),
(90, 'Ofimática', NULL, 'Language Hub', '2025-10-08', '2025-12-18'),
(91, 'Cocina Básica', 'Formación en cocina básica.', 'Centro de Formación Madrid', '2024-06-29', '2024-07-09'),
(91, 'Cocina Básica', 'Formación en cocina básica.', 'Centro de Formación Madrid', '2024-07-22', '2025-05-19'),
(91, 'Dependiente/a de Comercio', NULL, 'Centro de Formación Madrid', '2025-02-03', '2025-09-15'),
(92, 'Auxiliar Administrativo', 'Formación en auxiliar administrativo.', 'Language Hub', '2024-03-05', '2024-03-25'),
(93, 'Carretilla Elevadora', 'Formación en carretilla elevadora.', 'Academia Empleo', '2024-07-28', '2025-12-21'),
(93, 'Inglés para el Empleo', 'Formación en inglés para el empleo.', 'Language Hub', '2025-07-02', '2025-10-23'),
(93, 'Ofimática', NULL, 'PRL Formación', '2025-01-06', '2025-06-09'),
(94, 'Cocina Básica', 'Formación en cocina básica.', 'PRL Formación', '2024-05-21', '2025-02-08'),
(94, 'Camarero/a de Sala', NULL, 'Centro de Formación Madrid', '2024-04-06', '2025-05-20'),
(95, 'Excel Básico', NULL, 'Aula Digital', '2025-12-10', '2026-01-02'),
(95, 'Inglés para el Empleo', 'Formación en inglés para el empleo.', 'Aula Digital', '2024-02-18', '2024-05-17'),
(95, 'Logística y Almacén', 'Formación en logística y almacén.', 'Aula Digital', '2025-10-16', '2025-12-02'),
(96, 'Logística y Almacén', 'Formación en logística y almacén.', 'Language Hub', '2024-08-24', '2024-12-05'),
(96, 'Auxiliar Administrativo', NULL, 'Language Hub', '2024-12-01', '2025-07-17'),
(96, 'Dependiente/a de Comercio', NULL, 'Academia Empleo', '2025-02-03', '2025-04-14'),
(97, 'Camarero/a de Sala', NULL, 'PRL Formación', '2025-12-12', '2025-12-12'),
(97, 'Dependiente/a de Comercio', NULL, 'Academia Empleo', '2024-12-01', '2026-01-07'),
(98, 'Camarero/a de Sala', NULL, 'PRL Formación', '2024-03-24', '2024-09-19'),
(98, 'Cocina Básica', 'Formación en cocina básica.', 'Academia Empleo', '2024-06-23', '2026-01-30'),
(99, 'Ofimática', 'Formación en ofimática.', 'Centro de Formación Madrid', '2025-12-16', '2026-02-01'),
(100, 'Camarero/a de Sala', 'Formación en camarero/a de sala.', 'Centro de Formación Madrid', '2025-10-19', '2025-12-03'),
(100, 'Inglés para el Empleo', 'Formación en inglés para el empleo.', 'PRL Formación', '2024-08-30', '2024-12-27');

INSERT INTO practices (expediente, company_id, company_name, workplace, does_practices, conditions_for_practice, practice_shift, observations, start_date, end_date, attendance_days, schedule, evaluation, practice_status, leave_date) VALUES
('26EMHA11_0001', 4, 'IBÉRICA COMERCIO 004 S.L.', 'Madrid - Villaverde', 'SI', 'MEJORA DE EMPLEO', 'MAÑANA', 'Seguimiento de prácticas.', '2024-08-06', '2025-10-25', 10, 'L-V 09:00-14:00', 'ABANDONO DE LAS PRÁCTICAS', 'INTERRUMPIDAS', '2025-10-25'),
('25EMHA07_0002', NULL, NULL, NULL, 'NO', 'MEJORA DE EMPLEO', 'MAÑANA', NULL, NULL, NULL, NULL, NULL, NULL, 'NO REALIZA PRACTICAS', NULL),
('26EMHA10_0003', NULL, NULL, NULL, 'NO', 'DESEMPLEADO', 'TARDE', NULL, NULL, NULL, NULL, NULL, NULL, 'NO APTO FORMACION', NULL),
('25EMHA06_0004', 14, 'URBANA COMERCIO 014 S.L.', 'Madrid - Chamartín', 'SI', 'DESEMPLEADO', 'TARDE', 'Seguimiento de prácticas.', '2025-10-20', '2026-01-07', 12, 'L-V 09:00-14:00', 'PRACTICAS SUPERADAS', 'FINALIZADAS', NULL),
('25EMHA20_0005', 9, 'NUEVA GESTIÓN 009 S.L.', 'Madrid - Hortaleza', 'SI', 'DESEMPLEADO', 'MAÑANA', NULL, '2025-03-07', '2025-03-14', 12, 'L-V 09:00-14:00', 'PRACTICAS SUPERADAS', 'FINALIZADAS', NULL),
('26EMHA08_0006', 28, 'NUEVA GESTIÓN 028 S.L.', 'Madrid - Moratalaz', 'SI', 'MEJORA DE EMPLEO', 'INDIFERENTE', NULL, '2025-06-04', '2025-11-25', 10, 'L-V 09:00-14:00', 'PRACTICAS SUPERADAS', 'FINALIZADAS', NULL),
('26EMHA05_0007', 11, 'URBANA HOSTELERÍA 011 S.L.', 'Madrid - Villaverde', 'SI', 'DESEMPLEADO', 'INDIFERENTE', NULL, '2024-11-02', '2024-11-16', 10, 'L-V 15:00-20:00', 'PRACTICAS SUPERADAS', 'FINALIZADAS', NULL),
('25EMHA14_0008', 25, 'EXPERTA TECNOLOGÍA 025 S.L.', 'Madrid - Villaverde', 'SI', 'DESEMPLEADO', 'MAÑANA', NULL, '2024-01-24', '2024-08-19', 16, 'L-V 09:00-14:00', 'PRACTICAS SUPERADAS', 'FINALIZADAS', NULL),
('26EMHA01_0009', 16, 'NORTE DISTRIBUCIÓN 016 S.L.', 'Madrid - Carabanchel', 'SI', 'DESEMPLEADO', 'INDIFERENTE', NULL, '2024-11-12', '2025-10-04', 16, 'L-V 15:00-20:00', 'PRACTICAS SUPERADAS', 'FINALIZADAS', NULL),
('25EMHA04_0010', 5, 'NORTE TECNOLOGÍA 005 S.L.', 'Madrid - Hortaleza', 'SI', 'DESEMPLEADO', 'INDIFERENTE', NULL, '2024-05-26', '2025-12-06', 9, 'L-V 09:00-14:00', 'PRACTICAS SUPERADAS', 'FINALIZADAS', NULL),
('25EMHA26_0011', 27, 'EXPERTA COMERCIO 027 S.L.', 'Madrid - Villaverde', 'SI', 'DESEMPLEADO', 'MAÑANA', NULL, '2025-10-04', '2025-10-17', 9, 'L-V 09:00-14:00', 'PRACTICAS SUPERADAS', 'FINALIZADAS', NULL),
('26EMHA05_0012', 9, 'NUEVA GESTIÓN 009 S.L.', 'Madrid - Fuencarral-El Pardo', 'SI', 'MEJORA DE EMPLEO', 'MAÑANA', NULL, '2025-02-25', '2025-12-19', 8, 'L-V 09:00-14:00', 'PRACTICAS SUPERADAS', 'FINALIZADAS', NULL),
('25EMHA22_0013', 13, 'GLOBAL DISTRIBUCIÓN 013 S.L.', 'Madrid - Retiro', 'SI', 'DESEMPLEADO', 'MAÑANA', NULL, '2025-12-21', '2026-01-14', 12, 'L-V 15:00-20:00', 'PRACTICAS SUPERADAS', 'FINALIZADAS', NULL),
('25EMHA24_0014', 21, 'URBANA COMERCIO 021 S.L.', 'Madrid - Tetuán', 'SI', 'DESEMPLEADO', 'TARDE', NULL, '2024-10-31', '2025-07-02', 12, 'L-V 15:00-20:00', 'PRACTICAS SUPERADAS', 'FINALIZADAS', NULL),
('25EMHA04_0015', 21, 'URBANA COMERCIO 021 S.L.', 'Madrid - Villa de Vallecas', 'SI', 'DESEMPLEADO', 'MAÑANA', 'Seguimiento de prácticas.', '2024-12-19', NULL, 8, 'L-V 09:00-14:00', 'PRACTICAS SUPERADAS', 'FINALIZADAS', NULL),
('25EMHA16_0016', 1, 'NORTE COMERCIO 001 S.L.', 'Madrid - Arganzuela', 'SI', 'MEJORA DE EMPLEO', 'MAÑANA', NULL, '2025-12-21', '2026-01-05', 16, 'L-V 09:00-14:00', 'ABANDONO DE LAS PRÁCTICAS', 'INTERRUMPIDAS', '2026-01-05'),
('25EMHA24_0017', 20, 'NUEVA COMERCIO 020 S.L.', 'Madrid - Ciudad Lineal', 'SI', 'DESEMPLEADO', 'INDIFERENTE', NULL, '2024-04-14', NULL, 12, 'L-V 15:00-20:00', 'PRACTICAS SUPERADAS', 'FINALIZADAS', NULL),
('25EMHA22_0018', NULL, NULL, NULL, 'NO', 'MEJORA DE EMPLEO', 'INDIFERENTE', NULL, NULL, NULL, NULL, NULL, NULL, 'NO APTO FORMACION', NULL),
('25EMHA02_0019', 16, 'NORTE DISTRIBUCIÓN 016 S.L.', 'Madrid - Vicálvaro', 'SI', 'MEJORA DE EMPLEO', 'MAÑANA', NULL, '2025-03-14', '2025-09-27', 16, 'L-V 09:00-14:00', 'PRACTICAS SUPERADAS', 'FINALIZADAS', NULL),
('25EMHA18_0020', NULL, NULL, NULL, 'NO', 'MEJORA DE EMPLEO', 'MAÑANA', NULL, NULL, NULL, NULL, NULL, NULL, 'NO REALIZA PRACTICAS', NULL),
('25EMHA16_0021', 12, 'IBÉRICA LOGÍSTICA 012 S.L.', 'Madrid - Retiro', 'SI', 'MEJORA DE EMPLEO', 'TARDE', NULL, '2025-04-30', '2025-06-27', 10, 'L-V 15:00-20:00', 'PRACTICAS SUPERADAS', 'FINALIZADAS', NULL),
('25EMHA25_0022', 18, 'CENTRAL DISTRIBUCIÓN 018 S.L.', 'Madrid - Arganzuela', 'SI', 'MEJORA DE EMPLEO', 'INDIFERENTE', NULL, '2025-12-24', '2026-01-05', 12, 'L-V 09:00-14:00', 'PRACTICAS SUPERADAS', 'FINALIZADAS', NULL),
('25EMHA26_0023', 9, 'NUEVA GESTIÓN 009 S.L.', 'Madrid - Latina', 'SI', 'DESEMPLEADO', 'INDIFERENTE', NULL, '2024-01-28', '2024-11-08', 10, 'L-V 09:00-14:00', 'PRACTICAS SUPERADAS', 'FINALIZADAS', NULL),
('25EMHA10_0024', NULL, NULL, NULL, 'INSERCION', 'MEJORA DE EMPLEO', 'TARDE', NULL, NULL, NULL, NULL, NULL, NULL, 'INSERCION FORMACION', NULL),
('25EMHA17_0025', NULL, NULL, NULL, 'INSERCION', 'DESEMPLEADO', 'TARDE', NULL, NULL, NULL, NULL, NULL, NULL, 'INSERCION FORMACION', NULL),
('25EMHA08_0026', NULL, NULL, NULL, 'INSERCION', 'MEJORA DE EMPLEO', 'TARDE', NULL, NULL, NULL, NULL, NULL, NULL, 'INSERCION FORMACION', NULL),
('25EMHA14_0027', 8, 'NORTE SOLUCIONES 008 S.L.', 'Madrid - Tetuán', 'SI', 'MEJORA DE EMPLEO', 'TARDE', NULL, '2024-12-10', '2024-12-29', 9, 'L-V 09:00-14:00', 'PRACTICAS SUPERADAS', 'FINALIZADAS', NULL),
('25EMHA16_0028', 14, 'URBANA COMERCIO 014 S.L.', 'Madrid - Fuencarral-El Pardo', 'SI', 'DESEMPLEADO', 'TARDE', NULL, '2025-05-01', '2025-12-24', 16, 'L-V 09:00-14:00', 'PRACTICAS SUPERADAS', 'FINALIZADAS', NULL),
('25EMHA24_0029', 15, 'NORTE TECNOLOGÍA 015 S.L.', 'Madrid - Tetuán', 'SI', 'MEJORA DE EMPLEO', 'MAÑANA', 'Seguimiento de prácticas.', '2025-03-30', NULL, 12, 'L-V 15:00-20:00', 'ABANDONO DE LAS PRÁCTICAS', 'INTERRUMPIDAS', '2025-03-30'),
('25EMHA10_0030', 4, 'IBÉRICA COMERCIO 004 S.L.', 'Madrid - Chamartín', 'SI', 'MEJORA DE EMPLEO', 'MAÑANA', NULL, '2025-12-03', '2025-12-27', 8, 'L-V 15:00-20:00', 'PRACTICAS SUPERADAS', 'FINALIZADAS', NULL),
('26EMHA07_0031', 22, 'URBANA COMERCIO 022 S.L.', 'Madrid - Fuencarral-El Pardo', 'SI', 'DESEMPLEADO', 'MAÑANA', NULL, '2025-07-13', '2025-11-05', 9, 'L-V 15:00-20:00', 'PRACTICAS SUPERADAS', 'FINALIZADAS', NULL),
('26EMHA04_0032', 3, 'ALFA GESTIÓN 003 S.L.', 'Madrid - Chamartín', 'SI', 'DESEMPLEADO', 'MAÑANA', NULL, '2024-05-03', '2025-01-02', 9, 'L-V 15:00-20:00', 'PRACTICAS SUPERADAS', 'FINALIZADAS', NULL),
('25EMHA05_0033', 20, 'NUEVA COMERCIO 020 S.L.', 'Madrid - Salamanca', 'SI', 'MEJORA DE EMPLEO', 'INDIFERENTE', 'Seguimiento de prácticas.', '2024-07-25', '2025-05-27', 9, 'L-V 09:00-14:00', 'PRACTICAS SUPERADAS', 'FINALIZADAS', NULL),
('26EMHA01_0034', 21, 'URBANA COMERCIO 021 S.L.', 'Madrid - Fuencarral-El Pardo', 'SI', 'MEJORA DE EMPLEO', 'MAÑANA', NULL, '2024-08-11', NULL, 16, 'L-V 09:00-14:00', 'PRACTICAS SUPERADAS', 'FINALIZADAS', NULL),
('26EMHA06_0035', 15, 'NORTE TECNOLOGÍA 015 S.L.', 'Madrid - Chamartín', 'SI', 'MEJORA DE EMPLEO', 'INDIFERENTE', 'Seguimiento de prácticas.', '2025-09-06', NULL, 16, 'L-V 09:00-14:00', 'PRACTICAS SUPERADAS', 'FINALIZADAS', NULL),
('25EMHA18_0036', 25, 'EXPERTA TECNOLOGÍA 025 S.L.', 'Madrid - Usera', 'SI', 'DESEMPLEADO', 'INDIFERENTE', NULL, '2025-05-16', '2026-02-01', 8, 'L-V 09:00-14:00', 'PRACTICAS SUPERADAS', 'FINALIZADAS', NULL),
('26EMHA08_0037', 17, 'NUEVA TECNOLOGÍA 017 S.L.', 'Madrid - Latina', 'SI', 'MEJORA DE EMPLEO', 'TARDE', NULL, '2024-10-11', '2025-12-06', 16, 'L-V 15:00-20:00', 'PRACTICAS SUPERADAS', 'FINALIZADAS', NULL),
('25EMHA25_0038', 17, 'NUEVA TECNOLOGÍA 017 S.L.', 'Madrid - Chamartín', 'SI', 'DESEMPLEADO', 'TARDE', NULL, '2024-03-09', '2024-04-24', 9, 'L-V 15:00-20:00', 'ABANDONO DE LAS PRÁCTICAS', 'INTERRUMPIDAS', '2024-04-24'),
('26EMHA02_0039', 25, 'EXPERTA TECNOLOGÍA 025 S.L.', 'Madrid - Centro', 'SI', 'DESEMPLEADO', 'MAÑANA', NULL, '2024-09-05', '2024-12-25', 10, 'L-V 15:00-20:00', 'ABANDONO DE LAS PRÁCTICAS', 'INTERRUMPIDAS', '2024-12-25'),
('25EMHA10_0040', 21, 'URBANA COMERCIO 021 S.L.', 'Madrid - Vicálvaro', 'SI', 'MEJORA DE EMPLEO', 'TARDE', 'Seguimiento de prácticas.', '2024-03-11', '2025-12-05', 10, 'L-V 09:00-14:00', 'PRACTICAS SUPERADAS', 'FINALIZADAS', NULL),
('26EMHA03_0041', 28, 'NUEVA GESTIÓN 028 S.L.', 'Madrid - Latina', 'SI', 'MEJORA DE EMPLEO', 'TARDE', NULL, '2025-12-12', '2025-12-27', 12, 'L-V 15:00-20:00', 'PRACTICAS SUPERADAS', 'FINALIZADAS', NULL),
('26EMHA06_0042', NULL, NULL, NULL, 'NO', 'MEJORA DE EMPLEO', 'TARDE', 'Seguimiento de prácticas.', NULL, NULL, NULL, NULL, NULL, 'NO REALIZA PRACTICAS', NULL),
('25EMHA27_0043', 18, 'CENTRAL DISTRIBUCIÓN 018 S.L.', 'Madrid - Moratalaz', 'SI', 'MEJORA DE EMPLEO', 'MAÑANA', NULL, '2025-08-17', '2025-12-14', 12, 'L-V 09:00-14:00', 'PRACTICAS SUPERADAS', 'FINALIZADAS', NULL),
('26EMHA06_0044', NULL, NULL, NULL, 'INSERCION', 'DESEMPLEADO', 'INDIFERENTE', NULL, NULL, NULL, NULL, NULL, NULL, 'INSERCION FORMACION', NULL),
('25EMHA08_0045', 20, 'NUEVA COMERCIO 020 S.L.', 'Madrid - Fuencarral-El Pardo', 'SI', 'DESEMPLEADO', 'MAÑANA', NULL, '2024-01-30', '2024-10-17', 16, 'L-V 09:00-14:00', 'ABANDONO DE LAS PRÁCTICAS', 'INTERRUMPIDAS', '2024-10-17'),
('25EMHA08_0046', NULL, NULL, NULL, 'NO', 'DESEMPLEADO', 'TARDE', NULL, NULL, NULL, NULL, NULL, NULL, 'NO REALIZA PRACTICAS', NULL),
('26EMHA01_0047', 15, 'NORTE TECNOLOGÍA 015 S.L.', 'Madrid - San Blas-Canillejas', 'SI', 'DESEMPLEADO', 'TARDE', NULL, '2024-11-27', '2025-02-03', 8, 'L-V 09:00-14:00', 'PRACTICAS SUPERADAS', 'FINALIZADAS', NULL),
('26EMHA01_0048', 26, 'GLOBAL SERVICIOS 026 S.L.', 'Madrid - Moratalaz', 'SI', 'MEJORA DE EMPLEO', 'MAÑANA', NULL, '2024-12-29', '2025-06-13', 16, 'L-V 09:00-14:00', 'PRACTICAS SUPERADAS', 'FINALIZADAS', NULL),
('25EMHA01_0049', 30, 'CENTRAL TECNOLOGÍA 030 S.L.', 'Madrid - Ciudad Lineal', 'SI', 'DESEMPLEADO', 'INDIFERENTE', NULL, '2025-07-16', '2025-12-15', 12, 'L-V 09:00-14:00', 'PRACTICAS SUPERADAS', 'FINALIZADAS', NULL),
('25EMHA25_0050', 23, 'URBANA SERVICIOS 023 S.L.', 'Madrid - Salamanca', 'SI', 'MEJORA DE EMPLEO', 'INDIFERENTE', NULL, '2024-02-29', '2025-08-05', 9, 'L-V 09:00-14:00', 'ABANDONO DE LAS PRÁCTICAS', 'INTERRUMPIDAS', '2025-08-05'),
('25EMHA13_0051', 20, 'NUEVA COMERCIO 020 S.L.', 'Madrid - Villa de Vallecas', 'SI', 'MEJORA DE EMPLEO', 'MAÑANA', NULL, '2024-06-03', '2025-01-23', 16, 'L-V 09:00-14:00', 'PRACTICAS SUPERADAS', 'FINALIZADAS', NULL),
('26EMHA07_0052', 9, 'NUEVA GESTIÓN 009 S.L.', 'Madrid - Puente de Vallecas', 'SI', 'MEJORA DE EMPLEO', 'TARDE', NULL, '2025-02-17', '2025-03-25', 12, 'L-V 09:00-14:00', 'PRACTICAS SUPERADAS', 'FINALIZADAS', NULL),
('26EMHA03_0053', 29, 'ALFA DISTRIBUCIÓN 029 S.L.', 'Madrid - Fuencarral-El Pardo', 'SI', 'MEJORA DE EMPLEO', 'INDIFERENTE', NULL, '2024-06-04', '2024-07-18', 10, 'L-V 09:00-14:00', 'PRACTICAS SUPERADAS', 'FINALIZADAS', NULL),
('25EMHA10_0054', NULL, NULL, NULL, 'NO', 'DESEMPLEADO', 'TARDE', NULL, NULL, NULL, NULL, NULL, NULL, 'NO REALIZA PRACTICAS', NULL),
('25EMHA01_0055', 12, 'IBÉRICA LOGÍSTICA 012 S.L.', 'Madrid - Chamartín', 'SI', 'DESEMPLEADO', 'TARDE', NULL, '2025-07-25', '2026-01-13', 10, 'L-V 15:00-20:00', 'PRACTICAS SUPERADAS', 'FINALIZADAS', NULL),
('26EMHA09_0056', 11, 'URBANA HOSTELERÍA 011 S.L.', 'Madrid - Chamartín', 'SI', 'MEJORA DE EMPLEO', 'INDIFERENTE', NULL, '2024-05-08', NULL, 10, 'L-V 09:00-14:00', 'ABANDONO DE LAS PRÁCTICAS', 'INTERRUMPIDAS', '2024-05-08'),
('25EMHA20_0057', NULL, NULL, NULL, 'NO', 'DESEMPLEADO', 'TARDE', NULL, NULL, NULL, NULL, NULL, NULL, 'NO REALIZA PRACTICAS', NULL),
('25EMHA20_0058', NULL, NULL, NULL, 'NO', 'DESEMPLEADO', 'MAÑANA', NULL, NULL, NULL, NULL, NULL, NULL, 'NO REALIZA PRACTICAS', NULL),
('26EMHA07_0059', 6, 'CENTRAL COMERCIO 006 S.L.', 'Madrid - Puente de Vallecas', 'SI', 'MEJORA DE EMPLEO', 'INDIFERENTE', NULL, '2024-02-05', '2024-06-21', 16, 'L-V 15:00-20:00', 'PRACTICAS SUPERADAS', 'FINALIZADAS', NULL),
('26EMHA03_0060', 15, 'NORTE TECNOLOGÍA 015 S.L.', 'Madrid - Chamartín', 'SI', 'MEJORA DE EMPLEO', 'TARDE', NULL, '2025-01-25', '2025-12-26', 16, 'L-V 09:00-14:00', 'PRACTICAS SUPERADAS', 'FINALIZADAS', NULL),
('25EMHA20_0061', NULL, NULL, NULL, 'NO', 'MEJORA DE EMPLEO', 'TARDE', NULL, NULL, NULL, NULL, NULL, NULL, 'NO REALIZA PRACTICAS', NULL),
('25EMHA01_0062', 20, 'NUEVA COMERCIO 020 S.L.', 'Madrid - Ciudad Lineal', 'SI', 'MEJORA DE EMPLEO', 'MAÑANA', NULL, '2025-10-09', '2026-01-15', 12, 'L-V 15:00-20:00', 'PRACTICAS SUPERADAS', 'FINALIZADAS', NULL),
('25EMHA29_0063', 24, 'EXPERTA SERVICIOS 024 S.L.', 'Madrid - Puente de Vallecas', 'SI', 'MEJORA DE EMPLEO', 'TARDE', NULL, '2024-02-19', '2024-03-19', 9, 'L-V 09:00-14:00', 'ABANDONO DE LAS PRÁCTICAS', 'INTERRUMPIDAS', '2024-03-19'),
('26EMHA09_0064', 30, 'CENTRAL TECNOLOGÍA 030 S.L.', 'Madrid - Moratalaz', 'SI', 'DESEMPLEADO', 'TARDE', 'Seguimiento de prácticas.', '2025-08-27', '2026-01-08', 9, 'L-V 09:00-14:00', 'PRACTICAS SUPERADAS', 'FINALIZADAS', NULL),
('25EMHA03_0065', 16, 'NORTE DISTRIBUCIÓN 016 S.L.', 'Madrid - Retiro', 'SI', 'MEJORA DE EMPLEO', 'INDIFERENTE', NULL, '2024-01-24', '2025-10-08', 10, 'L-V 15:00-20:00', 'PRACTICAS SUPERADAS', 'FINALIZADAS', NULL),
('26EMHA10_0066', NULL, NULL, NULL, 'NO', 'DESEMPLEADO', 'INDIFERENTE', 'Seguimiento de prácticas.', NULL, NULL, NULL, NULL, NULL, 'NO APTO FORMACION', NULL),
('25EMHA13_0067', 10, 'CENTRAL LOGÍSTICA 010 S.L.', 'Madrid - Salamanca', 'SI', 'MEJORA DE EMPLEO', 'INDIFERENTE', NULL, '2025-07-23', '2025-12-13', 16, 'L-V 09:00-14:00', 'PRACTICAS SUPERADAS', 'FINALIZADAS', NULL),
('25EMHA04_0068', 30, 'CENTRAL TECNOLOGÍA 030 S.L.', 'Madrid - Tetuán', 'SI', 'DESEMPLEADO', 'MAÑANA', NULL, '2025-10-05', '2025-12-05', 12, 'L-V 15:00-20:00', 'PRACTICAS SUPERADAS', 'FINALIZADAS', NULL),
('25EMHA02_0069', 26, 'GLOBAL SERVICIOS 026 S.L.', 'Madrid - Carabanchel', 'SI', 'DESEMPLEADO', 'INDIFERENTE', NULL, '2025-12-30', '2026-01-24', 8, 'L-V 09:00-14:00', 'PRACTICAS SUPERADAS', 'FINALIZADAS', NULL),
('26EMHA04_0070', NULL, NULL, NULL, 'INSERCION', 'DESEMPLEADO', 'TARDE', 'Seguimiento de prácticas.', NULL, NULL, NULL, NULL, NULL, 'INSERCION FORMACION', NULL),
('25EMHA08_0071', 1, 'NORTE COMERCIO 001 S.L.', 'Madrid - Puente de Vallecas', 'SI', 'DESEMPLEADO', 'INDIFERENTE', 'Seguimiento de prácticas.', '2025-07-10', '2025-08-23', 9, 'L-V 15:00-20:00', 'ABANDONO DE LAS PRÁCTICAS', 'INTERRUMPIDAS', '2025-08-23'),
('25EMHA14_0072', 8, 'NORTE SOLUCIONES 008 S.L.', 'Madrid - Retiro', 'SI', 'MEJORA DE EMPLEO', 'TARDE', 'Seguimiento de prácticas.', '2024-12-22', '2025-07-13', 9, 'L-V 15:00-20:00', 'PRACTICAS SUPERADAS', 'FINALIZADAS', NULL),
('25EMHA27_0073', 17, 'NUEVA TECNOLOGÍA 017 S.L.', 'Madrid - San Blas-Canillejas', 'SI', 'MEJORA DE EMPLEO', 'INDIFERENTE', 'Seguimiento de prácticas.', '2024-09-16', '2025-10-04', 8, 'L-V 09:00-14:00', 'ABANDONO DE LAS PRÁCTICAS', 'INTERRUMPIDAS', '2025-10-04'),
('25EMHA14_0074', 26, 'GLOBAL SERVICIOS 026 S.L.', 'Madrid - Usera', 'SI', 'DESEMPLEADO', 'TARDE', 'Seguimiento de prácticas.', '2025-07-11', NULL, 9, 'L-V 09:00-14:00', 'PRACTICAS SUPERADAS', 'FINALIZADAS', NULL),
('26EMHA08_0075', 13, 'GLOBAL DISTRIBUCIÓN 013 S.L.', 'Madrid - Usera', 'SI', 'DESEMPLEADO', 'INDIFERENTE', NULL, '2025-03-19', '2026-01-14', 16, 'L-V 15:00-20:00', 'ABANDONO DE LAS PRÁCTICAS', 'INTERRUMPIDAS', '2026-01-14'),
('25EMHA14_0076', NULL, NULL, NULL, 'NO', 'MEJORA DE EMPLEO', 'INDIFERENTE', NULL, NULL, NULL, NULL, NULL, NULL, 'NO REALIZA PRACTICAS', NULL),
('25EMHA13_0077', 18, 'CENTRAL DISTRIBUCIÓN 018 S.L.', 'Madrid - Moratalaz', 'SI', 'DESEMPLEADO', 'TARDE', NULL, '2024-01-06', '2024-07-01', 12, 'L-V 09:00-14:00', 'PRACTICAS SUPERADAS', 'FINALIZADAS', NULL),
('25EMHA08_0078', 20, 'NUEVA COMERCIO 020 S.L.', 'Madrid - Salamanca', 'SI', 'MEJORA DE EMPLEO', 'TARDE', NULL, '2024-10-09', '2025-06-03', 16, 'L-V 15:00-20:00', 'PRACTICAS SUPERADAS', 'FINALIZADAS', NULL),
('25EMHA24_0079', 11, 'URBANA HOSTELERÍA 011 S.L.', 'Madrid - Moratalaz', 'SI', 'DESEMPLEADO', 'TARDE', NULL, '2024-01-30', '2025-06-14', 9, 'L-V 09:00-14:00', 'PRACTICAS SUPERADAS', 'FINALIZADAS', NULL),
('26EMHA05_0080', NULL, NULL, NULL, 'INSERCION', 'MEJORA DE EMPLEO', 'TARDE', NULL, NULL, NULL, NULL, NULL, NULL, 'INSERCION FORMACION', NULL),
('25EMHA24_0081', NULL, NULL, NULL, 'INSERCION', 'DESEMPLEADO', 'TARDE', 'Seguimiento de prácticas.', NULL, NULL, NULL, NULL, NULL, 'INSERCION FORMACION', NULL),
('26EMHA07_0082', 1, 'NORTE COMERCIO 001 S.L.', 'Madrid - Centro', 'SI', 'MEJORA DE EMPLEO', 'INDIFERENTE', NULL, '2025-06-15', '2025-11-12', 12, 'L-V 09:00-14:00', 'PRACTICAS SUPERADAS', 'FINALIZADAS', NULL),
('26EMHA11_0083', 8, 'NORTE SOLUCIONES 008 S.L.', 'Madrid - Carabanchel', 'SI', 'DESEMPLEADO', 'TARDE', 'Seguimiento de prácticas.', '2024-10-16', '2025-07-01', 10, 'L-V 09:00-14:00', 'PRACTICAS SUPERADAS', 'FINALIZADAS', NULL),
('25EMHA06_0084', 30, 'CENTRAL TECNOLOGÍA 030 S.L.', 'Madrid - Puente de Vallecas', 'SI', 'DESEMPLEADO', 'INDIFERENTE', NULL, '2025-02-27', '2025-11-01', 9, 'L-V 09:00-14:00', 'PRACTICAS SUPERADAS', 'FINALIZADAS', NULL),
('25EMHA04_0085', 22, 'URBANA COMERCIO 022 S.L.', 'Madrid - Carabanchel', 'SI', 'DESEMPLEADO', 'MAÑANA', 'Seguimiento de prácticas.', '2025-09-16', '2025-09-30', 16, 'L-V 15:00-20:00', 'PRACTICAS SUPERADAS', 'FINALIZADAS', NULL),
('26EMHA03_0086', 27, 'EXPERTA COMERCIO 027 S.L.', 'Madrid - Chamartín', 'SI', 'DESEMPLEADO', 'TARDE', NULL, '2025-11-19', '2026-01-03', 8, 'L-V 09:00-14:00', 'ABANDONO DE LAS PRÁCTICAS', 'INTERRUMPIDAS', '2026-01-03'),
('25EMHA28_0087', 15, 'NORTE TECNOLOGÍA 015 S.L.', 'Madrid - Moratalaz', 'SI', 'MEJORA DE EMPLEO', 'TARDE', 'Seguimiento de prácticas.', '2024-06-13', '2025-06-01', 9, 'L-V 09:00-14:00', 'PRACTICAS SUPERADAS', 'FINALIZADAS', NULL),
('26EMHA12_0088', 27, 'EXPERTA COMERCIO 027 S.L.', 'Madrid - Carabanchel', 'SI', 'MEJORA DE EMPLEO', 'INDIFERENTE', NULL, '2024-09-19', '2025-09-22', 8, 'L-V 09:00-14:00', 'PRACTICAS SUPERADAS', 'FINALIZADAS', NULL),
('26EMHA08_0089', 20, 'NUEVA COMERCIO 020 S.L.', 'Madrid - Vicálvaro', 'SI', 'DESEMPLEADO', 'TARDE', NULL, '2025-08-16', '2025-11-29', 10, 'L-V 09:00-14:00', 'PRACTICAS SUPERADAS', 'FINALIZADAS', NULL),
('25EMHA16_0090', 11, 'URBANA HOSTELERÍA 011 S.L.', 'Madrid - Tetuán', 'SI', 'DESEMPLEADO', 'INDIFERENTE', NULL, '2025-07-01', '2025-12-20', 8, 'L-V 09:00-14:00', 'PRACTICAS SUPERADAS', 'FINALIZADAS', NULL),
('25EMHA29_0091', NULL, NULL, NULL, 'NO', 'DESEMPLEADO', 'MAÑANA', NULL, NULL, NULL, NULL, NULL, NULL, 'NO REALIZA PRACTICAS', NULL),
('25EMHA20_0092', 6, 'CENTRAL COMERCIO 006 S.L.', 'Madrid - Villa de Vallecas', 'SI', 'DESEMPLEADO', 'TARDE', 'Seguimiento de prácticas.', '2024-07-27', '2024-12-26', 9, 'L-V 15:00-20:00', 'PRACTICAS SUPERADAS', 'FINALIZADAS', NULL),
('26EMHA11_0093', 15, 'NORTE TECNOLOGÍA 015 S.L.', 'Madrid - Fuencarral-El Pardo', 'SI', 'DESEMPLEADO', 'INDIFERENTE', NULL, '2025-09-13', '2025-09-19', 9, 'L-V 15:00-20:00', 'PRACTICAS SUPERADAS', 'FINALIZADAS', NULL),
('25EMHA23_0094', NULL, NULL, NULL, 'NO', 'MEJORA DE EMPLEO', 'INDIFERENTE', 'Seguimiento de prácticas.', NULL, NULL, NULL, NULL, NULL, 'NO APTO FORMACION', NULL),
('25EMHA10_0095', 5, 'NORTE TECNOLOGÍA 005 S.L.', 'Madrid - Barajas', 'SI', 'DESEMPLEADO', 'INDIFERENTE', NULL, '2024-12-29', '2025-11-22', 10, 'L-V 15:00-20:00', 'PRACTICAS SUPERADAS', 'FINALIZADAS', NULL),
('25EMHA02_0096', 15, 'NORTE TECNOLOGÍA 015 S.L.', 'Madrid - San Blas-Canillejas', 'SI', 'DESEMPLEADO', 'MAÑANA', 'Seguimiento de prácticas.', '2025-02-04', '2025-05-23', 10, 'L-V 09:00-14:00', 'PRACTICAS SUPERADAS', 'FINALIZADAS', NULL),
('26EMHA11_0097', 3, 'ALFA GESTIÓN 003 S.L.', 'Madrid - Salamanca', 'SI', 'MEJORA DE EMPLEO', 'MAÑANA', NULL, '2026-01-10', '2026-01-30', 16, 'L-V 09:00-14:00', 'PRACTICAS SUPERADAS', 'FINALIZADAS', NULL),
('25EMHA09_0098', 17, 'NUEVA TECNOLOGÍA 017 S.L.', 'Madrid - Arganzuela', 'SI', 'DESEMPLEADO', 'TARDE', NULL, '2025-12-05', NULL, 9, 'L-V 15:00-20:00', 'ABANDONO DE LAS PRÁCTICAS', 'INTERRUMPIDAS', '2025-12-05'),
('25EMHA01_0099', 27, 'EXPERTA COMERCIO 027 S.L.', 'Madrid - Fuencarral-El Pardo', 'SI', 'MEJORA DE EMPLEO', 'INDIFERENTE', 'Seguimiento de prácticas.', '2024-08-19', '2024-09-26', 9, 'L-V 15:00-20:00', 'ABANDONO DE LAS PRÁCTICAS', 'INTERRUMPIDAS', '2024-09-26'),
('26EMHA05_0100', 25, 'EXPERTA TECNOLOGÍA 025 S.L.', 'Madrid - Hortaleza', 'SI', 'DESEMPLEADO', 'TARDE', NULL, '2025-07-19', '2026-01-07', 8, 'L-V 09:00-14:00', 'ABANDONO DE LAS PRÁCTICAS', 'INTERRUMPIDAS', '2026-01-07'),
('26EMHA01_0101', 16, 'NORTE DISTRIBUCIÓN 016 S.L.', 'Madrid - Fuencarral-El Pardo', 'SI', 'MEJORA DE EMPLEO', 'INDIFERENTE', NULL, '2024-08-18', '2025-07-09', 10, 'L-V 09:00-14:00', 'PRACTICAS SUPERADAS', 'FINALIZADAS', NULL),
('26EMHA06_0102', 8, 'NORTE SOLUCIONES 008 S.L.', 'Madrid - Barajas', 'SI', 'DESEMPLEADO', 'TARDE', NULL, '2025-03-31', '2025-08-30', 9, 'L-V 09:00-14:00', 'PRACTICAS SUPERADAS', 'FINALIZADAS', NULL),
('26EMHA01_0103', 26, 'GLOBAL SERVICIOS 026 S.L.', 'Madrid - Carabanchel', 'SI', 'DESEMPLEADO', 'INDIFERENTE', 'Seguimiento de prácticas.', '2025-01-21', '2025-10-24', 10, 'L-V 15:00-20:00', 'PRACTICAS SUPERADAS', 'FINALIZADAS', NULL),
('25EMHA22_0104', 6, 'CENTRAL COMERCIO 006 S.L.', 'Madrid - Villaverde', 'SI', 'DESEMPLEADO', 'TARDE', 'Seguimiento de prácticas.', '2024-01-01', '2025-09-19', 16, 'L-V 15:00-20:00', 'PRACTICAS SUPERADAS', 'FINALIZADAS', NULL),
('25EMHA06_0105', NULL, NULL, NULL, 'INSERCION', 'MEJORA DE EMPLEO', 'TARDE', NULL, NULL, NULL, NULL, NULL, NULL, 'INSERCION FORMACION', NULL),
('26EMHA12_0106', 15, 'NORTE TECNOLOGÍA 015 S.L.', 'Madrid - Arganzuela', 'SI', 'DESEMPLEADO', 'INDIFERENTE', 'Seguimiento de prácticas.', '2024-11-12', NULL, 12, 'L-V 09:00-14:00', 'ABANDONO DE LAS PRÁCTICAS', 'INTERRUMPIDAS', '2024-11-12'),
('25EMHA02_0107', 2, 'URBANA HOSTELERÍA 002 S.L.', 'Madrid - Arganzuela', 'SI', 'DESEMPLEADO', 'INDIFERENTE', NULL, '2025-12-28', '2026-01-05', 9, 'L-V 09:00-14:00', 'PRACTICAS SUPERADAS', 'FINALIZADAS', NULL),
('26EMHA04_0108', 7, 'EXPERTA GESTIÓN 007 S.L.', 'Madrid - Hortaleza', 'SI', 'MEJORA DE EMPLEO', 'MAÑANA', NULL, '2024-12-17', '2026-01-25', 12, 'L-V 15:00-20:00', 'ABANDONO DE LAS PRÁCTICAS', 'INTERRUMPIDAS', '2026-01-25'),
('26EMHA11_0109', 5, 'NORTE TECNOLOGÍA 005 S.L.', 'Madrid - Fuencarral-El Pardo', 'SI', 'MEJORA DE EMPLEO', 'MAÑANA', NULL, '2024-08-23', '2025-11-07', 9, 'L-V 09:00-14:00', 'PRACTICAS SUPERADAS', 'FINALIZADAS', NULL),
('26EMHA10_0110', 14, 'URBANA COMERCIO 014 S.L.', 'Madrid - Tetuán', 'SI', 'MEJORA DE EMPLEO', 'MAÑANA', NULL, '2025-12-15', '2025-12-27', 10, 'L-V 09:00-14:00', 'PRACTICAS SUPERADAS', 'FINALIZADAS', NULL),
('25EMHA28_0111', NULL, NULL, NULL, 'NO', 'MEJORA DE EMPLEO', 'MAÑANA', 'Seguimiento de prácticas.', NULL, NULL, NULL, NULL, NULL, 'NO REALIZA PRACTICAS', NULL),
('25EMHA18_0112', 12, 'IBÉRICA LOGÍSTICA 012 S.L.', 'Madrid - Moratalaz', 'SI', 'MEJORA DE EMPLEO', 'INDIFERENTE', NULL, '2025-11-16', NULL, 8, 'L-V 09:00-14:00', 'PRACTICAS SUPERADAS', 'FINALIZADAS', NULL),
('25EMHA05_0113', 13, 'GLOBAL DISTRIBUCIÓN 013 S.L.', 'Madrid - Moratalaz', 'SI', 'DESEMPLEADO', 'MAÑANA', NULL, '2025-06-02', '2025-09-16', 8, 'L-V 09:00-14:00', 'PRACTICAS SUPERADAS', 'FINALIZADAS', NULL),
('26EMHA04_0114', NULL, NULL, NULL, 'INSERCION', 'DESEMPLEADO', 'INDIFERENTE', NULL, NULL, NULL, NULL, NULL, NULL, 'INSERCION FORMACION', NULL),
('25EMHA29_0115', 2, 'URBANA HOSTELERÍA 002 S.L.', 'Madrid - Salamanca', 'SI', 'MEJORA DE EMPLEO', 'INDIFERENTE', NULL, '2024-11-03', '2025-10-31', 16, 'L-V 15:00-20:00', 'PRACTICAS SUPERADAS', 'FINALIZADAS', NULL),
('26EMHA11_0116', 29, 'ALFA DISTRIBUCIÓN 029 S.L.', 'Madrid - Carabanchel', 'SI', 'MEJORA DE EMPLEO', 'TARDE', NULL, '2024-10-19', '2025-08-24', 16, 'L-V 09:00-14:00', 'PRACTICAS SUPERADAS', 'FINALIZADAS', NULL),
('26EMHA05_0117', NULL, NULL, NULL, 'INSERCION', 'DESEMPLEADO', 'INDIFERENTE', NULL, NULL, NULL, NULL, NULL, NULL, 'INSERCION FORMACION', NULL),
('25EMHA16_0118', NULL, NULL, NULL, 'INSERCION', 'MEJORA DE EMPLEO', 'INDIFERENTE', NULL, NULL, NULL, NULL, NULL, NULL, 'INSERCION FORMACION', NULL),
('25EMHA08_0119', 22, 'URBANA COMERCIO 022 S.L.', 'Madrid - Vicálvaro', 'SI', 'MEJORA DE EMPLEO', 'TARDE', NULL, '2025-12-22', '2026-01-20', 9, 'L-V 09:00-14:00', 'PRACTICAS SUPERADAS', 'FINALIZADAS', NULL),
('25EMHA13_0120', 6, 'CENTRAL COMERCIO 006 S.L.', 'Madrid - Hortaleza', 'SI', 'DESEMPLEADO', 'TARDE', 'Seguimiento de prácticas.', '2025-11-02', '2025-12-28', 12, 'L-V 15:00-20:00', 'PRACTICAS SUPERADAS', 'FINALIZADAS', NULL),
('25EMHA05_0121', 19, 'GLOBAL LOGÍSTICA 019 S.L.', 'Madrid - Villaverde', 'SI', 'DESEMPLEADO', 'INDIFERENTE', NULL, '2024-11-19', '2025-04-11', 16, 'L-V 09:00-14:00', 'PRACTICAS SUPERADAS', 'FINALIZADAS', NULL),
('26EMHA07_0122', 6, 'CENTRAL COMERCIO 006 S.L.', 'Madrid - Villaverde', 'SI', 'DESEMPLEADO', 'MAÑANA', 'Seguimiento de prácticas.', '2025-07-21', '2025-09-09', 12, 'L-V 09:00-14:00', 'PRACTICAS SUPERADAS', 'FINALIZADAS', NULL),
('25EMHA11_0123', 22, 'URBANA COMERCIO 022 S.L.', 'Madrid - Hortaleza', 'SI', 'MEJORA DE EMPLEO', 'TARDE', 'Seguimiento de prácticas.', '2024-09-06', '2025-03-25', 16, 'L-V 09:00-14:00', 'ABANDONO DE LAS PRÁCTICAS', 'INTERRUMPIDAS', '2025-03-25'),
('25EMHA27_0124', 21, 'URBANA COMERCIO 021 S.L.', 'Madrid - Barajas', 'SI', 'MEJORA DE EMPLEO', 'INDIFERENTE', NULL, '2024-02-12', '2025-12-24', 16, 'L-V 09:00-14:00', 'PRACTICAS SUPERADAS', 'FINALIZADAS', NULL),
('25EMHA26_0125', 20, 'NUEVA COMERCIO 020 S.L.', 'Madrid - Retiro', 'SI', 'MEJORA DE EMPLEO', 'TARDE', NULL, '2025-03-25', '2025-07-16', 9, 'L-V 09:00-14:00', 'ABANDONO DE LAS PRÁCTICAS', 'INTERRUMPIDAS', '2025-07-16'),
('25EMHA08_0126', 12, 'IBÉRICA LOGÍSTICA 012 S.L.', 'Madrid - Vicálvaro', 'SI', 'DESEMPLEADO', 'MAÑANA', 'Seguimiento de prácticas.', '2026-01-07', NULL, 12, 'L-V 09:00-14:00', 'PRACTICAS SUPERADAS', 'FINALIZADAS', NULL),
('25EMHA07_0127', NULL, NULL, NULL, 'NO', 'DESEMPLEADO', 'MAÑANA', 'Seguimiento de prácticas.', NULL, NULL, NULL, NULL, NULL, 'NO APTO FORMACION', NULL),
('26EMHA02_0128', 24, 'EXPERTA SERVICIOS 024 S.L.', 'Madrid - Retiro', 'SI', 'DESEMPLEADO', 'INDIFERENTE', NULL, '2024-02-25', '2025-07-09', 8, 'L-V 09:00-14:00', 'PRACTICAS SUPERADAS', 'FINALIZADAS', NULL),
('25EMHA08_0129', NULL, NULL, NULL, 'NO', 'DESEMPLEADO', 'INDIFERENTE', 'Seguimiento de prácticas.', NULL, NULL, NULL, NULL, NULL, 'NO REALIZA PRACTICAS', NULL),
('25EMHA26_0130', 22, 'URBANA COMERCIO 022 S.L.', 'Madrid - Barajas', 'SI', 'DESEMPLEADO', 'TARDE', NULL, '2024-12-29', '2025-11-24', 8, 'L-V 09:00-14:00', 'PRACTICAS SUPERADAS', 'FINALIZADAS', NULL),
('26EMHA11_0131', 14, 'URBANA COMERCIO 014 S.L.', 'Madrid - Tetuán', 'SI', 'DESEMPLEADO', 'TARDE', NULL, '2025-09-03', '2025-09-04', 12, 'L-V 15:00-20:00', 'PRACTICAS SUPERADAS', 'FINALIZADAS', NULL),
('25EMHA21_0132', 13, 'GLOBAL DISTRIBUCIÓN 013 S.L.', 'Madrid - Villaverde', 'SI', 'DESEMPLEADO', 'INDIFERENTE', NULL, '2025-12-24', '2026-01-30', 8, 'L-V 09:00-14:00', 'PRACTICAS SUPERADAS', 'FINALIZADAS', NULL),
('25EMHA14_0133', NULL, NULL, NULL, 'NO', 'DESEMPLEADO', 'INDIFERENTE', NULL, NULL, NULL, NULL, NULL, NULL, 'NO REALIZA PRACTICAS', NULL),
('25EMHA11_0134', 30, 'CENTRAL TECNOLOGÍA 030 S.L.', 'Madrid - Ciudad Lineal', 'SI', 'DESEMPLEADO', 'TARDE', NULL, '2024-12-19', '2025-09-24', 9, 'L-V 09:00-14:00', 'PRACTICAS SUPERADAS', 'FINALIZADAS', NULL),
('25EMHA25_0135', NULL, NULL, NULL, 'NO', 'MEJORA DE EMPLEO', 'INDIFERENTE', NULL, NULL, NULL, NULL, NULL, NULL, 'NO APTO FORMACION', NULL);

INSERT INTO interviews (student_id, place, interview_date, status, notes) VALUES
(1, 'EXPERTA GESTIÓN 007 S.L. - RRHH', '2025-08-06', 'attended', NULL),
(2, 'URBANA HOSTELERÍA 002 S.L. - RRHH', '2025-07-31', 'sent', NULL),
(3, 'ALFA GESTIÓN 003 S.L. - RRHH', '2025-01-18', 'sent', NULL),
(3, 'NUEVA COMERCIO 020 S.L. - RRHH', '2025-05-17', 'sent', NULL),
(4, 'NORTE TECNOLOGÍA 015 S.L. - RRHH', '2025-05-08', 'sent', NULL),
(5, 'NUEVA TECNOLOGÍA 017 S.L. - RRHH', '2025-12-18', 'sent', NULL),
(6, 'NORTE TECNOLOGÍA 015 S.L. - RRHH', '2025-08-29', 'sent', NULL),
(6, 'URBANA COMERCIO 022 S.L. - RRHH', '2025-12-09', 'sent', NULL),
(6, 'NORTE COMERCIO 001 S.L. - RRHH', '2025-10-04', 'sent', NULL),
(7, 'NORTE SOLUCIONES 008 S.L. - RRHH', '2025-09-26', 'attended', NULL),
(8, 'CENTRAL COMERCIO 006 S.L. - RRHH', '2025-08-17', 'sent', NULL),
(8, 'NORTE TECNOLOGÍA 015 S.L. - RRHH', '2025-10-03', 'sent', NULL),
(8, 'NUEVA GESTIÓN 009 S.L. - RRHH', '2025-06-27', 'sent', NULL),
(9, 'NUEVA TECNOLOGÍA 017 S.L. - RRHH', '2025-04-05', 'attended', NULL),
(9, 'NUEVA GESTIÓN 009 S.L. - RRHH', '2025-10-27', 'attended', NULL),
(9, 'IBÉRICA COMERCIO 004 S.L. - RRHH', '2025-09-28', 'no_show', 'No asistió. Reprogramar si procede.'),
(10, 'CENTRAL TECNOLOGÍA 030 S.L. - RRHH', '2025-07-01', 'sent', NULL),
(10, 'NORTE DISTRIBUCIÓN 016 S.L. - RRHH', '2025-03-25', 'attended', NULL),
(11, 'URBANA COMERCIO 021 S.L. - RRHH', '2025-03-26', 'attended', NULL),
(11, 'NORTE SOLUCIONES 008 S.L. - RRHH', '2025-05-13', 'sent', NULL),
(12, 'NUEVA COMERCIO 020 S.L. - RRHH', '2025-12-21', 'attended', NULL),
(13, 'NUEVA GESTIÓN 009 S.L. - RRHH', '2026-01-31', 'sent', NULL),
(13, 'URBANA COMERCIO 021 S.L. - RRHH', '2025-09-29', 'no_show', 'No asistió. Reprogramar si procede.'),
(14, 'URBANA COMERCIO 022 S.L. - RRHH', '2025-11-06', 'sent', NULL),
(14, 'EXPERTA GESTIÓN 007 S.L. - RRHH', '2025-07-27', 'sent', NULL),
(15, 'ALFA GESTIÓN 003 S.L. - RRHH', '2025-07-05', 'sent', NULL),
(16, 'NORTE DISTRIBUCIÓN 016 S.L. - RRHH', '2025-05-14', 'sent', NULL),
(16, 'URBANA HOSTELERÍA 011 S.L. - RRHH', '2025-03-26', 'sent', NULL),
(17, 'EXPERTA SERVICIOS 024 S.L. - RRHH', '2025-06-17', 'attended', NULL),
(17, 'URBANA COMERCIO 022 S.L. - RRHH', '2026-01-12', 'sent', NULL),
(18, 'URBANA COMERCIO 021 S.L. - RRHH', '2025-12-27', 'attended', NULL),
(18, 'NORTE DISTRIBUCIÓN 016 S.L. - RRHH', '2025-12-14', 'sent', NULL),
(18, 'NORTE TECNOLOGÍA 015 S.L. - RRHH', '2025-11-19', 'sent', NULL),
(19, 'CENTRAL COMERCIO 006 S.L. - RRHH', '2026-01-18', 'sent', NULL),
(19, 'NORTE TECNOLOGÍA 005 S.L. - RRHH', '2025-05-19', 'attended', NULL),
(19, 'NUEVA GESTIÓN 028 S.L. - RRHH', '2025-12-07', 'no_show', 'No asistió. Reprogramar si procede.'),
(20, 'GLOBAL SERVICIOS 026 S.L. - RRHH', '2025-11-14', 'attended', NULL),
(20, 'URBANA HOSTELERÍA 002 S.L. - RRHH', '2025-11-06', 'attended', NULL),
(20, 'EXPERTA COMERCIO 027 S.L. - RRHH', '2025-03-19', 'attended', NULL),
(21, 'EXPERTA TECNOLOGÍA 025 S.L. - RRHH', '2025-03-06', 'no_show', 'No asistió. Reprogramar si procede.'),
(22, 'NORTE COMERCIO 001 S.L. - RRHH', '2025-12-28', 'attended', NULL),
(22, 'EXPERTA SERVICIOS 024 S.L. - RRHH', '2025-02-07', 'no_show', 'No asistió. Reprogramar si procede.'),
(23, 'EXPERTA TECNOLOGÍA 025 S.L. - RRHH', '2025-10-01', 'no_show', 'No asistió. Reprogramar si procede.'),
(23, 'IBÉRICA COMERCIO 004 S.L. - RRHH', '2025-12-28', 'no_show', 'No asistió. Reprogramar si procede.'),
(23, 'CENTRAL COMERCIO 006 S.L. - RRHH', '2025-04-19', 'attended', NULL),
(24, 'URBANA COMERCIO 014 S.L. - RRHH', '2025-07-22', 'sent', NULL),
(24, 'ALFA GESTIÓN 003 S.L. - RRHH', '2025-12-04', 'attended', NULL),
(24, 'URBANA COMERCIO 021 S.L. - RRHH', '2025-06-16', 'no_show', 'No asistió. Reprogramar si procede.'),
(25, 'NUEVA COMERCIO 020 S.L. - RRHH', '2025-10-13', 'no_show', 'No asistió. Reprogramar si procede.'),
(26, 'EXPERTA SERVICIOS 024 S.L. - RRHH', '2025-06-04', 'sent', NULL),
(26, 'URBANA HOSTELERÍA 002 S.L. - RRHH', '2025-01-02', 'attended', NULL),
(26, 'NORTE TECNOLOGÍA 015 S.L. - RRHH', '2025-07-24', 'attended', NULL),
(27, 'CENTRAL DISTRIBUCIÓN 018 S.L. - RRHH', '2025-08-22', 'sent', NULL),
(28, 'NUEVA GESTIÓN 028 S.L. - RRHH', '2025-06-28', 'sent', NULL),
(29, 'NORTE TECNOLOGÍA 015 S.L. - RRHH', '2025-07-09', 'sent', NULL),
(29, 'ALFA GESTIÓN 003 S.L. - RRHH', '2025-01-31', 'sent', NULL),
(30, 'GLOBAL SERVICIOS 026 S.L. - RRHH', '2025-07-08', 'no_show', 'No asistió. Reprogramar si procede.'),
(30, 'NUEVA COMERCIO 020 S.L. - RRHH', '2025-05-08', 'attended', NULL),
(30, 'NUEVA GESTIÓN 009 S.L. - RRHH', '2025-12-22', 'sent', NULL),
(31, 'GLOBAL SERVICIOS 026 S.L. - RRHH', '2025-12-17', 'sent', NULL),
(32, 'URBANA COMERCIO 022 S.L. - RRHH', '2025-09-21', 'attended', NULL),
(33, 'URBANA HOSTELERÍA 011 S.L. - RRHH', '2025-11-26', 'sent', NULL),
(33, 'NORTE COMERCIO 001 S.L. - RRHH', '2025-12-28', 'sent', NULL),
(33, 'URBANA COMERCIO 021 S.L. - RRHH', '2026-01-25', 'sent', NULL),
(34, 'IBÉRICA LOGÍSTICA 012 S.L. - RRHH', '2025-03-14', 'no_show', 'No asistió. Reprogramar si procede.'),
(34, 'ALFA DISTRIBUCIÓN 029 S.L. - RRHH', '2025-01-03', 'sent', NULL),
(35, 'URBANA HOSTELERÍA 002 S.L. - RRHH', '2026-01-19', 'sent', NULL),
(36, 'NUEVA COMERCIO 020 S.L. - RRHH', '2025-01-10', 'attended', NULL),
(36, 'EXPERTA GESTIÓN 007 S.L. - RRHH', '2025-10-07', 'attended', NULL),
(36, 'EXPERTA TECNOLOGÍA 025 S.L. - RRHH', '2025-06-01', 'no_show', 'No asistió. Reprogramar si procede.'),
(37, 'URBANA HOSTELERÍA 011 S.L. - RRHH', '2025-12-01', 'no_show', 'No asistió. Reprogramar si procede.'),
(38, 'IBÉRICA COMERCIO 004 S.L. - RRHH', '2025-07-01', 'attended', NULL),
(39, 'NUEVA GESTIÓN 028 S.L. - RRHH', '2025-11-11', 'sent', NULL),
(39, 'NUEVA GESTIÓN 009 S.L. - RRHH', '2025-10-29', 'sent', NULL),
(40, 'CENTRAL DISTRIBUCIÓN 018 S.L. - RRHH', '2025-05-05', 'sent', NULL),
(40, 'NUEVA TECNOLOGÍA 017 S.L. - RRHH', '2025-03-25', 'attended', NULL),
(40, 'NORTE COMERCIO 001 S.L. - RRHH', '2025-05-11', 'sent', NULL),
(41, 'URBANA HOSTELERÍA 002 S.L. - RRHH', '2025-04-14', 'sent', NULL),
(42, 'ALFA GESTIÓN 003 S.L. - RRHH', '2025-05-27', 'sent', NULL),
(43, 'GLOBAL LOGÍSTICA 019 S.L. - RRHH', '2025-10-06', 'sent', NULL),
(43, 'URBANA COMERCIO 014 S.L. - RRHH', '2025-03-29', 'sent', NULL),
(43, 'URBANA COMERCIO 014 S.L. - RRHH', '2025-02-21', 'sent', NULL),
(44, 'EXPERTA TECNOLOGÍA 025 S.L. - RRHH', '2025-08-06', 'sent', NULL),
(44, 'GLOBAL DISTRIBUCIÓN 013 S.L. - RRHH', '2025-04-15', 'sent', NULL),
(45, 'GLOBAL SERVICIOS 026 S.L. - RRHH', '2025-11-22', 'attended', NULL),
(45, 'NORTE COMERCIO 001 S.L. - RRHH', '2025-06-06', 'no_show', 'No asistió. Reprogramar si procede.'),
(46, 'URBANA COMERCIO 022 S.L. - RRHH', '2025-12-04', 'sent', NULL),
(46, 'CENTRAL DISTRIBUCIÓN 018 S.L. - RRHH', '2025-04-08', 'attended', NULL),
(47, 'NUEVA GESTIÓN 009 S.L. - RRHH', '2025-05-04', 'sent', NULL),
(47, 'GLOBAL LOGÍSTICA 019 S.L. - RRHH', '2026-01-06', 'attended', NULL),
(48, 'NUEVA GESTIÓN 028 S.L. - RRHH', '2025-06-06', 'sent', NULL),
(48, 'NUEVA GESTIÓN 009 S.L. - RRHH', '2025-10-18', 'sent', NULL),
(48, 'EXPERTA SERVICIOS 024 S.L. - RRHH', '2025-06-27', 'attended', NULL),
(49, 'EXPERTA SERVICIOS 024 S.L. - RRHH', '2025-10-27', 'attended', NULL),
(50, 'NORTE TECNOLOGÍA 005 S.L. - RRHH', '2025-09-07', 'no_show', 'No asistió. Reprogramar si procede.'),
(51, 'EXPERTA GESTIÓN 007 S.L. - RRHH', '2025-04-27', 'sent', NULL),
(51, 'CENTRAL TECNOLOGÍA 030 S.L. - RRHH', '2025-03-08', 'no_show', 'No asistió. Reprogramar si procede.'),
(51, 'CENTRAL COMERCIO 006 S.L. - RRHH', '2025-09-24', 'attended', NULL),
(52, 'CENTRAL LOGÍSTICA 010 S.L. - RRHH', '2025-02-16', 'sent', NULL),
(52, 'IBÉRICA LOGÍSTICA 012 S.L. - RRHH', '2025-03-07', 'sent', NULL),
(53, 'URBANA HOSTELERÍA 011 S.L. - RRHH', '2025-06-21', 'sent', NULL),
(54, 'NORTE TECNOLOGÍA 005 S.L. - RRHH', '2025-07-24', 'sent', NULL),
(54, 'URBANA COMERCIO 014 S.L. - RRHH', '2025-01-04', 'sent', NULL),
(54, 'NORTE COMERCIO 001 S.L. - RRHH', '2025-03-07', 'sent', NULL),
(55, 'EXPERTA COMERCIO 027 S.L. - RRHH', '2025-02-28', 'no_show', 'No asistió. Reprogramar si procede.'),
(55, 'GLOBAL LOGÍSTICA 019 S.L. - RRHH', '2025-11-12', 'no_show', 'No asistió. Reprogramar si procede.'),
(55, 'GLOBAL LOGÍSTICA 019 S.L. - RRHH', '2025-08-23', 'attended', NULL),
(56, 'IBÉRICA LOGÍSTICA 012 S.L. - RRHH', '2025-09-28', 'sent', NULL),
(57, 'NUEVA COMERCIO 020 S.L. - RRHH', '2025-11-23', 'sent', NULL),
(58, 'NORTE TECNOLOGÍA 015 S.L. - RRHH', '2025-01-24', 'attended', NULL),
(58, 'EXPERTA COMERCIO 027 S.L. - RRHH', '2025-04-25', 'sent', NULL),
(59, 'GLOBAL DISTRIBUCIÓN 013 S.L. - RRHH', '2025-06-07', 'sent', NULL),
(59, 'URBANA COMERCIO 022 S.L. - RRHH', '2025-01-18', 'sent', NULL),
(60, 'CENTRAL LOGÍSTICA 010 S.L. - RRHH', '2025-09-08', 'attended', NULL),
(61, 'NORTE DISTRIBUCIÓN 016 S.L. - RRHH', '2025-06-29', 'attended', NULL),
(62, 'IBÉRICA LOGÍSTICA 012 S.L. - RRHH', '2025-03-07', 'sent', NULL),
(63, 'CENTRAL TECNOLOGÍA 030 S.L. - RRHH', '2025-07-14', 'sent', NULL),
(63, 'CENTRAL TECNOLOGÍA 030 S.L. - RRHH', '2025-05-04', 'sent', NULL),
(64, 'URBANA COMERCIO 014 S.L. - RRHH', '2025-07-06', 'sent', NULL),
(64, 'URBANA COMERCIO 014 S.L. - RRHH', '2025-05-14', 'attended', NULL),
(64, 'EXPERTA TECNOLOGÍA 025 S.L. - RRHH', '2025-10-13', 'sent', NULL),
(65, 'NORTE TECNOLOGÍA 005 S.L. - RRHH', '2025-01-14', 'no_show', 'No asistió. Reprogramar si procede.'),
(66, 'IBÉRICA LOGÍSTICA 012 S.L. - RRHH', '2025-09-19', 'sent', NULL),
(66, 'URBANA SERVICIOS 023 S.L. - RRHH', '2025-07-15', 'sent', NULL),
(66, 'EXPERTA SERVICIOS 024 S.L. - RRHH', '2025-02-11', 'sent', NULL),
(67, 'URBANA COMERCIO 014 S.L. - RRHH', '2026-01-04', 'attended', NULL),
(67, 'GLOBAL SERVICIOS 026 S.L. - RRHH', '2025-02-21', 'sent', NULL),
(67, 'NUEVA GESTIÓN 028 S.L. - RRHH', '2025-11-15', 'sent', NULL),
(68, 'ALFA DISTRIBUCIÓN 029 S.L. - RRHH', '2026-01-16', 'sent', NULL),
(69, 'EXPERTA COMERCIO 027 S.L. - RRHH', '2025-11-11', 'sent', NULL),
(69, 'EXPERTA COMERCIO 027 S.L. - RRHH', '2025-03-17', 'no_show', 'No asistió. Reprogramar si procede.'),
(70, 'GLOBAL SERVICIOS 026 S.L. - RRHH', '2025-10-24', 'sent', NULL),
(70, 'IBÉRICA COMERCIO 004 S.L. - RRHH', '2025-04-18', 'attended', NULL),
(71, 'ALFA DISTRIBUCIÓN 029 S.L. - RRHH', '2025-10-02', 'sent', NULL),
(71, 'CENTRAL COMERCIO 006 S.L. - RRHH', '2025-12-25', 'sent', NULL),
(71, 'NUEVA GESTIÓN 028 S.L. - RRHH', '2026-01-26', 'sent', NULL),
(72, 'CENTRAL LOGÍSTICA 010 S.L. - RRHH', '2025-04-19', 'sent', NULL),
(72, 'URBANA COMERCIO 021 S.L. - RRHH', '2025-11-09', 'no_show', 'No asistió. Reprogramar si procede.'),
(72, 'NUEVA TECNOLOGÍA 017 S.L. - RRHH', '2025-08-15', 'no_show', 'No asistió. Reprogramar si procede.'),
(73, 'CENTRAL LOGÍSTICA 010 S.L. - RRHH', '2025-01-26', 'sent', NULL),
(73, 'EXPERTA COMERCIO 027 S.L. - RRHH', '2025-04-11', 'no_show', 'No asistió. Reprogramar si procede.'),
(74, 'URBANA HOSTELERÍA 002 S.L. - RRHH', '2025-09-16', 'no_show', 'No asistió. Reprogramar si procede.'),
(74, 'NORTE SOLUCIONES 008 S.L. - RRHH', '2025-11-21', 'attended', NULL),
(75, 'ALFA DISTRIBUCIÓN 029 S.L. - RRHH', '2025-09-25', 'sent', NULL),
(76, 'URBANA HOSTELERÍA 011 S.L. - RRHH', '2025-01-07', 'no_show', 'No asistió. Reprogramar si procede.'),
(76, 'NORTE TECNOLOGÍA 005 S.L. - RRHH', '2025-04-10', 'sent', NULL),
(77, 'GLOBAL DISTRIBUCIÓN 013 S.L. - RRHH', '2025-09-07', 'sent', NULL),
(78, 'ALFA GESTIÓN 003 S.L. - RRHH', '2025-04-24', 'sent', NULL),
(78, 'GLOBAL SERVICIOS 026 S.L. - RRHH', '2025-07-28', 'sent', NULL),
(79, 'URBANA HOSTELERÍA 002 S.L. - RRHH', '2025-03-06', 'sent', NULL),
(80, 'URBANA HOSTELERÍA 002 S.L. - RRHH', '2025-12-20', 'attended', NULL),
(80, 'URBANA COMERCIO 014 S.L. - RRHH', '2025-02-11', 'sent', NULL),
(80, 'EXPERTA COMERCIO 027 S.L. - RRHH', '2025-04-17', 'attended', NULL),
(81, 'EXPERTA COMERCIO 027 S.L. - RRHH', '2025-10-03', 'attended', NULL),
(82, 'CENTRAL COMERCIO 006 S.L. - RRHH', '2025-05-18', 'no_show', 'No asistió. Reprogramar si procede.'),
(82, 'CENTRAL LOGÍSTICA 010 S.L. - RRHH', '2025-06-01', 'sent', NULL),
(83, 'NORTE TECNOLOGÍA 015 S.L. - RRHH', '2025-06-25', 'no_show', 'No asistió. Reprogramar si procede.'),
(84, 'URBANA COMERCIO 022 S.L. - RRHH', '2025-08-09', 'sent', NULL),
(85, 'EXPERTA COMERCIO 027 S.L. - RRHH', '2025-01-12', 'sent', NULL),
(86, 'EXPERTA GESTIÓN 007 S.L. - RRHH', '2025-11-09', 'sent', NULL),
(87, 'URBANA HOSTELERÍA 011 S.L. - RRHH', '2025-07-19', 'sent', NULL),
(88, 'URBANA HOSTELERÍA 011 S.L. - RRHH', '2025-08-03', 'sent', NULL),
(89, 'ALFA GESTIÓN 003 S.L. - RRHH', '2025-03-11', 'sent', NULL),
(89, 'NUEVA GESTIÓN 009 S.L. - RRHH', '2025-05-29', 'attended', NULL),
(90, 'NORTE SOLUCIONES 008 S.L. - RRHH', '2025-10-26', 'no_show', 'No asistió. Reprogramar si procede.'),
(90, 'GLOBAL DISTRIBUCIÓN 013 S.L. - RRHH', '2025-11-14', 'attended', NULL),
(90, 'NUEVA COMERCIO 020 S.L. - RRHH', '2025-09-12', 'attended', NULL),
(91, 'CENTRAL LOGÍSTICA 010 S.L. - RRHH', '2026-01-01', 'sent', NULL),
(92, 'NUEVA COMERCIO 020 S.L. - RRHH', '2025-06-08', 'sent', NULL),
(93, 'IBÉRICA COMERCIO 004 S.L. - RRHH', '2025-04-15', 'attended', NULL),
(94, 'URBANA SERVICIOS 023 S.L. - RRHH', '2025-05-02', 'sent', NULL),
(94, 'NORTE TECNOLOGÍA 015 S.L. - RRHH', '2025-12-26', 'attended', NULL),
(95, 'URBANA SERVICIOS 023 S.L. - RRHH', '2025-05-25', 'attended', NULL),
(96, 'NORTE TECNOLOGÍA 005 S.L. - RRHH', '2025-05-16', 'no_show', 'No asistió. Reprogramar si procede.'),
(96, 'CENTRAL DISTRIBUCIÓN 018 S.L. - RRHH', '2025-05-28', 'sent', NULL),
(96, 'EXPERTA COMERCIO 027 S.L. - RRHH', '2025-10-25', 'attended', NULL),
(97, 'ALFA DISTRIBUCIÓN 029 S.L. - RRHH', '2025-05-11', 'sent', NULL),
(97, 'NUEVA GESTIÓN 028 S.L. - RRHH', '2025-08-07', 'sent', NULL),
(98, 'IBÉRICA COMERCIO 004 S.L. - RRHH', '2026-01-13', 'sent', NULL),
(98, 'IBÉRICA LOGÍSTICA 012 S.L. - RRHH', '2025-04-23', 'sent', NULL),
(99, 'GLOBAL DISTRIBUCIÓN 013 S.L. - RRHH', '2025-08-28', 'sent', NULL),
(100, 'URBANA SERVICIOS 023 S.L. - RRHH', '2025-07-30', 'sent', NULL),
(100, 'EXPERTA SERVICIOS 024 S.L. - RRHH', '2025-05-21', 'sent', NULL);

INSERT INTO hiring_contracts (student_id, company_nif, company_name, sector, start_date, end_date, workday_pct, contribution_group, contract_type, weekly_hours, contributed_days, notes) VALUES
(1, 'B10000001', 'NORTE COMERCIO 001 S.L.', 'Atención al cliente', '2025-01-15', '2025-09-15', 'Tiempo Completo', 'OFICIALES ADMINISTRATIVOS', 'Duración Determinada', 40, 200, 'Contrato full-time largo (dataset) para pruebas de liquidación.'),
(1, 'B10000004', 'IBÉRICA COMERCIO 004 S.L.', 'Seguridad', '2025-12-20', NULL, '100%', 'SUBALTERNOS', 'Duración Determinada', NULL, 139, 'Contrato para seguimiento de inserción.'),
(1, 'B10000004', 'IBÉRICA COMERCIO 004 S.L.', 'Seguridad', '2024-08-23', '2024-12-25', 'Tiempo Completo', 'SUBALTERNOS', 'Duración Determinada', 40, 132, NULL),
(1, 'B10000015', 'NORTE TECNOLOGÍA 015 S.L.', 'Logística', '2025-09-13', NULL, '75%', 'OFICIALES ADMINISTRATIVOS', 'Temporal', NULL, 235, NULL),
(1, 'B10000016', 'NORTE DISTRIBUCIÓN 016 S.L.', 'Administración', '2025-06-03', '2025-11-02', 'Tiempo Parcial', 'AYUDANTES NO TITULADOS', 'Indefinido', 40, 167, NULL),
(1, 'B10000021', 'URBANA COMERCIO 021 S.L.', 'Comercio', '2025-05-02', '2025-11-16', 'Tiempo Completo', 'JEFES ADMINISTRATIVOS Y DE TALLER', 'Indefinido', 20, 207, NULL),
(2, 'B10000002', 'URBANA HOSTELERÍA 002 S.L.', 'Sanidad', '2025-01-15', '2025-09-15', 'Tiempo Completo', 'OFICIALES ADMINISTRATIVOS', 'Duración Determinada', 40, 200, 'Contrato full-time largo (dataset) para pruebas de liquidación.'),
(2, 'B10000023', 'URBANA SERVICIOS 023 S.L.', 'Seguridad', '2025-10-09', NULL, 'Fijo Discontínuo', 'AUXILIARES ADMINISTRATIVOS', 'Indefinido', 20, 227, NULL),
(2, 'B10000024', 'EXPERTA SERVICIOS 024 S.L.', 'Limpieza', '2025-03-13', '2025-11-06', '75%', 'OFICIALES ADMINISTRATIVOS', 'Duración Determinada', NULL, 258, NULL),
(2, 'B10000024', 'EXPERTA SERVICIOS 024 S.L.', 'Limpieza', '2024-07-25', '2025-01-30', 'Fijo Discontínuo', 'AYUDANTES NO TITULADOS', 'Indefinido', 30, 185, NULL),
(3, 'B10000003', 'ALFA GESTIÓN 003 S.L.', 'Construcción', '2025-01-15', '2025-09-15', 'Tiempo Completo', 'OFICIALES ADMINISTRATIVOS', 'Duración Determinada', 40, 200, 'Contrato full-time largo (dataset) para pruebas de liquidación.'),
(3, 'B10000020', 'NUEVA COMERCIO 020 S.L.', 'Sanidad', '2025-09-29', '2026-01-06', 'Tiempo Parcial', 'INGENIEROS Y LICENCIADOS  DE ALTA DIRECCIÓN', 'Temporal', 30, 91, NULL),
(4, 'B10000004', 'IBÉRICA COMERCIO 004 S.L.', 'Seguridad', '2025-01-15', '2025-09-15', 'Tiempo Completo', 'OFICIALES ADMINISTRATIVOS', 'Duración Determinada', 40, 200, 'Contrato full-time largo (dataset) para pruebas de liquidación.'),
(4, 'B10000004', 'IBÉRICA COMERCIO 004 S.L.', 'Seguridad', '2025-12-14', NULL, 'Tiempo Parcial', 'OFICIALES DE TERCERA Y ESPECIALISTAS', 'Duración Determinada', 30, 204, 'Contrato para seguimiento de inserción.'),
(4, 'B10000015', 'NORTE TECNOLOGÍA 015 S.L.', 'Logística', '2024-09-25', '2025-02-27', 'Tiempo Parcial', 'AUXILIARES ADMINISTRATIVOS', 'Temporal', 40, 145, NULL),
(4, 'B10000006', 'CENTRAL COMERCIO 006 S.L.', 'Logística', '2025-10-14', NULL, 'Tiempo Parcial', 'OFICIALES ADMINISTRATIVOS', 'Temporal', 30, 128, NULL),
(4, 'B10000015', 'NORTE TECNOLOGÍA 015 S.L.', 'Logística', '2024-12-16', '2025-03-04', 'Tiempo Completo', 'OFICIALES DE PRIMERA Y SEGUNDA', 'Duración Determinada', 20, 84, NULL),
(4, 'B10000021', 'URBANA COMERCIO 021 S.L.', 'Comercio', '2025-01-19', '2025-03-07', 'Tiempo Completo', 'AYUDANTES NO TITULADOS', 'Indefinido', 40, 48, NULL),
(4, 'B10000013', 'GLOBAL DISTRIBUCIÓN 013 S.L.', 'Sanidad', '2024-10-26', '2025-06-05', '75%', 'SUBALTERNOS', 'Duración Determinada', NULL, 244, NULL),
(4, 'B10000030', 'CENTRAL TECNOLOGÍA 030 S.L.', 'Tecnología', '2024-09-23', '2025-05-05', 'Tiempo Completo', 'OFICIALES ADMINISTRATIVOS', 'Temporal', 40, 207, NULL),
(4, 'B10000026', 'GLOBAL SERVICIOS 026 S.L.', 'Seguridad', '2025-03-22', '2025-06-01', 'Fijo Discontínuo', 'OFICIALES ADMINISTRATIVOS', 'Temporal', 30, 70, 'Contrato para seguimiento de inserción.'),
(4, 'B10000020', 'NUEVA COMERCIO 020 S.L.', 'Sanidad', '2024-05-08', '2024-07-12', 'Tiempo Parcial', 'JEFES ADMINISTRATIVOS Y DE TALLER', 'Temporal', 20, 63, 'Contrato para seguimiento de inserción.'),
(5, 'B10000005', 'NORTE TECNOLOGÍA 005 S.L.', 'Construcción', '2025-01-15', '2025-09-15', 'Tiempo Completo', 'OFICIALES ADMINISTRATIVOS', 'Duración Determinada', 40, 200, 'Contrato full-time largo (dataset) para pruebas de liquidación.'),
(5, 'B10000026', 'GLOBAL SERVICIOS 026 S.L.', 'Seguridad', '2025-11-20', NULL, 'Tiempo Completo', 'OFICIALES DE TERCERA Y ESPECIALISTAS', 'Indefinido', 30, 174, NULL),
(5, 'B10000029', 'ALFA DISTRIBUCIÓN 029 S.L.', 'Atención al cliente', '2024-09-05', '2024-10-04', 'Fijo Discontínuo', 'AUXILIARES ADMINISTRATIVOS', 'Duración Determinada', 20, 28, NULL),
(5, 'B10000027', 'EXPERTA COMERCIO 027 S.L.', 'Tecnología', '2026-01-15', NULL, 'Fijo Discontínuo', 'OFICIALES DE TERCERA Y ESPECIALISTAS', 'Duración Determinada', 40, 64, 'Contrato para seguimiento de inserción.'),
(5, 'B10000003', 'ALFA GESTIÓN 003 S.L.', 'Construcción', '2024-12-07', '2025-01-17', 'Tiempo Parcial', 'JEFES ADMINISTRATIVOS Y DE TALLER', 'Indefinido', 20, 43, NULL),
(5, 'B10000020', 'NUEVA COMERCIO 020 S.L.', 'Sanidad', '2025-10-29', NULL, 'Tiempo Parcial', 'OFICIALES DE TERCERA Y ESPECIALISTAS', 'Duración Determinada', 30, 152, NULL),
(5, 'B10000025', 'EXPERTA TECNOLOGÍA 025 S.L.', 'Sanidad', '2024-09-26', '2024-12-23', 'Fijo Discontínuo', 'AUXILIARES ADMINISTRATIVOS', 'Duración Determinada', 40, 82, NULL),
(6, 'B10000006', 'CENTRAL COMERCIO 006 S.L.', 'Logística', '2025-01-15', '2025-09-15', 'Tiempo Completo', 'OFICIALES ADMINISTRATIVOS', 'Duración Determinada', 40, 200, 'Contrato full-time largo (dataset) para pruebas de liquidación.'),
(6, 'B10000022', 'URBANA COMERCIO 022 S.L.', 'Seguridad', '2025-11-11', '2026-01-05', 'Tiempo Parcial', 'OFICIALES ADMINISTRATIVOS', 'Temporal', 30, 61, NULL),
(6, 'B10000007', 'EXPERTA GESTIÓN 007 S.L.', 'Logística', '2025-03-07', '2025-10-04', '75%', 'JEFES ADMINISTRATIVOS Y DE TALLER', 'Duración Determinada', NULL, 200, 'Contrato para seguimiento de inserción.'),
(6, 'B10000003', 'ALFA GESTIÓN 003 S.L.', 'Construcción', '2024-05-24', '2024-11-13', 'Tiempo Parcial', 'SUBALTERNOS', 'Duración Determinada', 30, 173, 'Contrato para seguimiento de inserción.'),
(6, 'B10000016', 'NORTE DISTRIBUCIÓN 016 S.L.', 'Administración', '2024-12-02', '2025-01-28', 'Tiempo Completo', 'INGENIEROS TÉCNICOS, PERITOS Y AYUDANTES TITULADOS', 'Indefinido', 40, 61, NULL),
(6, 'B10000007', 'EXPERTA GESTIÓN 007 S.L.', 'Logística', '2024-09-19', '2025-04-07', 'Tiempo Parcial', 'JEFES ADMINISTRATIVOS Y DE TALLER', 'Temporal', 30, 200, NULL),
(7, 'B10000007', 'EXPERTA GESTIÓN 007 S.L.', 'Logística', '2025-01-15', '2025-09-15', 'Tiempo Completo', 'OFICIALES ADMINISTRATIVOS', 'Duración Determinada', 40, 200, 'Contrato full-time largo (dataset) para pruebas de liquidación.'),
(7, 'B10000028', 'NUEVA GESTIÓN 028 S.L.', 'Hostelería', '2024-12-06', '2025-02-07', 'Fijo Discontínuo', 'TRABAJADORES MENORES DE DIECIOCHO AÑOS, CUALQUIERA QUE SEA SU CATEGORÍA PROFESIONAL', 'Duración Determinada', 30, 68, NULL),
(7, 'B10000014', 'URBANA COMERCIO 014 S.L.', 'Limpieza', '2025-08-13', NULL, 'Tiempo Completo', 'INGENIEROS Y LICENCIADOS  DE ALTA DIRECCIÓN', 'Duración Determinada', 20, 190, NULL),
(7, 'B10000023', 'URBANA SERVICIOS 023 S.L.', 'Seguridad', '2025-04-27', '2025-11-09', 'Tiempo Parcial', 'OFICIALES DE PRIMERA Y SEGUNDA', 'Duración Determinada', 40, 197, NULL),
(8, 'B10000008', 'NORTE SOLUCIONES 008 S.L.', 'Limpieza', '2025-01-15', '2025-09-15', 'Tiempo Completo', 'OFICIALES ADMINISTRATIVOS', 'Duración Determinada', 40, 200, 'Contrato full-time largo (dataset) para pruebas de liquidación.'),
(8, 'B10000007', 'EXPERTA GESTIÓN 007 S.L.', 'Logística', '2025-10-20', '2026-01-28', 'Tiempo Parcial', 'INGENIEROS Y LICENCIADOS  DE ALTA DIRECCIÓN', 'Indefinido', 30, 103, NULL),
(8, 'B10000001', 'NORTE COMERCIO 001 S.L.', 'Atención al cliente', '2024-01-02', '2024-02-25', 'Tiempo Completo', 'OFICIALES DE PRIMERA Y SEGUNDA', 'Duración Determinada', 30, 57, 'Contrato para seguimiento de inserción.'),
(8, 'B10000007', 'EXPERTA GESTIÓN 007 S.L.', 'Logística', '2025-09-01', '2025-12-12', 'Fijo Discontínuo', 'OFICIALES DE TERCERA Y ESPECIALISTAS', 'Temporal', 20, 98, 'Contrato para seguimiento de inserción.'),
(9, 'B10000009', 'NUEVA GESTIÓN 009 S.L.', 'Atención al cliente', '2025-01-15', '2025-09-15', 'Tiempo Completo', 'OFICIALES ADMINISTRATIVOS', 'Duración Determinada', 40, 200, 'Contrato full-time largo (dataset) para pruebas de liquidación.'),
(9, 'B10000024', 'EXPERTA SERVICIOS 024 S.L.', 'Limpieza', '2024-08-14', '2024-11-30', 'Tiempo Parcial', 'TRABAJADORES MENORES DE DIECIOCHO AÑOS, CUALQUIERA QUE SEA SU CATEGORÍA PROFESIONAL', 'Duración Determinada', 30, 106, NULL),
(9, 'B10000002', 'URBANA HOSTELERÍA 002 S.L.', 'Sanidad', '2025-07-30', '2026-01-20', 'Tiempo Parcial', 'INGENIEROS TÉCNICOS, PERITOS Y AYUDANTES TITULADOS', 'Duración Determinada', 20, 168, NULL),
(9, 'B10000001', 'NORTE COMERCIO 001 S.L.', 'Atención al cliente', '2025-06-06', '2025-10-02', 'Tiempo Completo', 'INGENIEROS Y LICENCIADOS  DE ALTA DIRECCIÓN', 'Duración Determinada', 30, 108, NULL),
(9, 'B10000012', 'IBÉRICA LOGÍSTICA 012 S.L.', 'Comercio', '2024-10-01', '2025-02-23', 'Tiempo Parcial', 'OFICIALES DE TERCERA Y ESPECIALISTAS', 'Indefinido', 40, 159, NULL),
(9, 'B10000002', 'URBANA HOSTELERÍA 002 S.L.', 'Sanidad', '2024-05-31', '2024-11-10', '75%', 'INGENIEROS TÉCNICOS, PERITOS Y AYUDANTES TITULADOS', 'Temporal', NULL, 149, NULL),
(10, 'B10000010', 'CENTRAL LOGÍSTICA 010 S.L.', 'Comercio', '2025-01-15', '2025-09-15', 'Tiempo Completo', 'OFICIALES ADMINISTRATIVOS', 'Duración Determinada', 40, 200, 'Contrato full-time largo (dataset) para pruebas de liquidación.'),
(10, 'B10000005', 'NORTE TECNOLOGÍA 005 S.L.', 'Construcción', '2025-09-02', NULL, 'Tiempo Parcial', 'OFICIALES DE TERCERA Y ESPECIALISTAS', 'Indefinido', 30, 212, NULL),
(10, 'B10000008', 'NORTE SOLUCIONES 008 S.L.', 'Limpieza', '2024-02-10', '2024-08-05', 'Tiempo Completo', 'JEFES ADMINISTRATIVOS Y DE TALLER', 'Indefinido', 30, 179, NULL),
(10, 'B10000009', 'NUEVA GESTIÓN 009 S.L.', 'Atención al cliente', '2024-06-05', '2024-12-29', 'Tiempo Completo', 'PEONES', 'Indefinido', 30, 227, 'Contrato para seguimiento de inserción.'),
(10, 'B10000015', 'NORTE TECNOLOGÍA 015 S.L.', 'Logística', '2024-05-30', '2024-12-18', '100%', 'AUXILIARES ADMINISTRATIVOS', 'Temporal', NULL, 204, NULL),
(10, 'B10000006', 'CENTRAL COMERCIO 006 S.L.', 'Logística', '2024-01-18', '2024-06-04', 'Fijo Discontínuo', 'TRABAJADORES MENORES DE DIECIOCHO AÑOS, CUALQUIERA QUE SEA SU CATEGORÍA PROFESIONAL', 'Temporal', 30, 134, NULL),
(11, 'B10000006', 'CENTRAL COMERCIO 006 S.L.', 'Logística', '2026-01-15', NULL, '50%', 'AYUDANTES NO TITULADOS', 'Indefinido', NULL, 183, NULL),
(11, 'B10000028', 'NUEVA GESTIÓN 028 S.L.', 'Hostelería', '2025-01-26', '2025-05-17', 'Tiempo Completo', 'INGENIEROS Y LICENCIADOS  DE ALTA DIRECCIÓN', 'Indefinido', 30, 117, NULL),
(11, 'B10000029', 'ALFA DISTRIBUCIÓN 029 S.L.', 'Atención al cliente', '2024-10-16', '2025-01-23', '100%', 'TRABAJADORES MENORES DE DIECIOCHO AÑOS, CUALQUIERA QUE SEA SU CATEGORÍA PROFESIONAL', 'Duración Determinada', NULL, 98, NULL),
(11, 'B10000027', 'EXPERTA COMERCIO 027 S.L.', 'Tecnología', '2025-09-15', NULL, 'Fijo Discontínuo', 'INGENIEROS Y LICENCIADOS  DE ALTA DIRECCIÓN', 'Duración Determinada', 20, 160, 'Contrato para seguimiento de inserción.'),
(11, 'B10000006', 'CENTRAL COMERCIO 006 S.L.', 'Logística', '2025-05-20', '2025-07-05', 'Tiempo Completo', 'OFICIALES ADMINISTRATIVOS', 'Temporal', 40, 51, NULL),
(12, 'B10000003', 'ALFA GESTIÓN 003 S.L.', 'Construcción', '2025-10-07', '2026-01-22', 'Fijo Discontínuo', 'AUXILIARES ADMINISTRATIVOS', 'Indefinido', 30, 118, NULL),
(12, 'B10000026', 'GLOBAL SERVICIOS 026 S.L.', 'Seguridad', '2025-09-09', '2025-10-27', 'Tiempo Completo', 'PEONES', 'Temporal', 30, 53, NULL),
(12, 'B10000008', 'NORTE SOLUCIONES 008 S.L.', 'Limpieza', '2025-06-15', '2025-08-19', 'Tiempo Parcial', 'AYUDANTES NO TITULADOS', 'Indefinido', 30, 63, 'Contrato para seguimiento de inserción.'),
(12, 'B10000005', 'NORTE TECNOLOGÍA 005 S.L.', 'Construcción', '2025-01-09', '2025-02-24', 'Tiempo Parcial', 'AUXILIARES ADMINISTRATIVOS', 'Temporal', 40, 50, NULL),
(12, 'B10000023', 'URBANA SERVICIOS 023 S.L.', 'Seguridad', '2024-10-14', '2025-05-08', 'Tiempo Parcial', 'AYUDANTES NO TITULADOS', 'Temporal', 20, 213, NULL),
(12, 'B10000014', 'URBANA COMERCIO 014 S.L.', 'Limpieza', '2025-08-19', '2025-09-28', '75%', 'OFICIALES DE TERCERA Y ESPECIALISTAS', 'Temporal', NULL, 40, NULL),
(12, 'B10000002', 'URBANA HOSTELERÍA 002 S.L.', 'Sanidad', '2024-10-15', '2025-02-19', '100%', 'AUXILIARES ADMINISTRATIVOS', 'Duración Determinada', NULL, 134, NULL),
(12, 'B10000020', 'NUEVA COMERCIO 020 S.L.', 'Sanidad', '2025-11-14', NULL, 'Fijo Discontínuo', 'INGENIEROS Y LICENCIADOS  DE ALTA DIRECCIÓN', 'Duración Determinada', 30, 187, NULL),
(12, 'B10000030', 'CENTRAL TECNOLOGÍA 030 S.L.', 'Tecnología', '2024-11-22', '2024-12-30', '100%', 'SUBALTERNOS', 'Temporal', NULL, 38, NULL),
(13, 'B10000022', 'URBANA COMERCIO 022 S.L.', 'Seguridad', '2025-10-22', NULL, 'Tiempo Completo', 'SUBALTERNOS', 'Indefinido', 30, 223, NULL),
(13, 'B10000015', 'NORTE TECNOLOGÍA 015 S.L.', 'Logística', '2025-07-21', '2025-08-24', 'Fijo Discontínuo', 'TRABAJADORES MENORES DE DIECIOCHO AÑOS, CUALQUIERA QUE SEA SU CATEGORÍA PROFESIONAL', 'Temporal', 30, 36, NULL),
(13, 'B10000019', 'GLOBAL LOGÍSTICA 019 S.L.', 'Tecnología', '2024-05-27', '2024-07-15', '50%', 'OFICIALES DE PRIMERA Y SEGUNDA', 'Indefinido', NULL, 47, NULL),
(13, 'B10000020', 'NUEVA COMERCIO 020 S.L.', 'Sanidad', '2024-11-04', '2025-06-02', 'Fijo Discontínuo', 'TRABAJADORES MENORES DE DIECIOCHO AÑOS, CUALQUIERA QUE SEA SU CATEGORÍA PROFESIONAL', 'Duración Determinada', 20, 190, NULL),
(13, 'B10000029', 'ALFA DISTRIBUCIÓN 029 S.L.', 'Atención al cliente', '2024-12-25', '2025-02-16', 'Tiempo Completo', 'INGENIEROS Y LICENCIADOS  DE ALTA DIRECCIÓN', 'Indefinido', 30, 59, NULL),
(13, 'B10000015', 'NORTE TECNOLOGÍA 015 S.L.', 'Logística', '2024-04-11', '2024-10-11', 'Tiempo Completo', 'AYUDANTES NO TITULADOS', 'Temporal', 30, 179, NULL),
(13, 'B10000020', 'NUEVA COMERCIO 020 S.L.', 'Sanidad', '2025-04-06', '2025-06-20', 'Tiempo Completo', 'JEFES ADMINISTRATIVOS Y DE TALLER', 'Temporal', 30, 78, 'Contrato para seguimiento de inserción.'),
(13, 'B10000002', 'URBANA HOSTELERÍA 002 S.L.', 'Sanidad', '2025-01-15', '2025-06-26', 'Fijo Discontínuo', 'OFICIALES DE TERCERA Y ESPECIALISTAS', 'Duración Determinada', 30, 162, NULL),
(13, 'B10000030', 'CENTRAL TECNOLOGÍA 030 S.L.', 'Tecnología', '2024-04-08', '2024-07-20', 'Tiempo Parcial', 'AUXILIARES ADMINISTRATIVOS', 'Duración Determinada', 20, 110, 'Contrato para seguimiento de inserción.'),
(13, 'B10000003', 'ALFA GESTIÓN 003 S.L.', 'Construcción', '2024-07-06', '2024-11-09', '50%', 'AUXILIARES ADMINISTRATIVOS', 'Temporal', NULL, 120, NULL),
(14, 'B10000001', 'NORTE COMERCIO 001 S.L.', 'Atención al cliente', '2024-09-27', '2024-12-01', 'Tiempo Parcial', 'JEFES ADMINISTRATIVOS Y DE TALLER', 'Temporal', 30, 63, 'Contrato para seguimiento de inserción.'),
(14, 'B10000026', 'GLOBAL SERVICIOS 026 S.L.', 'Seguridad', '2025-09-13', NULL, 'Tiempo Parcial', 'AUXILIARES ADMINISTRATIVOS', 'Indefinido', 40, 136, NULL),
(15, 'B10000025', 'EXPERTA TECNOLOGÍA 025 S.L.', 'Sanidad', '2025-11-01', NULL, '50%', 'JEFES ADMINISTRATIVOS Y DE TALLER', 'Duración Determinada', NULL, 140, NULL),
(15, 'B10000024', 'EXPERTA SERVICIOS 024 S.L.', 'Limpieza', '2025-02-14', '2025-03-28', '75%', 'OFICIALES DE PRIMERA Y SEGUNDA', 'Temporal', NULL, 43, NULL),
(15, 'B10000029', 'ALFA DISTRIBUCIÓN 029 S.L.', 'Atención al cliente', '2024-01-01', '2024-03-29', 'Tiempo Completo', 'JEFES ADMINISTRATIVOS Y DE TALLER', 'Duración Determinada', 30, 81, NULL),
(15, 'B10000030', 'CENTRAL TECNOLOGÍA 030 S.L.', 'Tecnología', '2025-04-11', '2025-09-23', '100%', 'OFICIALES DE TERCERA Y ESPECIALISTAS', 'Duración Determinada', NULL, 169, NULL),
(15, 'B10000024', 'EXPERTA SERVICIOS 024 S.L.', 'Limpieza', '2024-02-24', '2024-09-25', 'Tiempo Completo', 'TRABAJADORES MENORES DE DIECIOCHO AÑOS, CUALQUIERA QUE SEA SU CATEGORÍA PROFESIONAL', 'Temporal', 20, 221, NULL),
(15, 'B10000008', 'NORTE SOLUCIONES 008 S.L.', 'Limpieza', '2025-03-10', '2025-04-08', 'Fijo Discontínuo', 'OFICIALES DE PRIMERA Y SEGUNDA', 'Indefinido', 20, 33, NULL),
(15, 'B10000002', 'URBANA HOSTELERÍA 002 S.L.', 'Sanidad', '2024-08-31', '2024-10-21', 'Tiempo Parcial', 'OFICIALES DE TERCERA Y ESPECIALISTAS', 'Duración Determinada', 20, 52, NULL),
(15, 'B10000011', 'URBANA HOSTELERÍA 011 S.L.', 'Hostelería', '2024-11-18', '2025-04-14', 'Tiempo Parcial', 'AYUDANTES NO TITULADOS', 'Temporal', 30, 152, NULL),
(16, 'B10000010', 'CENTRAL LOGÍSTICA 010 S.L.', 'Comercio', '2025-04-07', '2025-07-10', 'Tiempo Completo', 'OFICIALES ADMINISTRATIVOS', 'Temporal', 40, 86, NULL),
(16, 'B10000013', 'GLOBAL DISTRIBUCIÓN 013 S.L.', 'Sanidad', '2025-02-17', '2025-06-25', 'Tiempo Parcial', 'JEFES ADMINISTRATIVOS Y DE TALLER', 'Duración Determinada', 30, 141, NULL),
(16, 'B10000005', 'NORTE TECNOLOGÍA 005 S.L.', 'Construcción', '2025-09-21', NULL, 'Tiempo Parcial', 'AYUDANTES NO TITULADOS', 'Temporal', 30, 214, NULL),
(16, 'B10000015', 'NORTE TECNOLOGÍA 015 S.L.', 'Logística', '2025-01-17', '2025-02-19', 'Tiempo Parcial', 'AYUDANTES NO TITULADOS', 'Duración Determinada', 20, 31, NULL),
(16, 'B10000010', 'CENTRAL LOGÍSTICA 010 S.L.', 'Comercio', '2025-10-15', NULL, '50%', 'OFICIALES DE TERCERA Y ESPECIALISTAS', 'Indefinido', NULL, 174, NULL),
(16, 'B10000028', 'NUEVA GESTIÓN 028 S.L.', 'Hostelería', '2025-08-13', NULL, 'Tiempo Parcial', 'AYUDANTES NO TITULADOS', 'Temporal', 20, 171, 'Contrato para seguimiento de inserción.'),
(16, 'B10000021', 'URBANA COMERCIO 021 S.L.', 'Comercio', '2024-06-24', '2025-01-16', 'Tiempo Parcial', 'TRABAJADORES MENORES DE DIECIOCHO AÑOS, CUALQUIERA QUE SEA SU CATEGORÍA PROFESIONAL', 'Indefinido', 40, 221, NULL),
(17, 'B10000022', 'URBANA COMERCIO 022 S.L.', 'Seguridad', '2024-05-01', '2024-09-29', 'Tiempo Completo', 'OFICIALES DE TERCERA Y ESPECIALISTAS', 'Temporal', 30, 137, NULL),
(17, 'B10000017', 'NUEVA TECNOLOGÍA 017 S.L.', 'Limpieza', '2024-01-24', '2024-02-22', 'Tiempo Parcial', 'PEONES', 'Temporal', 30, 28, NULL),
(17, 'B10000011', 'URBANA HOSTELERÍA 011 S.L.', 'Hostelería', '2025-11-21', NULL, 'Fijo Discontínuo', 'INGENIEROS Y LICENCIADOS  DE ALTA DIRECCIÓN', 'Duración Determinada', 40, 184, 'Contrato para seguimiento de inserción.'),
(17, 'B10000027', 'EXPERTA COMERCIO 027 S.L.', 'Tecnología', '2025-04-25', '2025-11-03', 'Tiempo Parcial', 'OFICIALES ADMINISTRATIVOS', 'Temporal', 30, 175, NULL),
(17, 'B10000008', 'NORTE SOLUCIONES 008 S.L.', 'Limpieza', '2024-06-25', '2024-10-07', 'Tiempo Completo', 'AUXILIARES ADMINISTRATIVOS', 'Temporal', 30, 101, 'Contrato para seguimiento de inserción.'),
(17, 'B10000025', 'EXPERTA TECNOLOGÍA 025 S.L.', 'Sanidad', '2024-06-06', '2024-10-14', '50%', 'OFICIALES ADMINISTRATIVOS', 'Duración Determinada', NULL, 130, 'Contrato para seguimiento de inserción.'),
(17, 'B10000026', 'GLOBAL SERVICIOS 026 S.L.', 'Seguridad', '2025-01-01', '2025-02-21', 'Tiempo Completo', 'OFICIALES DE PRIMERA Y SEGUNDA', 'Temporal', 40, 52, NULL),
(18, 'B10000015', 'NORTE TECNOLOGÍA 015 S.L.', 'Logística', '2024-01-17', '2024-05-06', 'Fijo Discontínuo', 'AUXILIARES ADMINISTRATIVOS', 'Temporal', 30, 103, NULL),
(18, 'B10000003', 'ALFA GESTIÓN 003 S.L.', 'Construcción', '2025-08-03', '2025-10-23', 'Fijo Discontínuo', 'JEFES ADMINISTRATIVOS Y DE TALLER', 'Indefinido', 30, 85, 'Contrato para seguimiento de inserción.'),
(18, 'B10000003', 'ALFA GESTIÓN 003 S.L.', 'Construcción', '2024-04-16', '2024-08-03', '100%', 'OFICIALES DE TERCERA Y ESPECIALISTAS', 'Indefinido', NULL, 106, NULL),
(18, 'B10000007', 'EXPERTA GESTIÓN 007 S.L.', 'Logística', '2025-03-19', '2025-07-13', '100%', 'OFICIALES DE PRIMERA Y SEGUNDA', 'Indefinido', NULL, 126, NULL),
(18, 'B10000014', 'URBANA COMERCIO 014 S.L.', 'Limpieza', '2025-01-17', '2025-07-11', '50%', 'JEFES ADMINISTRATIVOS Y DE TALLER', 'Duración Determinada', NULL, 158, NULL),
(18, 'B10000002', 'URBANA HOSTELERÍA 002 S.L.', 'Sanidad', '2025-06-11', '2026-02-01', 'Tiempo Completo', 'OFICIALES DE PRIMERA Y SEGUNDA', 'Duración Determinada', 30, 234, NULL),
(18, 'B10000004', 'IBÉRICA COMERCIO 004 S.L.', 'Seguridad', '2025-10-25', NULL, 'Tiempo Completo', 'SUBALTERNOS', 'Temporal', 30, 129, NULL),
(18, 'B10000006', 'CENTRAL COMERCIO 006 S.L.', 'Logística', '2025-07-15', '2025-11-03', 'Fijo Discontínuo', 'OFICIALES DE TERCERA Y ESPECIALISTAS', 'Indefinido', 30, 110, NULL),
(18, 'B10000006', 'CENTRAL COMERCIO 006 S.L.', 'Logística', '2024-08-08', '2024-10-17', 'Fijo Discontínuo', 'AYUDANTES NO TITULADOS', 'Temporal', 30, 72, NULL),
(18, 'B10000014', 'URBANA COMERCIO 014 S.L.', 'Limpieza', '2024-08-01', '2025-03-10', 'Tiempo Parcial', 'OFICIALES DE TERCERA Y ESPECIALISTAS', 'Duración Determinada', 20, 223, NULL),
(19, 'B10000028', 'NUEVA GESTIÓN 028 S.L.', 'Hostelería', '2025-12-14', NULL, 'Tiempo Completo', 'SUBALTERNOS', 'Temporal', 30, 218, 'Contrato para seguimiento de inserción.'),
(19, 'B10000009', 'NUEVA GESTIÓN 009 S.L.', 'Atención al cliente', '2024-06-29', '2025-01-28', 'Tiempo Completo', 'TRABAJADORES MENORES DE DIECIOCHO AÑOS, CUALQUIERA QUE SEA SU CATEGORÍA PROFESIONAL', 'Temporal', 40, 212, NULL),
(19, 'B10000021', 'URBANA COMERCIO 021 S.L.', 'Comercio', '2025-08-20', NULL, 'Tiempo Parcial', 'AUXILIARES ADMINISTRATIVOS', 'Duración Determinada', 20, 191, NULL),
(19, 'B10000021', 'URBANA COMERCIO 021 S.L.', 'Comercio', '2025-03-28', '2025-05-05', '75%', 'OFICIALES DE TERCERA Y ESPECIALISTAS', 'Temporal', NULL, 42, NULL),
(20, 'B10000017', 'NUEVA TECNOLOGÍA 017 S.L.', 'Limpieza', '2025-10-04', NULL, 'Tiempo Parcial', 'TRABAJADORES MENORES DE DIECIOCHO AÑOS, CUALQUIERA QUE SEA SU CATEGORÍA PROFESIONAL', 'Duración Determinada', 40, 230, NULL),
(20, 'B10000020', 'NUEVA COMERCIO 020 S.L.', 'Sanidad', '2024-06-07', '2024-08-22', 'Tiempo Completo', 'INGENIEROS TÉCNICOS, PERITOS Y AYUDANTES TITULADOS', 'Indefinido', 20, 70, 'Contrato para seguimiento de inserción.'),
(20, 'B10000008', 'NORTE SOLUCIONES 008 S.L.', 'Limpieza', '2025-08-05', '2025-12-24', '100%', 'OFICIALES DE PRIMERA Y SEGUNDA', 'Duración Determinada', NULL, 152, NULL),
(20, 'B10000018', 'CENTRAL DISTRIBUCIÓN 018 S.L.', 'Limpieza', '2024-04-21', '2024-09-15', 'Tiempo Completo', 'OFICIALES DE PRIMERA Y SEGUNDA', 'Indefinido', 20, 141, NULL),
(20, 'B10000023', 'URBANA SERVICIOS 023 S.L.', 'Seguridad', '2025-01-14', '2025-04-02', 'Fijo Discontínuo', 'JEFES ADMINISTRATIVOS Y DE TALLER', 'Indefinido', 40, 72, NULL),
(20, 'B10000008', 'NORTE SOLUCIONES 008 S.L.', 'Limpieza', '2024-09-09', '2025-03-26', 'Tiempo Completo', 'INGENIEROS Y LICENCIADOS  DE ALTA DIRECCIÓN', 'Duración Determinada', 20, 204, 'Contrato para seguimiento de inserción.'),
(20, 'B10000024', 'EXPERTA SERVICIOS 024 S.L.', 'Limpieza', '2024-12-12', '2025-03-23', 'Fijo Discontínuo', 'JEFES ADMINISTRATIVOS Y DE TALLER', 'Temporal', 20, 93, NULL),
(20, 'B10000011', 'URBANA HOSTELERÍA 011 S.L.', 'Hostelería', '2025-12-20', NULL, 'Tiempo Parcial', 'OFICIALES DE TERCERA Y ESPECIALISTAS', 'Duración Determinada', 40, 115, NULL),
(20, 'B10000010', 'CENTRAL LOGÍSTICA 010 S.L.', 'Comercio', '2025-05-19', '2025-12-23', '50%', 'OFICIALES ADMINISTRATIVOS', 'Indefinido', NULL, 237, NULL),
(21, 'B10000011', 'URBANA HOSTELERÍA 011 S.L.', 'Hostelería', '2024-04-24', '2024-09-15', 'Tiempo Parcial', 'AUXILIARES ADMINISTRATIVOS', 'Temporal', 20, 132, NULL),
(21, 'B10000018', 'CENTRAL DISTRIBUCIÓN 018 S.L.', 'Limpieza', '2024-09-25', '2025-03-05', 'Tiempo Completo', 'AUXILIARES ADMINISTRATIVOS', 'Duración Determinada', 20, 173, NULL),
(21, 'B10000001', 'NORTE COMERCIO 001 S.L.', 'Atención al cliente', '2024-12-06', '2025-06-06', 'Fijo Discontínuo', 'TRABAJADORES MENORES DE DIECIOCHO AÑOS, CUALQUIERA QUE SEA SU CATEGORÍA PROFESIONAL', 'Indefinido', 30, 178, NULL),
(21, 'B10000001', 'NORTE COMERCIO 001 S.L.', 'Atención al cliente', '2024-07-15', '2025-03-04', 'Fijo Discontínuo', 'PEONES', 'Duración Determinada', 30, 223, NULL),
(22, 'B10000019', 'GLOBAL LOGÍSTICA 019 S.L.', 'Tecnología', '2025-01-31', '2025-08-29', 'Tiempo Completo', 'INGENIEROS Y LICENCIADOS  DE ALTA DIRECCIÓN', 'Indefinido', 20, 198, NULL),
(22, 'B10000021', 'URBANA COMERCIO 021 S.L.', 'Comercio', '2025-12-16', NULL, 'Tiempo Parcial', 'OFICIALES ADMINISTRATIVOS', 'Temporal', 40, 118, NULL),
(22, 'B10000021', 'URBANA COMERCIO 021 S.L.', 'Comercio', '2026-01-12', NULL, 'Fijo Discontínuo', 'INGENIEROS Y LICENCIADOS  DE ALTA DIRECCIÓN', 'Duración Determinada', 20, 105, NULL),
(23, 'B10000012', 'IBÉRICA LOGÍSTICA 012 S.L.', 'Comercio', '2024-04-19', '2024-08-16', '100%', 'OFICIALES ADMINISTRATIVOS', 'Duración Determinada', NULL, 112, NULL),
(23, 'B10000013', 'GLOBAL DISTRIBUCIÓN 013 S.L.', 'Sanidad', '2025-01-23', '2025-06-12', 'Fijo Discontínuo', 'INGENIEROS TÉCNICOS, PERITOS Y AYUDANTES TITULADOS', 'Indefinido', 40, 154, NULL),
(23, 'B10000008', 'NORTE SOLUCIONES 008 S.L.', 'Limpieza', '2024-04-15', '2024-09-26', 'Fijo Discontínuo', 'INGENIEROS Y LICENCIADOS  DE ALTA DIRECCIÓN', 'Duración Determinada', 20, 169, 'Contrato para seguimiento de inserción.'),
(23, 'B10000001', 'NORTE COMERCIO 001 S.L.', 'Atención al cliente', '2024-09-11', '2024-12-12', '50%', 'SUBALTERNOS', 'Temporal', NULL, 85, NULL),
(23, 'B10000023', 'URBANA SERVICIOS 023 S.L.', 'Seguridad', '2025-05-06', '2025-09-18', 'Tiempo Parcial', 'OFICIALES DE PRIMERA Y SEGUNDA', 'Duración Determinada', 30, 143, NULL),
(24, 'B10000021', 'URBANA COMERCIO 021 S.L.', 'Comercio', '2025-03-31', '2025-09-22', '100%', 'JEFES ADMINISTRATIVOS Y DE TALLER', 'Duración Determinada', NULL, 176, NULL),
(24, 'B10000012', 'IBÉRICA LOGÍSTICA 012 S.L.', 'Comercio', '2025-07-04', '2026-01-25', 'Tiempo Completo', 'OFICIALES DE PRIMERA Y SEGUNDA', 'Duración Determinada', 20, 215, NULL),
(24, 'B10000005', 'NORTE TECNOLOGÍA 005 S.L.', 'Construcción', '2024-12-25', '2025-04-26', 'Tiempo Parcial', 'INGENIEROS Y LICENCIADOS  DE ALTA DIRECCIÓN', 'Duración Determinada', 30, 131, NULL),
(24, 'B10000028', 'NUEVA GESTIÓN 028 S.L.', 'Hostelería', '2025-07-12', '2026-01-16', 'Tiempo Completo', 'PEONES', 'Temporal', 20, 192, NULL),
(24, 'B10000020', 'NUEVA COMERCIO 020 S.L.', 'Sanidad', '2025-08-22', '2025-12-26', '50%', 'OFICIALES DE PRIMERA Y SEGUNDA', 'Temporal', NULL, 130, 'Contrato para seguimiento de inserción.'),
(24, 'B10000014', 'URBANA COMERCIO 014 S.L.', 'Limpieza', '2024-02-11', '2024-07-22', '75%', 'OFICIALES ADMINISTRATIVOS', 'Duración Determinada', NULL, 179, NULL),
(24, 'B10000020', 'NUEVA COMERCIO 020 S.L.', 'Sanidad', '2025-06-16', '2025-07-24', '100%', 'PEONES', 'Temporal', NULL, 39, NULL),
(24, 'B10000026', 'GLOBAL SERVICIOS 026 S.L.', 'Seguridad', '2025-01-08', '2025-06-04', 'Tiempo Completo', 'SUBALTERNOS', 'Indefinido', 30, 147, 'Contrato para seguimiento de inserción.'),
(24, 'B10000017', 'NUEVA TECNOLOGÍA 017 S.L.', 'Limpieza', '2024-09-12', '2025-04-22', '75%', 'TRABAJADORES MENORES DE DIECIOCHO AÑOS, CUALQUIERA QUE SEA SU CATEGORÍA PROFESIONAL', 'Indefinido', NULL, 205, NULL),
(24, 'B10000005', 'NORTE TECNOLOGÍA 005 S.L.', 'Construcción', '2025-03-09', '2025-05-07', 'Tiempo Parcial', 'OFICIALES ADMINISTRATIVOS', 'Temporal', 40, 58, 'Contrato para seguimiento de inserción.'),
(25, 'B10000029', 'ALFA DISTRIBUCIÓN 029 S.L.', 'Atención al cliente', '2025-02-09', '2025-03-21', 'Tiempo Completo', 'AYUDANTES NO TITULADOS', 'Indefinido', 40, 39, 'Contrato para seguimiento de inserción.'),
(25, 'B10000014', 'URBANA COMERCIO 014 S.L.', 'Limpieza', '2025-08-21', NULL, 'Fijo Discontínuo', 'AYUDANTES NO TITULADOS', 'Indefinido', 30, 222, 'Contrato para seguimiento de inserción.'),
(25, 'B10000001', 'NORTE COMERCIO 001 S.L.', 'Atención al cliente', '2025-11-16', NULL, 'Tiempo Completo', 'JEFES ADMINISTRATIVOS Y DE TALLER', 'Temporal', 30, 86, NULL),
(25, 'B10000017', 'NUEVA TECNOLOGÍA 017 S.L.', 'Limpieza', '2024-01-07', '2024-04-08', '50%', 'INGENIEROS Y LICENCIADOS  DE ALTA DIRECCIÓN', 'Duración Determinada', NULL, 102, NULL),
(25, 'B10000011', 'URBANA HOSTELERÍA 011 S.L.', 'Hostelería', '2025-08-19', '2026-01-20', 'Fijo Discontínuo', 'OFICIALES DE TERCERA Y ESPECIALISTAS', 'Indefinido', 20, 169, NULL),
(25, 'B10000021', 'URBANA COMERCIO 021 S.L.', 'Comercio', '2025-01-12', '2025-06-26', '75%', 'PEONES', 'Duración Determinada', NULL, 163, NULL),
(25, 'B10000003', 'ALFA GESTIÓN 003 S.L.', 'Construcción', '2025-07-24', NULL, 'Tiempo Parcial', 'JEFES ADMINISTRATIVOS Y DE TALLER', 'Duración Determinada', 40, 185, 'Contrato para seguimiento de inserción.'),
(25, 'B10000010', 'CENTRAL LOGÍSTICA 010 S.L.', 'Comercio', '2024-07-10', '2025-01-18', 'Tiempo Parcial', 'PEONES', 'Indefinido', 40, 176, NULL),
(25, 'B10000023', 'URBANA SERVICIOS 023 S.L.', 'Seguridad', '2025-11-12', NULL, 'Fijo Discontínuo', 'OFICIALES DE TERCERA Y ESPECIALISTAS', 'Duración Determinada', 40, 156, NULL),
(25, 'B10000016', 'NORTE DISTRIBUCIÓN 016 S.L.', 'Administración', '2025-08-31', '2025-12-03', 'Tiempo Parcial', 'AYUDANTES NO TITULADOS', 'Duración Determinada', 40, 101, 'Contrato para seguimiento de inserción.'),
(26, 'B10000023', 'URBANA SERVICIOS 023 S.L.', 'Seguridad', '2024-11-19', '2025-05-03', '100%', 'SUBALTERNOS', 'Duración Determinada', NULL, 171, 'Contrato para seguimiento de inserción.'),
(26, 'B10000017', 'NUEVA TECNOLOGÍA 017 S.L.', 'Limpieza', '2024-11-15', '2025-07-10', '75%', 'AYUDANTES NO TITULADOS', 'Temporal', NULL, 233, NULL),
(26, 'B10000009', 'NUEVA GESTIÓN 009 S.L.', 'Atención al cliente', '2024-09-24', '2025-01-24', 'Tiempo Completo', 'JEFES ADMINISTRATIVOS Y DE TALLER', 'Indefinido', 40, 123, NULL),
(26, 'B10000018', 'CENTRAL DISTRIBUCIÓN 018 S.L.', 'Limpieza', '2024-07-05', '2024-10-07', 'Tiempo Parcial', 'TRABAJADORES MENORES DE DIECIOCHO AÑOS, CUALQUIERA QUE SEA SU CATEGORÍA PROFESIONAL', 'Indefinido', 20, 95, NULL),
(27, 'B10000010', 'CENTRAL LOGÍSTICA 010 S.L.', 'Comercio', '2025-08-25', '2025-11-01', 'Tiempo Parcial', 'AUXILIARES ADMINISTRATIVOS', 'Temporal', 20, 71, NULL),
(27, 'B10000009', 'NUEVA GESTIÓN 009 S.L.', 'Atención al cliente', '2024-05-17', '2024-09-13', 'Tiempo Parcial', 'SUBALTERNOS', 'Indefinido', 20, 116, NULL),
(27, 'B10000004', 'IBÉRICA COMERCIO 004 S.L.', 'Seguridad', '2025-12-22', NULL, 'Tiempo Parcial', 'OFICIALES DE TERCERA Y ESPECIALISTAS', 'Indefinido', 20, 149, 'Contrato para seguimiento de inserción.'),
(27, 'B10000004', 'IBÉRICA COMERCIO 004 S.L.', 'Seguridad', '2024-02-22', '2024-06-16', 'Tiempo Parcial', 'INGENIEROS TÉCNICOS, PERITOS Y AYUDANTES TITULADOS', 'Temporal', 40, 112, NULL),
(27, 'B10000019', 'GLOBAL LOGÍSTICA 019 S.L.', 'Tecnología', '2025-03-21', '2025-06-01', '75%', 'PEONES', 'Indefinido', NULL, 67, 'Contrato para seguimiento de inserción.'),
(27, 'B10000021', 'URBANA COMERCIO 021 S.L.', 'Comercio', '2024-11-21', '2025-02-14', '75%', 'SUBALTERNOS', 'Temporal', NULL, 94, NULL),
(27, 'B10000006', 'CENTRAL COMERCIO 006 S.L.', 'Logística', '2025-04-15', '2025-10-24', 'Fijo Discontínuo', 'AYUDANTES NO TITULADOS', 'Temporal', 40, 179, NULL),
(27, 'B10000013', 'GLOBAL DISTRIBUCIÓN 013 S.L.', 'Sanidad', '2025-11-25', NULL, 'Tiempo Parcial', 'PEONES', 'Temporal', 40, 84, NULL),
(27, 'B10000008', 'NORTE SOLUCIONES 008 S.L.', 'Limpieza', '2024-03-09', '2024-07-08', '100%', 'SUBALTERNOS', 'Duración Determinada', NULL, 132, NULL),
(28, 'B10000011', 'URBANA HOSTELERÍA 011 S.L.', 'Hostelería', '2025-01-09', '2025-06-13', 'Tiempo Completo', 'OFICIALES DE PRIMERA Y SEGUNDA', 'Duración Determinada', 30, 158, 'Contrato para seguimiento de inserción.'),
(28, 'B10000006', 'CENTRAL COMERCIO 006 S.L.', 'Logística', '2025-05-03', '2025-10-20', '100%', 'PEONES', 'Temporal', NULL, 169, NULL),
(28, 'B10000004', 'IBÉRICA COMERCIO 004 S.L.', 'Seguridad', '2024-03-15', '2024-04-25', 'Tiempo Completo', 'JEFES ADMINISTRATIVOS Y DE TALLER', 'Duración Determinada', 30, 43, NULL),
(28, 'B10000025', 'EXPERTA TECNOLOGÍA 025 S.L.', 'Sanidad', '2025-07-13', '2025-11-27', 'Tiempo Parcial', 'JEFES ADMINISTRATIVOS Y DE TALLER', 'Indefinido', 30, 143, NULL),
(28, 'B10000005', 'NORTE TECNOLOGÍA 005 S.L.', 'Construcción', '2025-07-09', '2025-09-30', 'Tiempo Parcial', 'AYUDANTES NO TITULADOS', 'Indefinido', 40, 77, NULL),
(28, 'B10000016', 'NORTE DISTRIBUCIÓN 016 S.L.', 'Administración', '2024-04-06', '2024-10-18', 'Tiempo Completo', 'AUXILIARES ADMINISTRATIVOS', 'Indefinido', 30, 191, NULL),
(28, 'B10000018', 'CENTRAL DISTRIBUCIÓN 018 S.L.', 'Limpieza', '2024-06-15', '2024-11-21', '50%', 'OFICIALES DE PRIMERA Y SEGUNDA', 'Duración Determinada', NULL, 146, NULL),
(28, 'B10000030', 'CENTRAL TECNOLOGÍA 030 S.L.', 'Tecnología', '2025-10-11', NULL, 'Fijo Discontínuo', 'OFICIALES ADMINISTRATIVOS', 'Indefinido', 40, 158, NULL),
(28, 'B10000009', 'NUEVA GESTIÓN 009 S.L.', 'Atención al cliente', '2025-03-21', '2025-09-20', 'Tiempo Completo', 'TRABAJADORES MENORES DE DIECIOCHO AÑOS, CUALQUIERA QUE SEA SU CATEGORÍA PROFESIONAL', 'Duración Determinada', 20, 192, NULL),
(29, 'B10000028', 'NUEVA GESTIÓN 028 S.L.', 'Hostelería', '2025-08-27', '2025-12-30', 'Tiempo Completo', 'PEONES', 'Temporal', 30, 126, NULL),
(29, 'B10000026', 'GLOBAL SERVICIOS 026 S.L.', 'Seguridad', '2025-07-02', '2025-08-26', '50%', 'OFICIALES DE TERCERA Y ESPECIALISTAS', 'Temporal', NULL, 56, 'Contrato para seguimiento de inserción.'),
(29, 'B10000028', 'NUEVA GESTIÓN 028 S.L.', 'Hostelería', '2024-12-25', '2025-05-31', 'Tiempo Parcial', 'AYUDANTES NO TITULADOS', 'Temporal', 40, 171, NULL),
(29, 'B10000017', 'NUEVA TECNOLOGÍA 017 S.L.', 'Limpieza', '2025-10-16', '2025-12-01', '50%', 'TRABAJADORES MENORES DE DIECIOCHO AÑOS, CUALQUIERA QUE SEA SU CATEGORÍA PROFESIONAL', 'Indefinido', NULL, 50, NULL),
(29, 'B10000014', 'URBANA COMERCIO 014 S.L.', 'Limpieza', '2024-10-01', '2025-03-31', 'Tiempo Completo', 'INGENIEROS TÉCNICOS, PERITOS Y AYUDANTES TITULADOS', 'Temporal', 40, 183, NULL),
(29, 'B10000011', 'URBANA HOSTELERÍA 011 S.L.', 'Hostelería', '2025-11-16', '2025-12-21', 'Tiempo Completo', 'JEFES ADMINISTRATIVOS Y DE TALLER', 'Indefinido', 20, 35, NULL),
(29, 'B10000025', 'EXPERTA TECNOLOGÍA 025 S.L.', 'Sanidad', '2024-04-25', '2024-09-21', 'Tiempo Parcial', 'SUBALTERNOS', 'Indefinido', 40, 147, NULL),
(29, 'B10000016', 'NORTE DISTRIBUCIÓN 016 S.L.', 'Administración', '2024-03-31', '2024-10-13', 'Tiempo Completo', 'PEONES', 'Duración Determinada', 40, 201, NULL),
(29, 'B10000026', 'GLOBAL SERVICIOS 026 S.L.', 'Seguridad', '2024-06-07', '2024-09-16', '50%', 'OFICIALES DE TERCERA Y ESPECIALISTAS', 'Indefinido', NULL, 107, NULL),
(29, 'B10000020', 'NUEVA COMERCIO 020 S.L.', 'Sanidad', '2025-05-21', '2025-08-23', '100%', 'INGENIEROS TÉCNICOS, PERITOS Y AYUDANTES TITULADOS', 'Duración Determinada', NULL, 93, NULL),
(30, 'B10000021', 'URBANA COMERCIO 021 S.L.', 'Comercio', '2024-08-29', '2025-01-07', '75%', 'OFICIALES DE PRIMERA Y SEGUNDA', 'Indefinido', NULL, 128, NULL),
(30, 'B10000003', 'ALFA GESTIÓN 003 S.L.', 'Construcción', '2025-06-30', '2025-12-04', 'Tiempo Completo', 'OFICIALES DE PRIMERA Y SEGUNDA', 'Indefinido', 30, 165, 'Contrato para seguimiento de inserción.'),
(30, 'B10000026', 'GLOBAL SERVICIOS 026 S.L.', 'Seguridad', '2025-06-15', '2025-10-14', 'Tiempo Parcial', 'OFICIALES ADMINISTRATIVOS', 'Temporal', 30, 117, NULL),
(30, 'B10000011', 'URBANA HOSTELERÍA 011 S.L.', 'Hostelería', '2025-07-05', '2025-09-05', '50%', 'AYUDANTES NO TITULADOS', 'Duración Determinada', NULL, 62, NULL),
(31, 'B10000030', 'CENTRAL TECNOLOGÍA 030 S.L.', 'Tecnología', '2024-02-03', '2024-07-20', 'Tiempo Completo', 'OFICIALES DE PRIMERA Y SEGUNDA', 'Duración Determinada', 20, 163, NULL),
(31, 'B10000020', 'NUEVA COMERCIO 020 S.L.', 'Sanidad', '2024-08-06', '2025-03-10', 'Tiempo Parcial', 'OFICIALES ADMINISTRATIVOS', 'Duración Determinada', 20, 213, NULL),
(31, 'B10000013', 'GLOBAL DISTRIBUCIÓN 013 S.L.', 'Sanidad', '2025-10-11', NULL, 'Tiempo Completo', 'PEONES', 'Duración Determinada', 40, 154, NULL),
(31, 'B10000014', 'URBANA COMERCIO 014 S.L.', 'Limpieza', '2025-02-07', '2025-05-20', '50%', 'TRABAJADORES MENORES DE DIECIOCHO AÑOS, CUALQUIERA QUE SEA SU CATEGORÍA PROFESIONAL', 'Indefinido', NULL, 105, 'Contrato para seguimiento de inserción.'),
(31, 'B10000006', 'CENTRAL COMERCIO 006 S.L.', 'Logística', '2025-12-01', NULL, 'Fijo Discontínuo', 'OFICIALES ADMINISTRATIVOS', 'Indefinido', 20, 104, 'Contrato para seguimiento de inserción.'),
(31, 'B10000011', 'URBANA HOSTELERÍA 011 S.L.', 'Hostelería', '2025-06-04', '2026-01-03', 'Tiempo Completo', 'SUBALTERNOS', 'Indefinido', 30, 199, 'Contrato para seguimiento de inserción.');

INSERT INTO hiring_contracts (student_id, company_nif, company_name, sector, start_date, end_date, workday_pct, contribution_group, contract_type, weekly_hours, contributed_days, notes) VALUES
(31, 'B10000006', 'CENTRAL COMERCIO 006 S.L.', 'Logística', '2024-11-25', '2024-12-30', '50%', 'INGENIEROS Y LICENCIADOS  DE ALTA DIRECCIÓN', 'Temporal', NULL, 36, NULL),
(32, 'B10000023', 'URBANA SERVICIOS 023 S.L.', 'Seguridad', '2025-10-27', '2026-01-04', 'Tiempo Parcial', 'TRABAJADORES MENORES DE DIECIOCHO AÑOS, CUALQUIERA QUE SEA SU CATEGORÍA PROFESIONAL', 'Duración Determinada', 20, 63, 'Contrato para seguimiento de inserción.'),
(32, 'B10000019', 'GLOBAL LOGÍSTICA 019 S.L.', 'Tecnología', '2024-10-19', '2025-03-28', 'Tiempo Completo', 'AYUDANTES NO TITULADOS', 'Duración Determinada', 40, 151, 'Contrato para seguimiento de inserción.'),
(32, 'B10000004', 'IBÉRICA COMERCIO 004 S.L.', 'Seguridad', '2024-07-15', '2024-11-25', 'Fijo Discontínuo', 'JEFES ADMINISTRATIVOS Y DE TALLER', 'Temporal', 20, 147, NULL),
(32, 'B10000010', 'CENTRAL LOGÍSTICA 010 S.L.', 'Comercio', '2024-11-15', '2025-06-18', '100%', 'OFICIALES DE TERCERA Y ESPECIALISTAS', 'Duración Determinada', NULL, 237, NULL),
(32, 'B10000005', 'NORTE TECNOLOGÍA 005 S.L.', 'Construcción', '2024-06-15', '2024-10-02', '75%', 'INGENIEROS TÉCNICOS, PERITOS Y AYUDANTES TITULADOS', 'Indefinido', NULL, 121, NULL),
(33, 'B10000010', 'CENTRAL LOGÍSTICA 010 S.L.', 'Comercio', '2024-09-18', '2024-11-01', '75%', 'OFICIALES DE TERCERA Y ESPECIALISTAS', 'Temporal', NULL, 41, NULL),
(33, 'B10000008', 'NORTE SOLUCIONES 008 S.L.', 'Limpieza', '2025-08-19', NULL, '100%', 'SUBALTERNOS', 'Indefinido', NULL, 180, 'Contrato para seguimiento de inserción.'),
(33, 'B10000021', 'URBANA COMERCIO 021 S.L.', 'Comercio', '2025-11-30', NULL, 'Fijo Discontínuo', 'AYUDANTES NO TITULADOS', 'Duración Determinada', 30, 203, NULL),
(33, 'B10000023', 'URBANA SERVICIOS 023 S.L.', 'Seguridad', '2025-09-27', '2025-11-20', 'Fijo Discontínuo', 'OFICIALES ADMINISTRATIVOS', 'Indefinido', 30, 57, NULL),
(34, 'B10000018', 'CENTRAL DISTRIBUCIÓN 018 S.L.', 'Limpieza', '2025-01-22', '2025-03-11', 'Fijo Discontínuo', 'OFICIALES ADMINISTRATIVOS', 'Temporal', 40, 53, NULL),
(34, 'B10000014', 'URBANA COMERCIO 014 S.L.', 'Limpieza', '2024-04-19', '2024-12-12', 'Tiempo Parcial', 'AUXILIARES ADMINISTRATIVOS', 'Duración Determinada', 30, 218, NULL),
(35, 'B10000030', 'CENTRAL TECNOLOGÍA 030 S.L.', 'Tecnología', '2025-04-02', '2025-08-24', 'Tiempo Completo', 'PEONES', 'Temporal', 40, 150, 'Contrato para seguimiento de inserción.'),
(35, 'B10000014', 'URBANA COMERCIO 014 S.L.', 'Limpieza', '2024-04-11', '2024-06-01', '75%', 'AUXILIARES ADMINISTRATIVOS', 'Temporal', NULL, 50, NULL),
(35, 'B10000003', 'ALFA GESTIÓN 003 S.L.', 'Construcción', '2024-04-04', '2024-06-05', 'Tiempo Parcial', 'INGENIEROS Y LICENCIADOS  DE ALTA DIRECCIÓN', 'Duración Determinada', 20, 61, NULL),
(35, 'B10000006', 'CENTRAL COMERCIO 006 S.L.', 'Logística', '2024-03-11', '2024-10-07', 'Tiempo Parcial', 'INGENIEROS Y LICENCIADOS  DE ALTA DIRECCIÓN', 'Indefinido', 40, 227, NULL),
(35, 'B10000001', 'NORTE COMERCIO 001 S.L.', 'Atención al cliente', '2025-11-04', NULL, '75%', 'AYUDANTES NO TITULADOS', 'Duración Determinada', NULL, 195, NULL),
(35, 'B10000018', 'CENTRAL DISTRIBUCIÓN 018 S.L.', 'Limpieza', '2025-02-21', '2025-06-14', 'Tiempo Completo', 'AYUDANTES NO TITULADOS', 'Duración Determinada', 20, 124, NULL),
(36, 'B10000029', 'ALFA DISTRIBUCIÓN 029 S.L.', 'Atención al cliente', '2025-02-17', '2025-05-23', 'Fijo Discontínuo', 'PEONES', 'Duración Determinada', 30, 101, NULL),
(36, 'B10000024', 'EXPERTA SERVICIOS 024 S.L.', 'Limpieza', '2024-10-04', '2025-03-12', 'Fijo Discontínuo', 'SUBALTERNOS', 'Indefinido', 20, 168, NULL),
(36, 'B10000023', 'URBANA SERVICIOS 023 S.L.', 'Seguridad', '2024-03-29', '2024-11-07', '50%', 'JEFES ADMINISTRATIVOS Y DE TALLER', 'Duración Determinada', NULL, 235, NULL),
(36, 'B10000025', 'EXPERTA TECNOLOGÍA 025 S.L.', 'Sanidad', '2024-05-29', '2024-10-19', 'Tiempo Completo', 'PEONES', 'Indefinido', 40, 142, NULL),
(36, 'B10000005', 'NORTE TECNOLOGÍA 005 S.L.', 'Construcción', '2024-03-27', '2024-05-18', '100%', 'OFICIALES ADMINISTRATIVOS', 'Duración Determinada', NULL, 50, NULL),
(36, 'B10000027', 'EXPERTA COMERCIO 027 S.L.', 'Tecnología', '2024-07-16', '2024-10-05', 'Tiempo Completo', 'INGENIEROS TÉCNICOS, PERITOS Y AYUDANTES TITULADOS', 'Temporal', 40, 87, 'Contrato para seguimiento de inserción.'),
(37, 'B10000005', 'NORTE TECNOLOGÍA 005 S.L.', 'Construcción', '2024-10-11', '2024-12-05', 'Fijo Discontínuo', 'OFICIALES DE TERCERA Y ESPECIALISTAS', 'Indefinido', 20, 51, NULL),
(37, 'B10000030', 'CENTRAL TECNOLOGÍA 030 S.L.', 'Tecnología', '2025-06-22', '2025-08-22', '75%', 'SUBALTERNOS', 'Indefinido', NULL, 62, 'Contrato para seguimiento de inserción.'),
(37, 'B10000009', 'NUEVA GESTIÓN 009 S.L.', 'Atención al cliente', '2024-09-29', '2024-11-19', 'Tiempo Parcial', 'JEFES ADMINISTRATIVOS Y DE TALLER', 'Duración Determinada', 20, 48, NULL),
(37, 'B10000028', 'NUEVA GESTIÓN 028 S.L.', 'Hostelería', '2024-11-26', '2025-04-28', 'Tiempo Completo', 'JEFES ADMINISTRATIVOS Y DE TALLER', 'Indefinido', 30, 164, NULL),
(37, 'B10000003', 'ALFA GESTIÓN 003 S.L.', 'Construcción', '2024-06-18', '2025-01-03', 'Fijo Discontínuo', 'INGENIEROS TÉCNICOS, PERITOS Y AYUDANTES TITULADOS', 'Duración Determinada', 20, 204, NULL),
(37, 'B10000012', 'IBÉRICA LOGÍSTICA 012 S.L.', 'Comercio', '2025-07-11', '2025-09-16', 'Fijo Discontínuo', 'TRABAJADORES MENORES DE DIECIOCHO AÑOS, CUALQUIERA QUE SEA SU CATEGORÍA PROFESIONAL', 'Indefinido', 30, 73, 'Contrato para seguimiento de inserción.'),
(37, 'B10000011', 'URBANA HOSTELERÍA 011 S.L.', 'Hostelería', '2025-03-21', '2025-11-05', 'Fijo Discontínuo', 'JEFES ADMINISTRATIVOS Y DE TALLER', 'Temporal', 40, 250, 'Contrato para seguimiento de inserción.'),
(37, 'B10000003', 'ALFA GESTIÓN 003 S.L.', 'Construcción', '2024-03-12', '2024-08-31', 'Tiempo Completo', 'PEONES', 'Duración Determinada', 40, 158, NULL),
(38, 'B10000023', 'URBANA SERVICIOS 023 S.L.', 'Seguridad', '2024-07-03', '2024-08-31', '50%', 'PEONES', 'Indefinido', NULL, 63, NULL),
(38, 'B10000020', 'NUEVA COMERCIO 020 S.L.', 'Sanidad', '2024-07-26', '2024-10-16', '75%', 'AUXILIARES ADMINISTRATIVOS', 'Indefinido', NULL, 88, 'Contrato para seguimiento de inserción.'),
(39, 'B10000028', 'NUEVA GESTIÓN 028 S.L.', 'Hostelería', '2024-11-20', '2025-05-12', 'Tiempo Parcial', 'INGENIEROS TÉCNICOS, PERITOS Y AYUDANTES TITULADOS', 'Duración Determinada', 30, 168, 'Contrato para seguimiento de inserción.'),
(39, 'B10000027', 'EXPERTA COMERCIO 027 S.L.', 'Tecnología', '2025-07-21', '2025-10-25', 'Tiempo Completo', 'INGENIEROS Y LICENCIADOS  DE ALTA DIRECCIÓN', 'Temporal', 30, 95, NULL),
(39, 'B10000008', 'NORTE SOLUCIONES 008 S.L.', 'Limpieza', '2024-03-29', '2024-11-02', 'Tiempo Completo', 'AUXILIARES ADMINISTRATIVOS', 'Duración Determinada', 20, 211, 'Contrato para seguimiento de inserción.'),
(39, 'B10000003', 'ALFA GESTIÓN 003 S.L.', 'Construcción', '2024-05-10', '2024-11-02', 'Fijo Discontínuo', 'SUBALTERNOS', 'Duración Determinada', 20, 191, NULL),
(39, 'B10000017', 'NUEVA TECNOLOGÍA 017 S.L.', 'Limpieza', '2025-11-29', NULL, 'Fijo Discontínuo', 'SUBALTERNOS', 'Indefinido', 20, 198, NULL),
(39, 'B10000019', 'GLOBAL LOGÍSTICA 019 S.L.', 'Tecnología', '2024-08-17', '2025-02-03', 'Tiempo Parcial', 'AYUDANTES NO TITULADOS', 'Indefinido', 40, 166, NULL),
(39, 'B10000029', 'ALFA DISTRIBUCIÓN 029 S.L.', 'Atención al cliente', '2026-01-14', NULL, 'Fijo Discontínuo', 'OFICIALES DE PRIMERA Y SEGUNDA', 'Indefinido', 30, 141, 'Contrato para seguimiento de inserción.'),
(40, 'B10000028', 'NUEVA GESTIÓN 028 S.L.', 'Hostelería', '2024-06-07', '2025-01-14', '100%', 'INGENIEROS Y LICENCIADOS  DE ALTA DIRECCIÓN', 'Indefinido', NULL, 243, NULL),
(40, 'B10000002', 'URBANA HOSTELERÍA 002 S.L.', 'Sanidad', '2024-01-21', '2024-04-22', '100%', 'TRABAJADORES MENORES DE DIECIOCHO AÑOS, CUALQUIERA QUE SEA SU CATEGORÍA PROFESIONAL', 'Indefinido', NULL, 97, NULL),
(40, 'B10000003', 'ALFA GESTIÓN 003 S.L.', 'Construcción', '2024-05-19', '2024-12-25', '100%', 'AUXILIARES ADMINISTRATIVOS', 'Temporal', NULL, 203, NULL),
(40, 'B10000024', 'EXPERTA SERVICIOS 024 S.L.', 'Limpieza', '2024-04-10', '2024-09-28', 'Fijo Discontínuo', 'AYUDANTES NO TITULADOS', 'Indefinido', 40, 163, NULL),
(41, 'B10000028', 'NUEVA GESTIÓN 028 S.L.', 'Hostelería', '2025-08-10', NULL, 'Fijo Discontínuo', 'INGENIEROS TÉCNICOS, PERITOS Y AYUDANTES TITULADOS', 'Indefinido', 30, 194, NULL),
(41, 'B10000003', 'ALFA GESTIÓN 003 S.L.', 'Construcción', '2025-08-26', NULL, '50%', 'OFICIALES DE TERCERA Y ESPECIALISTAS', 'Duración Determinada', NULL, 239, 'Contrato para seguimiento de inserción.'),
(42, 'B10000014', 'URBANA COMERCIO 014 S.L.', 'Limpieza', '2025-06-28', '2025-11-26', 'Fijo Discontínuo', 'OFICIALES DE TERCERA Y ESPECIALISTAS', 'Duración Determinada', 20, 162, NULL),
(42, 'B10000025', 'EXPERTA TECNOLOGÍA 025 S.L.', 'Sanidad', '2024-05-13', '2024-10-08', 'Tiempo Completo', 'OFICIALES ADMINISTRATIVOS', 'Duración Determinada', 40, 138, NULL),
(42, 'B10000025', 'EXPERTA TECNOLOGÍA 025 S.L.', 'Sanidad', '2025-10-14', NULL, '75%', 'SUBALTERNOS', 'Temporal', NULL, 205, NULL),
(42, 'B10000018', 'CENTRAL DISTRIBUCIÓN 018 S.L.', 'Limpieza', '2024-11-02', '2024-12-31', '50%', 'SUBALTERNOS', 'Indefinido', NULL, 59, NULL),
(42, 'B10000001', 'NORTE COMERCIO 001 S.L.', 'Atención al cliente', '2024-12-01', '2025-04-06', '50%', 'AYUDANTES NO TITULADOS', 'Duración Determinada', NULL, 115, 'Contrato para seguimiento de inserción.'),
(42, 'B10000017', 'NUEVA TECNOLOGÍA 017 S.L.', 'Limpieza', '2024-04-26', '2024-07-26', 'Fijo Discontínuo', 'SUBALTERNOS', 'Temporal', 20, 99, NULL),
(42, 'B10000025', 'EXPERTA TECNOLOGÍA 025 S.L.', 'Sanidad', '2025-09-28', NULL, 'Tiempo Completo', 'AYUDANTES NO TITULADOS', 'Indefinido', 40, 196, 'Contrato para seguimiento de inserción.'),
(42, 'B10000026', 'GLOBAL SERVICIOS 026 S.L.', 'Seguridad', '2025-03-04', '2025-10-29', '50%', 'OFICIALES DE TERCERA Y ESPECIALISTAS', 'Temporal', NULL, 229, NULL),
(42, 'B10000013', 'GLOBAL DISTRIBUCIÓN 013 S.L.', 'Sanidad', '2025-07-24', '2025-09-09', 'Tiempo Completo', 'SUBALTERNOS', 'Duración Determinada', 20, 49, NULL),
(42, 'B10000025', 'EXPERTA TECNOLOGÍA 025 S.L.', 'Sanidad', '2025-11-17', NULL, 'Tiempo Completo', 'AYUDANTES NO TITULADOS', 'Temporal', 40, 205, NULL),
(43, 'B10000007', 'EXPERTA GESTIÓN 007 S.L.', 'Logística', '2025-08-23', '2025-09-26', 'Tiempo Parcial', 'PEONES', 'Duración Determinada', 40, 36, NULL),
(43, 'B10000024', 'EXPERTA SERVICIOS 024 S.L.', 'Limpieza', '2025-01-31', '2025-04-28', '50%', 'INGENIEROS Y LICENCIADOS  DE ALTA DIRECCIÓN', 'Indefinido', NULL, 94, NULL),
(43, 'B10000014', 'URBANA COMERCIO 014 S.L.', 'Limpieza', '2026-01-04', NULL, 'Fijo Discontínuo', 'OFICIALES DE TERCERA Y ESPECIALISTAS', 'Duración Determinada', 30, 75, NULL),
(43, 'B10000018', 'CENTRAL DISTRIBUCIÓN 018 S.L.', 'Limpieza', '2024-11-01', '2025-06-17', 'Tiempo Parcial', 'OFICIALES DE TERCERA Y ESPECIALISTAS', 'Duración Determinada', 20, 239, NULL),
(43, 'B10000029', 'ALFA DISTRIBUCIÓN 029 S.L.', 'Atención al cliente', '2025-08-02', '2026-01-27', 'Tiempo Parcial', 'OFICIALES ADMINISTRATIVOS', 'Temporal', 20, 166, NULL),
(43, 'B10000029', 'ALFA DISTRIBUCIÓN 029 S.L.', 'Atención al cliente', '2025-04-04', '2025-09-19', 'Fijo Discontínuo', 'OFICIALES DE PRIMERA Y SEGUNDA', 'Temporal', 40, 154, 'Contrato para seguimiento de inserción.'),
(43, 'B10000029', 'ALFA DISTRIBUCIÓN 029 S.L.', 'Atención al cliente', '2024-12-26', '2025-07-20', '50%', 'AUXILIARES ADMINISTRATIVOS', 'Indefinido', NULL, 218, NULL),
(43, 'B10000002', 'URBANA HOSTELERÍA 002 S.L.', 'Sanidad', '2025-03-15', '2025-09-23', 'Fijo Discontínuo', 'SUBALTERNOS', 'Indefinido', 30, 180, NULL),
(43, 'B10000026', 'GLOBAL SERVICIOS 026 S.L.', 'Seguridad', '2025-05-20', '2025-12-12', 'Tiempo Completo', 'OFICIALES DE PRIMERA Y SEGUNDA', 'Duración Determinada', 30, 204, NULL),
(43, 'B10000020', 'NUEVA COMERCIO 020 S.L.', 'Sanidad', '2025-06-16', '2025-10-17', 'Tiempo Completo', 'TRABAJADORES MENORES DE DIECIOCHO AÑOS, CUALQUIERA QUE SEA SU CATEGORÍA PROFESIONAL', 'Indefinido', 20, 117, NULL),
(44, 'B10000021', 'URBANA COMERCIO 021 S.L.', 'Comercio', '2025-08-29', '2025-10-29', 'Tiempo Completo', 'JEFES ADMINISTRATIVOS Y DE TALLER', 'Indefinido', 30, 59, NULL),
(44, 'B10000018', 'CENTRAL DISTRIBUCIÓN 018 S.L.', 'Limpieza', '2025-10-31', NULL, 'Tiempo Completo', 'AUXILIARES ADMINISTRATIVOS', 'Duración Determinada', 40, 153, NULL),
(44, 'B10000007', 'EXPERTA GESTIÓN 007 S.L.', 'Logística', '2025-04-22', '2025-07-26', 'Tiempo Completo', 'OFICIALES ADMINISTRATIVOS', 'Duración Determinada', 40, 96, NULL),
(45, 'B10000014', 'URBANA COMERCIO 014 S.L.', 'Limpieza', '2025-03-01', '2025-06-11', 'Fijo Discontínuo', 'TRABAJADORES MENORES DE DIECIOCHO AÑOS, CUALQUIERA QUE SEA SU CATEGORÍA PROFESIONAL', 'Indefinido', 40, 113, NULL),
(45, 'B10000023', 'URBANA SERVICIOS 023 S.L.', 'Seguridad', '2024-10-23', '2025-05-03', '100%', 'OFICIALES DE PRIMERA Y SEGUNDA', 'Indefinido', NULL, 179, NULL),
(45, 'B10000018', 'CENTRAL DISTRIBUCIÓN 018 S.L.', 'Limpieza', '2026-01-08', NULL, '100%', 'PEONES', 'Duración Determinada', NULL, 74, NULL),
(45, 'B10000012', 'IBÉRICA LOGÍSTICA 012 S.L.', 'Comercio', '2024-05-31', '2025-01-04', 'Fijo Discontínuo', 'SUBALTERNOS', 'Temporal', 30, 209, 'Contrato para seguimiento de inserción.'),
(46, 'B10000024', 'EXPERTA SERVICIOS 024 S.L.', 'Limpieza', '2026-01-06', NULL, 'Fijo Discontínuo', 'INGENIEROS TÉCNICOS, PERITOS Y AYUDANTES TITULADOS', 'Temporal', 20, 84, NULL),
(46, 'B10000018', 'CENTRAL DISTRIBUCIÓN 018 S.L.', 'Limpieza', '2024-02-18', '2024-05-24', 'Tiempo Parcial', 'PEONES', 'Indefinido', 20, 97, NULL),
(46, 'B10000015', 'NORTE TECNOLOGÍA 015 S.L.', 'Logística', '2024-02-28', '2024-04-12', 'Tiempo Completo', 'AUXILIARES ADMINISTRATIVOS', 'Temporal', 30, 41, NULL),
(46, 'B10000001', 'NORTE COMERCIO 001 S.L.', 'Atención al cliente', '2024-06-27', '2024-08-03', 'Tiempo Completo', 'OFICIALES DE TERCERA Y ESPECIALISTAS', 'Duración Determinada', 20, 35, NULL),
(46, 'B10000030', 'CENTRAL TECNOLOGÍA 030 S.L.', 'Tecnología', '2025-11-24', NULL, 'Fijo Discontínuo', 'OFICIALES DE PRIMERA Y SEGUNDA', 'Indefinido', 40, 116, NULL),
(46, 'B10000009', 'NUEVA GESTIÓN 009 S.L.', 'Atención al cliente', '2026-01-12', NULL, 'Tiempo Parcial', 'OFICIALES DE TERCERA Y ESPECIALISTAS', 'Temporal', 40, 86, NULL),
(46, 'B10000023', 'URBANA SERVICIOS 023 S.L.', 'Seguridad', '2025-09-12', '2025-10-24', 'Fijo Discontínuo', 'AUXILIARES ADMINISTRATIVOS', 'Duración Determinada', 30, 47, 'Contrato para seguimiento de inserción.'),
(46, 'B10000010', 'CENTRAL LOGÍSTICA 010 S.L.', 'Comercio', '2024-10-05', '2025-05-23', 'Tiempo Completo', 'PEONES', 'Indefinido', 40, 243, NULL),
(47, 'B10000015', 'NORTE TECNOLOGÍA 015 S.L.', 'Logística', '2024-04-12', '2024-07-24', '50%', 'PEONES', 'Duración Determinada', NULL, 113, NULL),
(47, 'B10000017', 'NUEVA TECNOLOGÍA 017 S.L.', 'Limpieza', '2025-05-26', '2025-07-10', 'Tiempo Completo', 'SUBALTERNOS', 'Temporal', 20, 48, NULL),
(47, 'B10000009', 'NUEVA GESTIÓN 009 S.L.', 'Atención al cliente', '2025-05-24', '2025-11-17', 'Fijo Discontínuo', 'TRABAJADORES MENORES DE DIECIOCHO AÑOS, CUALQUIERA QUE SEA SU CATEGORÍA PROFESIONAL', 'Temporal', 20, 170, NULL),
(47, 'B10000012', 'IBÉRICA LOGÍSTICA 012 S.L.', 'Comercio', '2024-04-03', '2024-11-20', 'Fijo Discontínuo', 'TRABAJADORES MENORES DE DIECIOCHO AÑOS, CUALQUIERA QUE SEA SU CATEGORÍA PROFESIONAL', 'Duración Determinada', 40, 251, NULL),
(47, 'B10000016', 'NORTE DISTRIBUCIÓN 016 S.L.', 'Administración', '2024-04-05', '2024-11-24', 'Tiempo Completo', 'AUXILIARES ADMINISTRATIVOS', 'Duración Determinada', 20, 224, NULL),
(47, 'B10000003', 'ALFA GESTIÓN 003 S.L.', 'Construcción', '2024-08-29', '2024-09-27', 'Fijo Discontínuo', 'INGENIEROS Y LICENCIADOS  DE ALTA DIRECCIÓN', 'Duración Determinada', 20, 30, NULL),
(47, 'B10000002', 'URBANA HOSTELERÍA 002 S.L.', 'Sanidad', '2024-07-19', '2025-02-24', 'Tiempo Completo', 'SUBALTERNOS', 'Indefinido', 20, 202, NULL),
(47, 'B10000022', 'URBANA COMERCIO 022 S.L.', 'Seguridad', '2024-07-11', '2024-11-26', 'Fijo Discontínuo', 'INGENIEROS TÉCNICOS, PERITOS Y AYUDANTES TITULADOS', 'Indefinido', 20, 129, 'Contrato para seguimiento de inserción.'),
(47, 'B10000028', 'NUEVA GESTIÓN 028 S.L.', 'Hostelería', '2024-02-15', '2024-05-05', 'Fijo Discontínuo', 'INGENIEROS TÉCNICOS, PERITOS Y AYUDANTES TITULADOS', 'Duración Determinada', 20, 74, NULL),
(47, 'B10000014', 'URBANA COMERCIO 014 S.L.', 'Limpieza', '2024-04-06', '2024-10-28', 'Fijo Discontínuo', 'OFICIALES ADMINISTRATIVOS', 'Duración Determinada', 30, 192, NULL),
(48, 'B10000006', 'CENTRAL COMERCIO 006 S.L.', 'Logística', '2025-06-18', '2025-08-03', 'Fijo Discontínuo', 'TRABAJADORES MENORES DE DIECIOCHO AÑOS, CUALQUIERA QUE SEA SU CATEGORÍA PROFESIONAL', 'Indefinido', 20, 50, NULL),
(48, 'B10000004', 'IBÉRICA COMERCIO 004 S.L.', 'Seguridad', '2024-04-26', '2024-10-27', 'Fijo Discontínuo', 'INGENIEROS TÉCNICOS, PERITOS Y AYUDANTES TITULADOS', 'Temporal', 40, 173, NULL),
(48, 'B10000024', 'EXPERTA SERVICIOS 024 S.L.', 'Limpieza', '2025-07-20', '2025-10-13', '50%', 'INGENIEROS TÉCNICOS, PERITOS Y AYUDANTES TITULADOS', 'Duración Determinada', NULL, 84, 'Contrato para seguimiento de inserción.'),
(49, 'B10000005', 'NORTE TECNOLOGÍA 005 S.L.', 'Construcción', '2024-05-08', '2024-11-25', 'Fijo Discontínuo', 'OFICIALES ADMINISTRATIVOS', 'Temporal', 30, 201, NULL),
(49, 'B10000001', 'NORTE COMERCIO 001 S.L.', 'Atención al cliente', '2024-05-05', '2024-10-10', 'Tiempo Completo', 'TRABAJADORES MENORES DE DIECIOCHO AÑOS, CUALQUIERA QUE SEA SU CATEGORÍA PROFESIONAL', 'Duración Determinada', 30, 170, NULL),
(49, 'B10000003', 'ALFA GESTIÓN 003 S.L.', 'Construcción', '2024-09-22', '2025-01-08', '50%', 'AYUDANTES NO TITULADOS', 'Indefinido', NULL, 113, NULL),
(49, 'B10000027', 'EXPERTA COMERCIO 027 S.L.', 'Tecnología', '2024-02-07', '2024-05-20', 'Tiempo Completo', 'TRABAJADORES MENORES DE DIECIOCHO AÑOS, CUALQUIERA QUE SEA SU CATEGORÍA PROFESIONAL', 'Duración Determinada', 40, 100, 'Contrato para seguimiento de inserción.'),
(49, 'B10000014', 'URBANA COMERCIO 014 S.L.', 'Limpieza', '2025-11-11', NULL, 'Fijo Discontínuo', 'INGENIEROS TÉCNICOS, PERITOS Y AYUDANTES TITULADOS', 'Duración Determinada', 20, 95, NULL),
(50, 'B10000025', 'EXPERTA TECNOLOGÍA 025 S.L.', 'Sanidad', '2024-05-14', '2024-09-29', 'Tiempo Parcial', 'OFICIALES DE TERCERA Y ESPECIALISTAS', 'Temporal', 30, 148, 'Contrato para seguimiento de inserción.'),
(50, 'B10000027', 'EXPERTA COMERCIO 027 S.L.', 'Tecnología', '2024-02-07', '2024-04-20', '100%', 'INGENIEROS Y LICENCIADOS  DE ALTA DIRECCIÓN', 'Duración Determinada', NULL, 72, NULL),
(50, 'B10000018', 'CENTRAL DISTRIBUCIÓN 018 S.L.', 'Limpieza', '2024-07-16', '2024-12-18', '75%', 'OFICIALES ADMINISTRATIVOS', 'Indefinido', NULL, 166, NULL),
(50, 'B10000024', 'EXPERTA SERVICIOS 024 S.L.', 'Limpieza', '2024-03-28', '2024-10-04', 'Tiempo Parcial', 'INGENIEROS Y LICENCIADOS  DE ALTA DIRECCIÓN', 'Duración Determinada', 40, 182, NULL),
(50, 'B10000028', 'NUEVA GESTIÓN 028 S.L.', 'Hostelería', '2024-09-11', '2025-02-26', 'Tiempo Parcial', 'INGENIEROS TÉCNICOS, PERITOS Y AYUDANTES TITULADOS', 'Temporal', 40, 174, NULL),
(50, 'B10000023', 'URBANA SERVICIOS 023 S.L.', 'Seguridad', '2025-02-26', '2025-07-19', 'Tiempo Completo', 'INGENIEROS TÉCNICOS, PERITOS Y AYUDANTES TITULADOS', 'Temporal', 30, 148, NULL),
(50, 'B10000022', 'URBANA COMERCIO 022 S.L.', 'Seguridad', '2024-10-01', '2025-05-20', 'Tiempo Parcial', 'PEONES', 'Duración Determinada', 20, 249, NULL),
(50, 'B10000012', 'IBÉRICA LOGÍSTICA 012 S.L.', 'Comercio', '2025-07-18', '2025-09-24', 'Tiempo Parcial', 'JEFES ADMINISTRATIVOS Y DE TALLER', 'Temporal', 40, 76, NULL),
(51, 'B10000003', 'ALFA GESTIÓN 003 S.L.', 'Construcción', '2025-06-28', '2026-01-12', 'Tiempo Parcial', 'AYUDANTES NO TITULADOS', 'Indefinido', 30, 204, NULL),
(51, 'B10000015', 'NORTE TECNOLOGÍA 015 S.L.', 'Logística', '2024-12-02', '2025-05-27', '75%', 'OFICIALES DE TERCERA Y ESPECIALISTAS', 'Indefinido', NULL, 178, 'Contrato para seguimiento de inserción.'),
(51, 'B10000008', 'NORTE SOLUCIONES 008 S.L.', 'Limpieza', '2025-07-30', NULL, 'Tiempo Completo', 'JEFES ADMINISTRATIVOS Y DE TALLER', 'Duración Determinada', 40, 198, NULL),
(52, 'B10000001', 'NORTE COMERCIO 001 S.L.', 'Atención al cliente', '2025-08-30', '2026-01-30', 'Fijo Discontínuo', 'INGENIEROS Y LICENCIADOS  DE ALTA DIRECCIÓN', 'Temporal', 40, 158, NULL),
(52, 'B10000022', 'URBANA COMERCIO 022 S.L.', 'Seguridad', '2025-04-03', '2025-09-15', 'Tiempo Parcial', 'PEONES', 'Temporal', 40, 159, NULL),
(52, 'B10000005', 'NORTE TECNOLOGÍA 005 S.L.', 'Construcción', '2025-11-30', NULL, 'Tiempo Completo', 'OFICIALES DE PRIMERA Y SEGUNDA', 'Indefinido', 20, 212, NULL),
(52, 'B10000023', 'URBANA SERVICIOS 023 S.L.', 'Seguridad', '2025-03-18', '2025-05-01', 'Tiempo Completo', 'TRABAJADORES MENORES DE DIECIOCHO AÑOS, CUALQUIERA QUE SEA SU CATEGORÍA PROFESIONAL', 'Temporal', 40, 47, 'Contrato para seguimiento de inserción.'),
(52, 'B10000016', 'NORTE DISTRIBUCIÓN 016 S.L.', 'Administración', '2024-08-06', '2025-01-01', 'Tiempo Completo', 'OFICIALES DE PRIMERA Y SEGUNDA', 'Duración Determinada', 20, 151, NULL),
(52, 'B10000022', 'URBANA COMERCIO 022 S.L.', 'Seguridad', '2025-11-28', NULL, '100%', 'INGENIEROS Y LICENCIADOS  DE ALTA DIRECCIÓN', 'Duración Determinada', NULL, 203, 'Contrato para seguimiento de inserción.'),
(52, 'B10000001', 'NORTE COMERCIO 001 S.L.', 'Atención al cliente', '2025-01-01', '2025-07-27', 'Tiempo Parcial', 'OFICIALES ADMINISTRATIVOS', 'Indefinido', 40, 192, NULL),
(53, 'B10000025', 'EXPERTA TECNOLOGÍA 025 S.L.', 'Sanidad', '2024-06-13', '2024-12-04', 'Tiempo Completo', 'JEFES ADMINISTRATIVOS Y DE TALLER', 'Duración Determinada', 30, 191, NULL),
(53, 'B10000022', 'URBANA COMERCIO 022 S.L.', 'Seguridad', '2025-12-16', NULL, 'Tiempo Parcial', 'OFICIALES DE TERCERA Y ESPECIALISTAS', 'Duración Determinada', 20, 45, 'Contrato para seguimiento de inserción.'),
(53, 'B10000018', 'CENTRAL DISTRIBUCIÓN 018 S.L.', 'Limpieza', '2024-07-26', '2024-09-18', 'Tiempo Completo', 'INGENIEROS Y LICENCIADOS  DE ALTA DIRECCIÓN', 'Temporal', 40, 54, NULL),
(53, 'B10000030', 'CENTRAL TECNOLOGÍA 030 S.L.', 'Tecnología', '2025-09-27', '2025-12-23', 'Tiempo Completo', 'TRABAJADORES MENORES DE DIECIOCHO AÑOS, CUALQUIERA QUE SEA SU CATEGORÍA PROFESIONAL', 'Duración Determinada', 30, 91, 'Contrato para seguimiento de inserción.'),
(53, 'B10000018', 'CENTRAL DISTRIBUCIÓN 018 S.L.', 'Limpieza', '2024-03-05', '2024-04-12', 'Fijo Discontínuo', 'JEFES ADMINISTRATIVOS Y DE TALLER', 'Temporal', 30, 40, 'Contrato para seguimiento de inserción.'),
(53, 'B10000018', 'CENTRAL DISTRIBUCIÓN 018 S.L.', 'Limpieza', '2024-08-31', '2025-01-10', 'Tiempo Parcial', 'OFICIALES DE TERCERA Y ESPECIALISTAS', 'Temporal', 40, 122, NULL),
(53, 'B10000007', 'EXPERTA GESTIÓN 007 S.L.', 'Logística', '2024-12-04', '2025-03-28', 'Fijo Discontínuo', 'PEONES', 'Duración Determinada', 40, 111, NULL),
(53, 'B10000027', 'EXPERTA COMERCIO 027 S.L.', 'Tecnología', '2025-03-21', '2025-08-18', 'Fijo Discontínuo', 'OFICIALES ADMINISTRATIVOS', 'Temporal', 20, 138, NULL),
(53, 'B10000030', 'CENTRAL TECNOLOGÍA 030 S.L.', 'Tecnología', '2024-12-21', '2025-08-03', 'Tiempo Completo', 'SUBALTERNOS', 'Indefinido', 20, 245, NULL),
(54, 'B10000012', 'IBÉRICA LOGÍSTICA 012 S.L.', 'Comercio', '2024-06-03', '2025-01-26', 'Tiempo Parcial', 'OFICIALES ADMINISTRATIVOS', 'Temporal', 20, 215, NULL),
(54, 'B10000002', 'URBANA HOSTELERÍA 002 S.L.', 'Sanidad', '2024-04-30', '2024-10-08', 'Tiempo Parcial', 'TRABAJADORES MENORES DE DIECIOCHO AÑOS, CUALQUIERA QUE SEA SU CATEGORÍA PROFESIONAL', 'Indefinido', 30, 176, NULL),
(54, 'B10000020', 'NUEVA COMERCIO 020 S.L.', 'Sanidad', '2025-06-23', '2025-11-13', 'Tiempo Completo', 'AUXILIARES ADMINISTRATIVOS', 'Duración Determinada', 40, 134, NULL),
(54, 'B10000030', 'CENTRAL TECNOLOGÍA 030 S.L.', 'Tecnología', '2024-10-03', '2025-05-17', '75%', 'JEFES ADMINISTRATIVOS Y DE TALLER', 'Temporal', NULL, 240, 'Contrato para seguimiento de inserción.'),
(54, 'B10000010', 'CENTRAL LOGÍSTICA 010 S.L.', 'Comercio', '2025-06-08', '2025-09-06', '100%', 'JEFES ADMINISTRATIVOS Y DE TALLER', 'Indefinido', NULL, 83, NULL),
(54, 'B10000020', 'NUEVA COMERCIO 020 S.L.', 'Sanidad', '2025-10-12', '2026-01-21', 'Fijo Discontínuo', 'AYUDANTES NO TITULADOS', 'Duración Determinada', 40, 97, NULL),
(55, 'B10000019', 'GLOBAL LOGÍSTICA 019 S.L.', 'Tecnología', '2024-08-21', '2025-04-06', 'Tiempo Completo', 'SUBALTERNOS', 'Indefinido', 30, 213, 'Contrato para seguimiento de inserción.'),
(55, 'B10000016', 'NORTE DISTRIBUCIÓN 016 S.L.', 'Administración', '2024-08-08', '2025-03-02', 'Tiempo Completo', 'JEFES ADMINISTRATIVOS Y DE TALLER', 'Duración Determinada', 30, 198, NULL),
(55, 'B10000003', 'ALFA GESTIÓN 003 S.L.', 'Construcción', '2024-10-03', '2025-01-21', 'Fijo Discontínuo', 'OFICIALES DE PRIMERA Y SEGUNDA', 'Temporal', 40, 109, NULL),
(55, 'B10000028', 'NUEVA GESTIÓN 028 S.L.', 'Hostelería', '2024-11-16', '2025-03-23', 'Fijo Discontínuo', 'INGENIEROS Y LICENCIADOS  DE ALTA DIRECCIÓN', 'Temporal', 20, 117, NULL),
(55, 'B10000011', 'URBANA HOSTELERÍA 011 S.L.', 'Hostelería', '2024-03-18', '2024-08-08', 'Tiempo Parcial', 'TRABAJADORES MENORES DE DIECIOCHO AÑOS, CUALQUIERA QUE SEA SU CATEGORÍA PROFESIONAL', 'Duración Determinada', 30, 146, 'Contrato para seguimiento de inserción.'),
(55, 'B10000010', 'CENTRAL LOGÍSTICA 010 S.L.', 'Comercio', '2024-08-04', '2024-12-14', 'Tiempo Completo', 'AUXILIARES ADMINISTRATIVOS', 'Duración Determinada', 40, 142, NULL),
(55, 'B10000013', 'GLOBAL DISTRIBUCIÓN 013 S.L.', 'Sanidad', '2025-06-17', '2025-09-18', '75%', 'SUBALTERNOS', 'Indefinido', NULL, 91, NULL),
(55, 'B10000025', 'EXPERTA TECNOLOGÍA 025 S.L.', 'Sanidad', '2025-12-29', NULL, 'Tiempo Parcial', 'PEONES', 'Duración Determinada', 20, 188, NULL),
(55, 'B10000010', 'CENTRAL LOGÍSTICA 010 S.L.', 'Comercio', '2025-10-03', '2025-12-24', '100%', 'INGENIEROS Y LICENCIADOS  DE ALTA DIRECCIÓN', 'Indefinido', NULL, 77, 'Contrato para seguimiento de inserción.'),
(55, 'B10000008', 'NORTE SOLUCIONES 008 S.L.', 'Limpieza', '2024-08-03', '2024-10-23', 'Tiempo Parcial', 'PEONES', 'Temporal', 30, 85, 'Contrato para seguimiento de inserción.'),
(56, 'B10000002', 'URBANA HOSTELERÍA 002 S.L.', 'Sanidad', '2024-09-29', '2025-04-28', 'Fijo Discontínuo', 'AUXILIARES ADMINISTRATIVOS', 'Temporal', 20, 226, NULL),
(56, 'B10000017', 'NUEVA TECNOLOGÍA 017 S.L.', 'Limpieza', '2025-07-18', '2025-08-19', 'Fijo Discontínuo', 'AYUDANTES NO TITULADOS', 'Indefinido', 30, 31, NULL),
(56, 'B10000011', 'URBANA HOSTELERÍA 011 S.L.', 'Hostelería', '2025-04-09', '2025-11-03', 'Fijo Discontínuo', 'PEONES', 'Temporal', 40, 221, NULL),
(56, 'B10000020', 'NUEVA COMERCIO 020 S.L.', 'Sanidad', '2025-08-27', '2026-01-18', 'Tiempo Completo', 'OFICIALES ADMINISTRATIVOS', 'Indefinido', 30, 145, NULL),
(56, 'B10000015', 'NORTE TECNOLOGÍA 015 S.L.', 'Logística', '2025-07-10', '2025-08-29', 'Fijo Discontínuo', 'INGENIEROS TÉCNICOS, PERITOS Y AYUDANTES TITULADOS', 'Indefinido', 20, 46, NULL),
(56, 'B10000019', 'GLOBAL LOGÍSTICA 019 S.L.', 'Tecnología', '2024-03-05', '2024-04-19', '75%', 'OFICIALES DE TERCERA Y ESPECIALISTAS', 'Indefinido', NULL, 49, NULL),
(56, 'B10000001', 'NORTE COMERCIO 001 S.L.', 'Atención al cliente', '2024-11-04', '2025-04-26', '75%', 'PEONES', 'Indefinido', NULL, 173, 'Contrato para seguimiento de inserción.'),
(57, 'B10000030', 'CENTRAL TECNOLOGÍA 030 S.L.', 'Tecnología', '2025-09-25', NULL, 'Tiempo Parcial', 'OFICIALES DE PRIMERA Y SEGUNDA', 'Duración Determinada', 20, 167, NULL),
(57, 'B10000017', 'NUEVA TECNOLOGÍA 017 S.L.', 'Limpieza', '2024-12-16', '2025-03-22', 'Tiempo Completo', 'INGENIEROS TÉCNICOS, PERITOS Y AYUDANTES TITULADOS', 'Temporal', 30, 90, NULL),
(57, 'B10000020', 'NUEVA COMERCIO 020 S.L.', 'Sanidad', '2024-08-13', '2024-12-24', 'Fijo Discontínuo', 'AYUDANTES NO TITULADOS', 'Indefinido', 40, 126, NULL),
(57, 'B10000030', 'CENTRAL TECNOLOGÍA 030 S.L.', 'Tecnología', '2025-03-14', '2025-05-23', 'Tiempo Completo', 'PEONES', 'Temporal', 30, 66, NULL),
(57, 'B10000026', 'GLOBAL SERVICIOS 026 S.L.', 'Seguridad', '2024-08-24', '2025-01-14', '75%', 'TRABAJADORES MENORES DE DIECIOCHO AÑOS, CUALQUIERA QUE SEA SU CATEGORÍA PROFESIONAL', 'Indefinido', NULL, 156, 'Contrato para seguimiento de inserción.'),
(57, 'B10000013', 'GLOBAL DISTRIBUCIÓN 013 S.L.', 'Sanidad', '2024-02-23', '2024-09-28', 'Fijo Discontínuo', 'AUXILIARES ADMINISTRATIVOS', 'Duración Determinada', 30, 201, NULL),
(57, 'B10000011', 'URBANA HOSTELERÍA 011 S.L.', 'Hostelería', '2025-02-05', '2025-06-08', 'Tiempo Completo', 'SUBALTERNOS', 'Indefinido', 40, 131, NULL),
(57, 'B10000001', 'NORTE COMERCIO 001 S.L.', 'Atención al cliente', '2024-05-08', '2024-12-31', 'Tiempo Completo', 'INGENIEROS Y LICENCIADOS  DE ALTA DIRECCIÓN', 'Duración Determinada', 30, 228, NULL),
(58, 'B10000005', 'NORTE TECNOLOGÍA 005 S.L.', 'Construcción', '2025-01-25', '2025-04-11', 'Fijo Discontínuo', 'OFICIALES DE TERCERA Y ESPECIALISTAS', 'Indefinido', 20, 73, NULL),
(58, 'B10000006', 'CENTRAL COMERCIO 006 S.L.', 'Logística', '2024-10-09', '2025-04-26', '50%', 'AYUDANTES NO TITULADOS', 'Indefinido', NULL, 185, NULL),
(58, 'B10000026', 'GLOBAL SERVICIOS 026 S.L.', 'Seguridad', '2025-07-29', '2026-01-11', 'Tiempo Completo', 'AUXILIARES ADMINISTRATIVOS', 'Indefinido', 30, 183, NULL),
(58, 'B10000004', 'IBÉRICA COMERCIO 004 S.L.', 'Seguridad', '2024-02-25', '2024-10-09', 'Fijo Discontínuo', 'AUXILIARES ADMINISTRATIVOS', 'Duración Determinada', 40, 225, NULL),
(59, 'B10000022', 'URBANA COMERCIO 022 S.L.', 'Seguridad', '2026-01-06', NULL, 'Fijo Discontínuo', 'INGENIEROS TÉCNICOS, PERITOS Y AYUDANTES TITULADOS', 'Duración Determinada', 30, 122, NULL),
(59, 'B10000010', 'CENTRAL LOGÍSTICA 010 S.L.', 'Comercio', '2024-08-02', '2024-09-27', 'Fijo Discontínuo', 'SUBALTERNOS', 'Duración Determinada', 40, 59, NULL),
(59, 'B10000007', 'EXPERTA GESTIÓN 007 S.L.', 'Logística', '2025-01-17', '2025-08-14', '75%', 'TRABAJADORES MENORES DE DIECIOCHO AÑOS, CUALQUIERA QUE SEA SU CATEGORÍA PROFESIONAL', 'Temporal', NULL, 194, NULL),
(59, 'B10000016', 'NORTE DISTRIBUCIÓN 016 S.L.', 'Administración', '2024-12-02', '2025-03-28', 'Tiempo Parcial', 'INGENIEROS Y LICENCIADOS  DE ALTA DIRECCIÓN', 'Temporal', 30, 122, NULL),
(60, 'B10000012', 'IBÉRICA LOGÍSTICA 012 S.L.', 'Comercio', '2024-03-17', '2024-10-25', '100%', 'OFICIALES ADMINISTRATIVOS', 'Temporal', NULL, 235, NULL),
(60, 'B10000008', 'NORTE SOLUCIONES 008 S.L.', 'Limpieza', '2024-06-02', '2024-07-21', 'Fijo Discontínuo', 'INGENIEROS TÉCNICOS, PERITOS Y AYUDANTES TITULADOS', 'Temporal', 30, 54, NULL),
(60, 'B10000004', 'IBÉRICA COMERCIO 004 S.L.', 'Seguridad', '2024-09-12', '2025-02-15', 'Tiempo Parcial', 'PEONES', 'Duración Determinada', 30, 146, 'Contrato para seguimiento de inserción.'),
(60, 'B10000007', 'EXPERTA GESTIÓN 007 S.L.', 'Logística', '2024-11-09', '2025-05-21', 'Tiempo Parcial', 'AUXILIARES ADMINISTRATIVOS', 'Temporal', 20, 206, NULL),
(60, 'B10000005', 'NORTE TECNOLOGÍA 005 S.L.', 'Construcción', '2024-10-14', '2025-04-26', 'Fijo Discontínuo', 'PEONES', 'Temporal', 30, 210, NULL),
(60, 'B10000013', 'GLOBAL DISTRIBUCIÓN 013 S.L.', 'Sanidad', '2024-10-08', '2024-11-15', '50%', 'OFICIALES DE PRIMERA Y SEGUNDA', 'Duración Determinada', NULL, 41, 'Contrato para seguimiento de inserción.'),
(61, 'B10000020', 'NUEVA COMERCIO 020 S.L.', 'Sanidad', '2024-12-01', '2025-02-25', '75%', 'SUBALTERNOS', 'Indefinido', NULL, 81, 'Contrato para seguimiento de inserción.'),
(61, 'B10000011', 'URBANA HOSTELERÍA 011 S.L.', 'Hostelería', '2025-05-10', '2025-07-12', '75%', 'AYUDANTES NO TITULADOS', 'Temporal', NULL, 64, 'Contrato para seguimiento de inserción.'),
(61, 'B10000028', 'NUEVA GESTIÓN 028 S.L.', 'Hostelería', '2025-10-01', '2026-01-22', 'Tiempo Completo', 'INGENIEROS TÉCNICOS, PERITOS Y AYUDANTES TITULADOS', 'Indefinido', 40, 103, NULL),
(61, 'B10000027', 'EXPERTA COMERCIO 027 S.L.', 'Tecnología', '2025-04-26', '2025-10-01', 'Tiempo Completo', 'OFICIALES ADMINISTRATIVOS', 'Temporal', 20, 157, NULL),
(61, 'B10000011', 'URBANA HOSTELERÍA 011 S.L.', 'Hostelería', '2025-07-23', '2025-12-11', 'Tiempo Completo', 'JEFES ADMINISTRATIVOS Y DE TALLER', 'Indefinido', 20, 132, 'Contrato para seguimiento de inserción.'),
(61, 'B10000011', 'URBANA HOSTELERÍA 011 S.L.', 'Hostelería', '2025-11-15', NULL, 'Fijo Discontínuo', 'AYUDANTES NO TITULADOS', 'Temporal', 20, 208, 'Contrato para seguimiento de inserción.'),
(61, 'B10000020', 'NUEVA COMERCIO 020 S.L.', 'Sanidad', '2025-11-24', '2025-12-28', '75%', 'OFICIALES DE TERCERA Y ESPECIALISTAS', 'Temporal', NULL, 38, 'Contrato para seguimiento de inserción.'),
(61, 'B10000025', 'EXPERTA TECNOLOGÍA 025 S.L.', 'Sanidad', '2025-06-07', '2025-11-12', 'Tiempo Completo', 'INGENIEROS Y LICENCIADOS  DE ALTA DIRECCIÓN', 'Temporal', 30, 148, NULL),
(61, 'B10000003', 'ALFA GESTIÓN 003 S.L.', 'Construcción', '2024-11-10', '2025-02-18', 'Tiempo Completo', 'INGENIEROS TÉCNICOS, PERITOS Y AYUDANTES TITULADOS', 'Temporal', 20, 94, NULL),
(61, 'B10000005', 'NORTE TECNOLOGÍA 005 S.L.', 'Construcción', '2024-10-01', '2024-11-13', 'Tiempo Completo', 'OFICIALES ADMINISTRATIVOS', 'Temporal', 20, 48, NULL),
(62, 'B10000022', 'URBANA COMERCIO 022 S.L.', 'Seguridad', '2024-10-06', '2024-11-28', 'Fijo Discontínuo', 'OFICIALES DE PRIMERA Y SEGUNDA', 'Temporal', 30, 55, NULL),
(62, 'B10000027', 'EXPERTA COMERCIO 027 S.L.', 'Tecnología', '2025-06-26', '2025-08-22', 'Tiempo Completo', 'PEONES', 'Duración Determinada', 20, 54, 'Contrato para seguimiento de inserción.'),
(62, 'B10000006', 'CENTRAL COMERCIO 006 S.L.', 'Logística', '2025-04-14', '2025-11-15', 'Tiempo Completo', 'TRABAJADORES MENORES DE DIECIOCHO AÑOS, CUALQUIERA QUE SEA SU CATEGORÍA PROFESIONAL', 'Indefinido', 20, 205, NULL),
(63, 'B10000010', 'CENTRAL LOGÍSTICA 010 S.L.', 'Comercio', '2024-05-31', '2024-08-27', 'Tiempo Completo', 'TRABAJADORES MENORES DE DIECIOCHO AÑOS, CUALQUIERA QUE SEA SU CATEGORÍA PROFESIONAL', 'Temporal', 20, 88, NULL),
(63, 'B10000005', 'NORTE TECNOLOGÍA 005 S.L.', 'Construcción', '2024-03-23', '2024-09-23', '100%', 'AUXILIARES ADMINISTRATIVOS', 'Indefinido', NULL, 192, NULL),
(63, 'B10000002', 'URBANA HOSTELERÍA 002 S.L.', 'Sanidad', '2024-02-18', '2024-04-08', 'Tiempo Parcial', 'INGENIEROS TÉCNICOS, PERITOS Y AYUDANTES TITULADOS', 'Indefinido', 40, 48, NULL),
(63, 'B10000021', 'URBANA COMERCIO 021 S.L.', 'Comercio', '2025-07-15', '2025-08-24', '75%', 'INGENIEROS TÉCNICOS, PERITOS Y AYUDANTES TITULADOS', 'Indefinido', NULL, 41, NULL),
(63, 'B10000002', 'URBANA HOSTELERÍA 002 S.L.', 'Sanidad', '2024-06-01', '2024-12-28', 'Tiempo Parcial', 'INGENIEROS TÉCNICOS, PERITOS Y AYUDANTES TITULADOS', 'Indefinido', 20, 212, 'Contrato para seguimiento de inserción.'),
(63, 'B10000003', 'ALFA GESTIÓN 003 S.L.', 'Construcción', '2024-08-27', '2024-10-14', 'Fijo Discontínuo', 'OFICIALES ADMINISTRATIVOS', 'Indefinido', 40, 50, NULL),
(63, 'B10000021', 'URBANA COMERCIO 021 S.L.', 'Comercio', '2024-08-24', '2024-11-28', 'Tiempo Completo', 'OFICIALES ADMINISTRATIVOS', 'Duración Determinada', 40, 89, 'Contrato para seguimiento de inserción.'),
(63, 'B10000007', 'EXPERTA GESTIÓN 007 S.L.', 'Logística', '2024-06-09', '2024-12-19', 'Tiempo Parcial', 'OFICIALES DE PRIMERA Y SEGUNDA', 'Duración Determinada', 40, 212, NULL),
(63, 'B10000010', 'CENTRAL LOGÍSTICA 010 S.L.', 'Comercio', '2025-03-25', '2025-11-06', 'Tiempo Parcial', 'SUBALTERNOS', 'Temporal', 30, 205, NULL),
(64, 'B10000008', 'NORTE SOLUCIONES 008 S.L.', 'Limpieza', '2025-05-23', '2026-01-07', '100%', 'OFICIALES ADMINISTRATIVOS', 'Indefinido', NULL, 239, NULL),
(64, 'B10000007', 'EXPERTA GESTIÓN 007 S.L.', 'Logística', '2025-12-01', NULL, 'Tiempo Completo', 'TRABAJADORES MENORES DE DIECIOCHO AÑOS, CUALQUIERA QUE SEA SU CATEGORÍA PROFESIONAL', 'Temporal', 40, 167, NULL),
(64, 'B10000019', 'GLOBAL LOGÍSTICA 019 S.L.', 'Tecnología', '2025-10-28', '2025-12-12', 'Tiempo Parcial', 'INGENIEROS Y LICENCIADOS  DE ALTA DIRECCIÓN', 'Temporal', 40, 47, NULL),
(64, 'B10000019', 'GLOBAL LOGÍSTICA 019 S.L.', 'Tecnología', '2025-10-21', NULL, 'Tiempo Parcial', 'INGENIEROS TÉCNICOS, PERITOS Y AYUDANTES TITULADOS', 'Indefinido', 20, 135, NULL),
(65, 'B10000006', 'CENTRAL COMERCIO 006 S.L.', 'Logística', '2024-12-31', '2025-05-05', 'Fijo Discontínuo', 'INGENIEROS Y LICENCIADOS  DE ALTA DIRECCIÓN', 'Indefinido', 30, 118, NULL),
(65, 'B10000015', 'NORTE TECNOLOGÍA 015 S.L.', 'Logística', '2024-05-14', '2024-12-03', 'Tiempo Completo', 'PEONES', 'Duración Determinada', 20, 207, NULL);

INSERT INTO hiring_contracts (student_id, company_nif, company_name, sector, start_date, end_date, workday_pct, contribution_group, contract_type, weekly_hours, contributed_days, notes) VALUES
(65, 'B10000004', 'IBÉRICA COMERCIO 004 S.L.', 'Seguridad', '2024-06-27', '2025-01-02', '75%', 'OFICIALES DE PRIMERA Y SEGUNDA', 'Duración Determinada', NULL, 193, 'Contrato para seguimiento de inserción.'),
(65, 'B10000029', 'ALFA DISTRIBUCIÓN 029 S.L.', 'Atención al cliente', '2024-11-01', '2025-05-25', 'Fijo Discontínuo', 'TRABAJADORES MENORES DE DIECIOCHO AÑOS, CUALQUIERA QUE SEA SU CATEGORÍA PROFESIONAL', 'Duración Determinada', 30, 225, 'Contrato para seguimiento de inserción.'),
(65, 'B10000013', 'GLOBAL DISTRIBUCIÓN 013 S.L.', 'Sanidad', '2024-05-25', '2024-07-12', 'Tiempo Parcial', 'OFICIALES DE TERCERA Y ESPECIALISTAS', 'Duración Determinada', 20, 44, NULL),
(65, 'B10000002', 'URBANA HOSTELERÍA 002 S.L.', 'Sanidad', '2024-04-28', '2024-09-22', '75%', 'INGENIEROS Y LICENCIADOS  DE ALTA DIRECCIÓN', 'Temporal', NULL, 159, NULL),
(65, 'B10000005', 'NORTE TECNOLOGÍA 005 S.L.', 'Construcción', '2024-01-27', '2024-08-10', 'Fijo Discontínuo', 'OFICIALES DE TERCERA Y ESPECIALISTAS', 'Indefinido', 40, 216, NULL),
(66, 'B10000012', 'IBÉRICA LOGÍSTICA 012 S.L.', 'Comercio', '2024-10-03', '2024-12-04', '75%', 'AYUDANTES NO TITULADOS', 'Indefinido', NULL, 67, NULL),
(66, 'B10000026', 'GLOBAL SERVICIOS 026 S.L.', 'Seguridad', '2024-02-22', '2024-07-25', 'Tiempo Parcial', 'INGENIEROS Y LICENCIADOS  DE ALTA DIRECCIÓN', 'Temporal', 20, 148, NULL),
(66, 'B10000015', 'NORTE TECNOLOGÍA 015 S.L.', 'Logística', '2025-08-15', '2025-12-28', 'Fijo Discontínuo', 'TRABAJADORES MENORES DE DIECIOCHO AÑOS, CUALQUIERA QUE SEA SU CATEGORÍA PROFESIONAL', 'Indefinido', 40, 132, NULL),
(66, 'B10000011', 'URBANA HOSTELERÍA 011 S.L.', 'Hostelería', '2025-03-11', '2025-08-03', 'Fijo Discontínuo', 'SUBALTERNOS', 'Duración Determinada', 20, 152, NULL),
(66, 'B10000015', 'NORTE TECNOLOGÍA 015 S.L.', 'Logística', '2024-06-24', '2024-10-11', 'Tiempo Parcial', 'OFICIALES ADMINISTRATIVOS', 'Temporal', 40, 119, NULL),
(66, 'B10000009', 'NUEVA GESTIÓN 009 S.L.', 'Atención al cliente', '2024-02-21', '2024-10-11', 'Tiempo Completo', 'OFICIALES ADMINISTRATIVOS', 'Temporal', 20, 241, NULL),
(66, 'B10000022', 'URBANA COMERCIO 022 S.L.', 'Seguridad', '2024-12-25', '2025-04-16', 'Tiempo Parcial', 'INGENIEROS Y LICENCIADOS  DE ALTA DIRECCIÓN', 'Duración Determinada', 20, 113, NULL),
(67, 'B10000015', 'NORTE TECNOLOGÍA 015 S.L.', 'Logística', '2025-01-02', '2025-02-06', 'Tiempo Parcial', 'OFICIALES ADMINISTRATIVOS', 'Temporal', 40, 33, NULL),
(67, 'B10000004', 'IBÉRICA COMERCIO 004 S.L.', 'Seguridad', '2024-10-11', '2024-12-18', '75%', 'SUBALTERNOS', 'Temporal', NULL, 71, 'Contrato para seguimiento de inserción.'),
(67, 'B10000020', 'NUEVA COMERCIO 020 S.L.', 'Sanidad', '2024-12-23', '2025-04-01', 'Fijo Discontínuo', 'OFICIALES DE TERCERA Y ESPECIALISTAS', 'Temporal', 20, 92, NULL),
(67, 'B10000001', 'NORTE COMERCIO 001 S.L.', 'Atención al cliente', '2024-03-08', '2024-06-24', 'Tiempo Parcial', 'AUXILIARES ADMINISTRATIVOS', 'Indefinido', 20, 113, NULL),
(68, 'B10000017', 'NUEVA TECNOLOGÍA 017 S.L.', 'Limpieza', '2025-12-18', NULL, 'Tiempo Parcial', 'AYUDANTES NO TITULADOS', 'Temporal', 20, 112, NULL),
(68, 'B10000012', 'IBÉRICA LOGÍSTICA 012 S.L.', 'Comercio', '2025-10-12', '2026-01-09', 'Tiempo Parcial', 'OFICIALES DE TERCERA Y ESPECIALISTAS', 'Indefinido', 20, 95, NULL),
(68, 'B10000019', 'GLOBAL LOGÍSTICA 019 S.L.', 'Tecnología', '2025-12-29', NULL, 'Fijo Discontínuo', 'INGENIEROS Y LICENCIADOS  DE ALTA DIRECCIÓN', 'Duración Determinada', 30, 169, NULL),
(68, 'B10000020', 'NUEVA COMERCIO 020 S.L.', 'Sanidad', '2024-07-05', '2024-10-25', '100%', 'OFICIALES DE PRIMERA Y SEGUNDA', 'Duración Determinada', NULL, 110, NULL),
(68, 'B10000024', 'EXPERTA SERVICIOS 024 S.L.', 'Limpieza', '2024-10-02', '2024-11-12', 'Fijo Discontínuo', 'OFICIALES DE PRIMERA Y SEGUNDA', 'Duración Determinada', 40, 38, NULL),
(68, 'B10000025', 'EXPERTA TECNOLOGÍA 025 S.L.', 'Sanidad', '2024-02-24', '2024-06-24', '50%', 'PEONES', 'Indefinido', NULL, 122, NULL),
(68, 'B10000015', 'NORTE TECNOLOGÍA 015 S.L.', 'Logística', '2024-04-29', '2024-11-18', 'Fijo Discontínuo', 'AYUDANTES NO TITULADOS', 'Indefinido', 30, 189, NULL),
(68, 'B10000003', 'ALFA GESTIÓN 003 S.L.', 'Construcción', '2024-09-02', '2024-12-07', 'Fijo Discontínuo', 'PEONES', 'Duración Determinada', 20, 97, NULL),
(68, 'B10000009', 'NUEVA GESTIÓN 009 S.L.', 'Atención al cliente', '2024-11-11', '2025-04-02', '75%', 'AYUDANTES NO TITULADOS', 'Indefinido', NULL, 145, 'Contrato para seguimiento de inserción.'),
(69, 'B10000008', 'NORTE SOLUCIONES 008 S.L.', 'Limpieza', '2024-10-08', '2025-04-03', 'Fijo Discontínuo', 'JEFES ADMINISTRATIVOS Y DE TALLER', 'Indefinido', 40, 163, NULL),
(69, 'B10000024', 'EXPERTA SERVICIOS 024 S.L.', 'Limpieza', '2025-08-18', '2025-11-05', 'Fijo Discontínuo', 'AUXILIARES ADMINISTRATIVOS', 'Temporal', 40, 82, 'Contrato para seguimiento de inserción.'),
(69, 'B10000027', 'EXPERTA COMERCIO 027 S.L.', 'Tecnología', '2024-04-24', '2024-05-26', 'Tiempo Completo', 'INGENIEROS Y LICENCIADOS  DE ALTA DIRECCIÓN', 'Indefinido', 30, 33, NULL),
(69, 'B10000014', 'URBANA COMERCIO 014 S.L.', 'Limpieza', '2025-02-09', '2025-07-12', 'Tiempo Parcial', 'OFICIALES DE TERCERA Y ESPECIALISTAS', 'Indefinido', 30, 149, NULL),
(69, 'B10000022', 'URBANA COMERCIO 022 S.L.', 'Seguridad', '2025-07-19', '2025-10-12', '100%', 'JEFES ADMINISTRATIVOS Y DE TALLER', 'Temporal', NULL, 79, NULL),
(69, 'B10000012', 'IBÉRICA LOGÍSTICA 012 S.L.', 'Comercio', '2024-02-07', '2024-06-11', 'Fijo Discontínuo', 'OFICIALES ADMINISTRATIVOS', 'Temporal', 20, 132, NULL),
(69, 'B10000008', 'NORTE SOLUCIONES 008 S.L.', 'Limpieza', '2025-05-03', '2025-10-03', 'Tiempo Completo', 'JEFES ADMINISTRATIVOS Y DE TALLER', 'Indefinido', 30, 142, NULL),
(69, 'B10000028', 'NUEVA GESTIÓN 028 S.L.', 'Hostelería', '2024-08-05', '2024-09-23', 'Fijo Discontínuo', 'PEONES', 'Indefinido', 20, 54, NULL),
(69, 'B10000019', 'GLOBAL LOGÍSTICA 019 S.L.', 'Tecnología', '2024-05-03', '2024-08-09', 'Tiempo Completo', 'AYUDANTES NO TITULADOS', 'Indefinido', 30, 106, NULL),
(69, 'B10000013', 'GLOBAL DISTRIBUCIÓN 013 S.L.', 'Sanidad', '2025-12-13', NULL, 'Tiempo Completo', 'INGENIEROS TÉCNICOS, PERITOS Y AYUDANTES TITULADOS', 'Temporal', 30, 171, 'Contrato para seguimiento de inserción.'),
(70, 'B10000019', 'GLOBAL LOGÍSTICA 019 S.L.', 'Tecnología', '2025-03-22', '2025-09-14', 'Tiempo Completo', 'INGENIEROS TÉCNICOS, PERITOS Y AYUDANTES TITULADOS', 'Duración Determinada', 40, 169, NULL),
(70, 'B10000028', 'NUEVA GESTIÓN 028 S.L.', 'Hostelería', '2024-05-06', '2024-09-05', 'Tiempo Parcial', 'AUXILIARES ADMINISTRATIVOS', 'Temporal', 30, 115, NULL),
(70, 'B10000017', 'NUEVA TECNOLOGÍA 017 S.L.', 'Limpieza', '2025-06-19', '2026-01-14', 'Tiempo Completo', 'OFICIALES DE TERCERA Y ESPECIALISTAS', 'Indefinido', 30, 202, NULL),
(70, 'B10000018', 'CENTRAL DISTRIBUCIÓN 018 S.L.', 'Limpieza', '2024-11-21', '2024-12-28', '75%', 'OFICIALES DE TERCERA Y ESPECIALISTAS', 'Temporal', NULL, 40, NULL),
(70, 'B10000008', 'NORTE SOLUCIONES 008 S.L.', 'Limpieza', '2024-02-03', '2024-04-16', '100%', 'SUBALTERNOS', 'Duración Determinada', NULL, 68, NULL),
(70, 'B10000007', 'EXPERTA GESTIÓN 007 S.L.', 'Logística', '2025-04-14', '2025-10-09', 'Fijo Discontínuo', 'OFICIALES DE PRIMERA Y SEGUNDA', 'Indefinido', 40, 182, NULL),
(70, 'B10000014', 'URBANA COMERCIO 014 S.L.', 'Limpieza', '2024-09-15', '2025-02-12', '100%', 'AYUDANTES NO TITULADOS', 'Duración Determinada', NULL, 154, NULL),
(70, 'B10000017', 'NUEVA TECNOLOGÍA 017 S.L.', 'Limpieza', '2025-10-26', NULL, 'Fijo Discontínuo', 'OFICIALES DE PRIMERA Y SEGUNDA', 'Indefinido', 20, 207, NULL),
(70, 'B10000005', 'NORTE TECNOLOGÍA 005 S.L.', 'Construcción', '2024-12-21', '2025-02-13', 'Fijo Discontínuo', 'AUXILIARES ADMINISTRATIVOS', 'Indefinido', 40, 56, NULL),
(70, 'B10000013', 'GLOBAL DISTRIBUCIÓN 013 S.L.', 'Sanidad', '2025-06-09', '2025-10-23', 'Tiempo Parcial', 'SUBALTERNOS', 'Indefinido', 40, 147, 'Contrato para seguimiento de inserción.'),
(71, 'B10000001', 'NORTE COMERCIO 001 S.L.', 'Atención al cliente', '2024-09-17', '2025-04-17', 'Tiempo Parcial', 'INGENIEROS TÉCNICOS, PERITOS Y AYUDANTES TITULADOS', 'Indefinido', 30, 205, NULL),
(71, 'B10000023', 'URBANA SERVICIOS 023 S.L.', 'Seguridad', '2025-04-29', '2025-11-18', '50%', 'OFICIALES DE TERCERA Y ESPECIALISTAS', 'Indefinido', NULL, 189, NULL),
(72, 'B10000025', 'EXPERTA TECNOLOGÍA 025 S.L.', 'Sanidad', '2025-05-17', '2025-07-31', 'Tiempo Completo', 'AYUDANTES NO TITULADOS', 'Temporal', 20, 81, NULL),
(72, 'B10000016', 'NORTE DISTRIBUCIÓN 016 S.L.', 'Administración', '2024-06-28', '2024-12-31', '100%', 'SUBALTERNOS', 'Indefinido', NULL, 180, 'Contrato para seguimiento de inserción.'),
(72, 'B10000015', 'NORTE TECNOLOGÍA 015 S.L.', 'Logística', '2024-05-16', '2024-08-14', 'Tiempo Completo', 'JEFES ADMINISTRATIVOS Y DE TALLER', 'Indefinido', 20, 92, 'Contrato para seguimiento de inserción.'),
(72, 'B10000005', 'NORTE TECNOLOGÍA 005 S.L.', 'Construcción', '2024-10-05', '2025-03-20', '50%', 'OFICIALES DE PRIMERA Y SEGUNDA', 'Indefinido', NULL, 176, 'Contrato para seguimiento de inserción.'),
(72, 'B10000012', 'IBÉRICA LOGÍSTICA 012 S.L.', 'Comercio', '2024-12-02', '2025-01-03', 'Tiempo Completo', 'OFICIALES ADMINISTRATIVOS', 'Temporal', 20, 34, NULL),
(72, 'B10000030', 'CENTRAL TECNOLOGÍA 030 S.L.', 'Tecnología', '2025-11-27', NULL, 'Fijo Discontínuo', 'SUBALTERNOS', 'Duración Determinada', 40, 155, NULL),
(73, 'B10000010', 'CENTRAL LOGÍSTICA 010 S.L.', 'Comercio', '2024-09-11', '2024-10-31', 'Tiempo Completo', 'INGENIEROS Y LICENCIADOS  DE ALTA DIRECCIÓN', 'Indefinido', 40, 50, NULL),
(73, 'B10000004', 'IBÉRICA COMERCIO 004 S.L.', 'Seguridad', '2024-05-03', '2024-06-05', '75%', 'AYUDANTES NO TITULADOS', 'Duración Determinada', NULL, 33, NULL),
(73, 'B10000028', 'NUEVA GESTIÓN 028 S.L.', 'Hostelería', '2024-03-14', '2024-10-20', '100%', 'JEFES ADMINISTRATIVOS Y DE TALLER', 'Temporal', NULL, 236, 'Contrato para seguimiento de inserción.'),
(73, 'B10000023', 'URBANA SERVICIOS 023 S.L.', 'Seguridad', '2025-01-30', '2025-05-08', 'Tiempo Completo', 'PEONES', 'Duración Determinada', 20, 94, 'Contrato para seguimiento de inserción.'),
(73, 'B10000021', 'URBANA COMERCIO 021 S.L.', 'Comercio', '2024-06-10', '2024-10-27', '75%', 'AYUDANTES NO TITULADOS', 'Duración Determinada', NULL, 136, 'Contrato para seguimiento de inserción.'),
(73, 'B10000006', 'CENTRAL COMERCIO 006 S.L.', 'Logística', '2024-08-02', '2024-11-11', 'Tiempo Parcial', 'AUXILIARES ADMINISTRATIVOS', 'Temporal', 20, 100, 'Contrato para seguimiento de inserción.'),
(73, 'B10000014', 'URBANA COMERCIO 014 S.L.', 'Limpieza', '2024-10-24', '2024-12-24', '75%', 'OFICIALES DE TERCERA Y ESPECIALISTAS', 'Duración Determinada', NULL, 58, NULL),
(73, 'B10000025', 'EXPERTA TECNOLOGÍA 025 S.L.', 'Sanidad', '2024-10-10', '2025-01-19', 'Tiempo Completo', 'AUXILIARES ADMINISTRATIVOS', 'Duración Determinada', 20, 94, NULL),
(74, 'B10000018', 'CENTRAL DISTRIBUCIÓN 018 S.L.', 'Limpieza', '2025-07-07', '2025-09-14', 'Tiempo Completo', 'JEFES ADMINISTRATIVOS Y DE TALLER', 'Duración Determinada', 20, 66, NULL),
(74, 'B10000008', 'NORTE SOLUCIONES 008 S.L.', 'Limpieza', '2025-10-11', NULL, 'Tiempo Parcial', 'AYUDANTES NO TITULADOS', 'Duración Determinada', 30, 212, NULL),
(74, 'B10000014', 'URBANA COMERCIO 014 S.L.', 'Limpieza', '2024-01-23', '2024-04-28', '100%', 'OFICIALES DE TERCERA Y ESPECIALISTAS', 'Indefinido', NULL, 106, 'Contrato para seguimiento de inserción.'),
(74, 'B10000012', 'IBÉRICA LOGÍSTICA 012 S.L.', 'Comercio', '2025-10-19', NULL, 'Fijo Discontínuo', 'JEFES ADMINISTRATIVOS Y DE TALLER', 'Temporal', 20, 123, NULL),
(74, 'B10000024', 'EXPERTA SERVICIOS 024 S.L.', 'Limpieza', '2025-08-08', '2025-09-28', 'Tiempo Completo', 'TRABAJADORES MENORES DE DIECIOCHO AÑOS, CUALQUIERA QUE SEA SU CATEGORÍA PROFESIONAL', 'Indefinido', 20, 50, NULL),
(75, 'B10000016', 'NORTE DISTRIBUCIÓN 016 S.L.', 'Administración', '2025-06-16', '2026-01-23', 'Tiempo Completo', 'TRABAJADORES MENORES DE DIECIOCHO AÑOS, CUALQUIERA QUE SEA SU CATEGORÍA PROFESIONAL', 'Temporal', 20, 223, NULL),
(75, 'B10000010', 'CENTRAL LOGÍSTICA 010 S.L.', 'Comercio', '2024-07-08', '2025-02-17', '100%', 'PEONES', 'Duración Determinada', NULL, 229, NULL),
(75, 'B10000008', 'NORTE SOLUCIONES 008 S.L.', 'Limpieza', '2025-03-01', '2025-10-21', '75%', 'SUBALTERNOS', 'Duración Determinada', NULL, 236, NULL),
(75, 'B10000020', 'NUEVA COMERCIO 020 S.L.', 'Sanidad', '2024-04-05', '2024-05-23', 'Tiempo Completo', 'PEONES', 'Duración Determinada', 30, 51, NULL),
(75, 'B10000013', 'GLOBAL DISTRIBUCIÓN 013 S.L.', 'Sanidad', '2025-08-30', NULL, 'Tiempo Parcial', 'TRABAJADORES MENORES DE DIECIOCHO AÑOS, CUALQUIERA QUE SEA SU CATEGORÍA PROFESIONAL', 'Duración Determinada', 40, 173, NULL),
(75, 'B10000003', 'ALFA GESTIÓN 003 S.L.', 'Construcción', '2025-03-25', '2025-10-01', 'Fijo Discontínuo', 'JEFES ADMINISTRATIVOS Y DE TALLER', 'Duración Determinada', 40, 188, 'Contrato para seguimiento de inserción.'),
(75, 'B10000029', 'ALFA DISTRIBUCIÓN 029 S.L.', 'Atención al cliente', '2024-02-10', '2024-06-21', 'Fijo Discontínuo', 'INGENIEROS Y LICENCIADOS  DE ALTA DIRECCIÓN', 'Temporal', 20, 129, NULL),
(75, 'B10000012', 'IBÉRICA LOGÍSTICA 012 S.L.', 'Comercio', '2026-01-13', NULL, 'Tiempo Parcial', 'PEONES', 'Indefinido', 20, 207, NULL),
(75, 'B10000002', 'URBANA HOSTELERÍA 002 S.L.', 'Sanidad', '2025-03-27', '2025-07-12', 'Fijo Discontínuo', 'OFICIALES DE PRIMERA Y SEGUNDA', 'Indefinido', 30, 103, 'Contrato para seguimiento de inserción.'),
(76, 'B10000025', 'EXPERTA TECNOLOGÍA 025 S.L.', 'Sanidad', '2025-09-18', NULL, 'Fijo Discontínuo', 'OFICIALES DE PRIMERA Y SEGUNDA', 'Temporal', 40, 228, NULL),
(76, 'B10000013', 'GLOBAL DISTRIBUCIÓN 013 S.L.', 'Sanidad', '2025-06-14', '2025-12-14', 'Fijo Discontínuo', 'INGENIEROS Y LICENCIADOS  DE ALTA DIRECCIÓN', 'Temporal', 30, 171, 'Contrato para seguimiento de inserción.'),
(76, 'B10000011', 'URBANA HOSTELERÍA 011 S.L.', 'Hostelería', '2024-05-07', '2024-08-05', '100%', 'OFICIALES DE TERCERA Y ESPECIALISTAS', 'Temporal', NULL, 94, NULL),
(76, 'B10000027', 'EXPERTA COMERCIO 027 S.L.', 'Tecnología', '2026-01-02', NULL, 'Tiempo Parcial', 'TRABAJADORES MENORES DE DIECIOCHO AÑOS, CUALQUIERA QUE SEA SU CATEGORÍA PROFESIONAL', 'Duración Determinada', 20, 126, NULL),
(76, 'B10000027', 'EXPERTA COMERCIO 027 S.L.', 'Tecnología', '2024-10-25', '2025-02-23', 'Tiempo Parcial', 'TRABAJADORES MENORES DE DIECIOCHO AÑOS, CUALQUIERA QUE SEA SU CATEGORÍA PROFESIONAL', 'Duración Determinada', 20, 125, NULL),
(76, 'B10000022', 'URBANA COMERCIO 022 S.L.', 'Seguridad', '2024-02-17', '2024-06-15', 'Tiempo Parcial', 'OFICIALES DE PRIMERA Y SEGUNDA', 'Duración Determinada', 40, 128, NULL),
(77, 'B10000006', 'CENTRAL COMERCIO 006 S.L.', 'Logística', '2024-10-19', '2025-02-04', 'Tiempo Parcial', 'PEONES', 'Indefinido', 30, 116, 'Contrato para seguimiento de inserción.'),
(77, 'B10000009', 'NUEVA GESTIÓN 009 S.L.', 'Atención al cliente', '2024-11-17', '2025-06-09', 'Tiempo Parcial', 'OFICIALES DE TERCERA Y ESPECIALISTAS', 'Duración Determinada', 30, 221, NULL),
(77, 'B10000030', 'CENTRAL TECNOLOGÍA 030 S.L.', 'Tecnología', '2025-02-14', '2025-08-28', 'Tiempo Completo', 'AUXILIARES ADMINISTRATIVOS', 'Indefinido', 20, 201, NULL),
(77, 'B10000017', 'NUEVA TECNOLOGÍA 017 S.L.', 'Limpieza', '2024-03-08', '2024-08-08', 'Tiempo Parcial', 'AUXILIARES ADMINISTRATIVOS', 'Temporal', 30, 153, NULL),
(77, 'B10000001', 'NORTE COMERCIO 001 S.L.', 'Atención al cliente', '2025-02-05', '2025-08-24', 'Tiempo Completo', 'TRABAJADORES MENORES DE DIECIOCHO AÑOS, CUALQUIERA QUE SEA SU CATEGORÍA PROFESIONAL', 'Duración Determinada', 40, 209, NULL),
(77, 'B10000001', 'NORTE COMERCIO 001 S.L.', 'Atención al cliente', '2025-02-25', '2025-06-17', 'Tiempo Parcial', 'SUBALTERNOS', 'Duración Determinada', 40, 112, NULL),
(77, 'B10000015', 'NORTE TECNOLOGÍA 015 S.L.', 'Logística', '2024-01-04', '2024-06-25', 'Tiempo Completo', 'TRABAJADORES MENORES DE DIECIOCHO AÑOS, CUALQUIERA QUE SEA SU CATEGORÍA PROFESIONAL', 'Temporal', 30, 174, NULL),
(77, 'B10000007', 'EXPERTA GESTIÓN 007 S.L.', 'Logística', '2025-04-19', '2025-09-10', '50%', 'INGENIEROS Y LICENCIADOS  DE ALTA DIRECCIÓN', 'Duración Determinada', NULL, 147, NULL),
(78, 'B10000007', 'EXPERTA GESTIÓN 007 S.L.', 'Logística', '2024-06-28', '2024-11-13', 'Tiempo Parcial', 'OFICIALES DE PRIMERA Y SEGUNDA', 'Duración Determinada', 40, 149, NULL),
(78, 'B10000019', 'GLOBAL LOGÍSTICA 019 S.L.', 'Tecnología', '2025-10-07', '2025-12-13', 'Tiempo Parcial', 'TRABAJADORES MENORES DE DIECIOCHO AÑOS, CUALQUIERA QUE SEA SU CATEGORÍA PROFESIONAL', 'Temporal', 40, 63, NULL),
(78, 'B10000015', 'NORTE TECNOLOGÍA 015 S.L.', 'Logística', '2025-08-14', '2025-09-19', 'Tiempo Parcial', 'TRABAJADORES MENORES DE DIECIOCHO AÑOS, CUALQUIERA QUE SEA SU CATEGORÍA PROFESIONAL', 'Temporal', 30, 34, NULL),
(78, 'B10000011', 'URBANA HOSTELERÍA 011 S.L.', 'Hostelería', '2025-07-15', NULL, 'Tiempo Completo', 'OFICIALES DE TERCERA Y ESPECIALISTAS', 'Temporal', 20, 207, 'Contrato para seguimiento de inserción.'),
(78, 'B10000004', 'IBÉRICA COMERCIO 004 S.L.', 'Seguridad', '2025-05-14', '2025-09-20', '50%', 'OFICIALES DE PRIMERA Y SEGUNDA', 'Indefinido', NULL, 121, NULL),
(78, 'B10000024', 'EXPERTA SERVICIOS 024 S.L.', 'Limpieza', '2025-03-06', '2025-05-01', 'Tiempo Completo', 'PEONES', 'Indefinido', 40, 60, 'Contrato para seguimiento de inserción.'),
(78, 'B10000012', 'IBÉRICA LOGÍSTICA 012 S.L.', 'Comercio', '2025-03-15', '2025-11-01', 'Tiempo Completo', 'SUBALTERNOS', 'Temporal', 30, 218, 'Contrato para seguimiento de inserción.'),
(78, 'B10000012', 'IBÉRICA LOGÍSTICA 012 S.L.', 'Comercio', '2025-10-01', '2025-12-15', 'Tiempo Completo', 'OFICIALES DE PRIMERA Y SEGUNDA', 'Temporal', 40, 76, NULL),
(78, 'B10000010', 'CENTRAL LOGÍSTICA 010 S.L.', 'Comercio', '2024-03-16', '2024-10-30', 'Tiempo Parcial', 'INGENIEROS TÉCNICOS, PERITOS Y AYUDANTES TITULADOS', 'Indefinido', 20, 212, NULL),
(79, 'B10000003', 'ALFA GESTIÓN 003 S.L.', 'Construcción', '2024-02-22', '2024-05-07', 'Tiempo Parcial', 'SUBALTERNOS', 'Indefinido', 20, 76, NULL),
(79, 'B10000017', 'NUEVA TECNOLOGÍA 017 S.L.', 'Limpieza', '2024-01-31', '2024-04-06', 'Tiempo Completo', 'TRABAJADORES MENORES DE DIECIOCHO AÑOS, CUALQUIERA QUE SEA SU CATEGORÍA PROFESIONAL', 'Indefinido', 30, 63, NULL),
(79, 'B10000002', 'URBANA HOSTELERÍA 002 S.L.', 'Sanidad', '2024-08-23', '2025-03-24', '100%', 'OFICIALES DE PRIMERA Y SEGUNDA', 'Duración Determinada', NULL, 215, NULL),
(79, 'B10000023', 'URBANA SERVICIOS 023 S.L.', 'Seguridad', '2024-06-18', '2024-08-11', 'Fijo Discontínuo', 'INGENIEROS Y LICENCIADOS  DE ALTA DIRECCIÓN', 'Indefinido', 30, 50, NULL),
(79, 'B10000005', 'NORTE TECNOLOGÍA 005 S.L.', 'Construcción', '2025-05-24', '2025-10-01', '100%', 'INGENIEROS Y LICENCIADOS  DE ALTA DIRECCIÓN', 'Duración Determinada', NULL, 139, 'Contrato para seguimiento de inserción.'),
(79, 'B10000007', 'EXPERTA GESTIÓN 007 S.L.', 'Logística', '2025-02-04', '2025-04-06', 'Fijo Discontínuo', 'AUXILIARES ADMINISTRATIVOS', 'Temporal', 20, 64, NULL),
(80, 'B10000011', 'URBANA HOSTELERÍA 011 S.L.', 'Hostelería', '2025-09-28', '2025-12-21', 'Fijo Discontínuo', 'OFICIALES DE TERCERA Y ESPECIALISTAS', 'Duración Determinada', 30, 93, 'Contrato para seguimiento de inserción.'),
(80, 'B10000023', 'URBANA SERVICIOS 023 S.L.', 'Seguridad', '2025-10-09', NULL, 'Tiempo Completo', 'INGENIEROS TÉCNICOS, PERITOS Y AYUDANTES TITULADOS', 'Temporal', 30, 190, NULL),
(80, 'B10000018', 'CENTRAL DISTRIBUCIÓN 018 S.L.', 'Limpieza', '2024-09-01', '2025-01-13', 'Fijo Discontínuo', 'OFICIALES ADMINISTRATIVOS', 'Temporal', 40, 140, NULL),
(80, 'B10000004', 'IBÉRICA COMERCIO 004 S.L.', 'Seguridad', '2025-11-08', '2026-01-19', '75%', 'OFICIALES DE PRIMERA Y SEGUNDA', 'Indefinido', NULL, 66, NULL),
(80, 'B10000029', 'ALFA DISTRIBUCIÓN 029 S.L.', 'Atención al cliente', '2025-03-16', '2025-07-09', '50%', 'SUBALTERNOS', 'Temporal', NULL, 124, NULL),
(80, 'B10000017', 'NUEVA TECNOLOGÍA 017 S.L.', 'Limpieza', '2024-01-23', '2024-05-11', 'Tiempo Parcial', 'SUBALTERNOS', 'Temporal', 40, 107, NULL),
(80, 'B10000015', 'NORTE TECNOLOGÍA 015 S.L.', 'Logística', '2024-03-03', '2024-09-02', '100%', 'AYUDANTES NO TITULADOS', 'Indefinido', NULL, 194, NULL),
(80, 'B10000028', 'NUEVA GESTIÓN 028 S.L.', 'Hostelería', '2026-01-01', NULL, 'Fijo Discontínuo', 'INGENIEROS Y LICENCIADOS  DE ALTA DIRECCIÓN', 'Duración Determinada', 40, 104, 'Contrato para seguimiento de inserción.'),
(81, 'B10000030', 'CENTRAL TECNOLOGÍA 030 S.L.', 'Tecnología', '2025-08-20', NULL, 'Tiempo Parcial', 'PEONES', 'Temporal', 30, 247, 'Contrato para seguimiento de inserción.'),
(81, 'B10000011', 'URBANA HOSTELERÍA 011 S.L.', 'Hostelería', '2025-03-03', '2025-10-23', '100%', 'INGENIEROS TÉCNICOS, PERITOS Y AYUDANTES TITULADOS', 'Indefinido', NULL, 242, NULL),
(81, 'B10000026', 'GLOBAL SERVICIOS 026 S.L.', 'Seguridad', '2025-04-30', '2025-11-30', 'Tiempo Parcial', 'AUXILIARES ADMINISTRATIVOS', 'Duración Determinada', 40, 202, NULL),
(81, 'B10000025', 'EXPERTA TECNOLOGÍA 025 S.L.', 'Sanidad', '2024-09-02', '2025-03-04', 'Fijo Discontínuo', 'PEONES', 'Duración Determinada', 20, 167, NULL),
(81, 'B10000004', 'IBÉRICA COMERCIO 004 S.L.', 'Seguridad', '2025-03-11', '2025-10-06', 'Tiempo Parcial', 'OFICIALES ADMINISTRATIVOS', 'Indefinido', 40, 231, NULL),
(82, 'B10000013', 'GLOBAL DISTRIBUCIÓN 013 S.L.', 'Sanidad', '2025-07-31', '2026-01-04', 'Tiempo Completo', 'SUBALTERNOS', 'Temporal', 30, 146, 'Contrato para seguimiento de inserción.'),
(82, 'B10000019', 'GLOBAL LOGÍSTICA 019 S.L.', 'Tecnología', '2025-07-27', NULL, 'Fijo Discontínuo', 'INGENIEROS TÉCNICOS, PERITOS Y AYUDANTES TITULADOS', 'Indefinido', 30, 259, 'Contrato para seguimiento de inserción.'),
(83, 'B10000003', 'ALFA GESTIÓN 003 S.L.', 'Construcción', '2025-04-10', '2025-08-24', 'Tiempo Completo', 'INGENIEROS Y LICENCIADOS  DE ALTA DIRECCIÓN', 'Temporal', 30, 141, 'Contrato para seguimiento de inserción.'),
(83, 'B10000006', 'CENTRAL COMERCIO 006 S.L.', 'Logística', '2024-12-04', '2025-06-12', '75%', 'AYUDANTES NO TITULADOS', 'Temporal', NULL, 176, NULL),
(83, 'B10000018', 'CENTRAL DISTRIBUCIÓN 018 S.L.', 'Limpieza', '2025-08-29', NULL, 'Tiempo Completo', 'AUXILIARES ADMINISTRATIVOS', 'Duración Determinada', 40, 155, NULL),
(83, 'B10000008', 'NORTE SOLUCIONES 008 S.L.', 'Limpieza', '2025-02-17', '2025-06-15', 'Tiempo Parcial', 'INGENIEROS TÉCNICOS, PERITOS Y AYUDANTES TITULADOS', 'Duración Determinada', 40, 123, 'Contrato para seguimiento de inserción.'),
(83, 'B10000002', 'URBANA HOSTELERÍA 002 S.L.', 'Sanidad', '2024-04-24', '2024-09-13', 'Fijo Discontínuo', 'OFICIALES DE PRIMERA Y SEGUNDA', 'Temporal', 20, 140, NULL),
(83, 'B10000027', 'EXPERTA COMERCIO 027 S.L.', 'Tecnología', '2025-09-25', '2025-11-01', '50%', 'AUXILIARES ADMINISTRATIVOS', 'Temporal', NULL, 37, NULL),
(83, 'B10000028', 'NUEVA GESTIÓN 028 S.L.', 'Hostelería', '2024-04-15', '2024-10-15', 'Fijo Discontínuo', 'PEONES', 'Duración Determinada', 20, 182, 'Contrato para seguimiento de inserción.'),
(83, 'B10000028', 'NUEVA GESTIÓN 028 S.L.', 'Hostelería', '2024-12-21', '2025-02-07', '100%', 'AYUDANTES NO TITULADOS', 'Temporal', NULL, 52, NULL),
(83, 'B10000012', 'IBÉRICA LOGÍSTICA 012 S.L.', 'Comercio', '2024-11-02', '2025-04-28', 'Tiempo Completo', 'PEONES', 'Indefinido', 40, 162, NULL),
(83, 'B10000029', 'ALFA DISTRIBUCIÓN 029 S.L.', 'Atención al cliente', '2024-10-25', '2025-05-20', 'Fijo Discontínuo', 'TRABAJADORES MENORES DE DIECIOCHO AÑOS, CUALQUIERA QUE SEA SU CATEGORÍA PROFESIONAL', 'Indefinido', 30, 216, NULL),
(84, 'B10000010', 'CENTRAL LOGÍSTICA 010 S.L.', 'Comercio', '2024-01-29', '2024-06-20', 'Tiempo Completo', 'AYUDANTES NO TITULADOS', 'Temporal', 40, 132, NULL),
(84, 'B10000020', 'NUEVA COMERCIO 020 S.L.', 'Sanidad', '2025-05-27', '2025-08-29', 'Tiempo Parcial', 'JEFES ADMINISTRATIVOS Y DE TALLER', 'Temporal', 40, 98, NULL),
(84, 'B10000023', 'URBANA SERVICIOS 023 S.L.', 'Seguridad', '2025-03-28', '2025-09-17', '75%', 'JEFES ADMINISTRATIVOS Y DE TALLER', 'Indefinido', NULL, 173, NULL),
(84, 'B10000006', 'CENTRAL COMERCIO 006 S.L.', 'Logística', '2025-06-16', '2026-01-14', 'Tiempo Parcial', 'TRABAJADORES MENORES DE DIECIOCHO AÑOS, CUALQUIERA QUE SEA SU CATEGORÍA PROFESIONAL', 'Indefinido', 40, 208, NULL),
(84, 'B10000004', 'IBÉRICA COMERCIO 004 S.L.', 'Seguridad', '2025-10-01', '2026-01-05', 'Tiempo Parcial', 'OFICIALES DE TERCERA Y ESPECIALISTAS', 'Duración Determinada', 20, 96, NULL),
(84, 'B10000028', 'NUEVA GESTIÓN 028 S.L.', 'Hostelería', '2025-05-11', '2025-08-25', 'Tiempo Parcial', 'OFICIALES DE PRIMERA Y SEGUNDA', 'Indefinido', 30, 116, 'Contrato para seguimiento de inserción.'),
(84, 'B10000014', 'URBANA COMERCIO 014 S.L.', 'Limpieza', '2024-07-05', '2024-08-18', 'Fijo Discontínuo', 'INGENIEROS Y LICENCIADOS  DE ALTA DIRECCIÓN', 'Temporal', 20, 42, 'Contrato para seguimiento de inserción.'),
(84, 'B10000016', 'NORTE DISTRIBUCIÓN 016 S.L.', 'Administración', '2024-04-07', '2024-05-11', 'Fijo Discontínuo', 'TRABAJADORES MENORES DE DIECIOCHO AÑOS, CUALQUIERA QUE SEA SU CATEGORÍA PROFESIONAL', 'Temporal', 40, 34, NULL),
(85, 'B10000006', 'CENTRAL COMERCIO 006 S.L.', 'Logística', '2024-08-23', '2025-03-12', 'Fijo Discontínuo', 'INGENIEROS Y LICENCIADOS  DE ALTA DIRECCIÓN', 'Duración Determinada', 40, 183, NULL),
(85, 'B10000015', 'NORTE TECNOLOGÍA 015 S.L.', 'Logística', '2025-04-07', '2025-10-09', '100%', 'JEFES ADMINISTRATIVOS Y DE TALLER', 'Indefinido', NULL, 204, NULL),
(86, 'B10000004', 'IBÉRICA COMERCIO 004 S.L.', 'Seguridad', '2025-06-21', '2025-11-03', 'Tiempo Completo', 'INGENIEROS Y LICENCIADOS  DE ALTA DIRECCIÓN', 'Temporal', 30, 147, NULL),
(86, 'B10000008', 'NORTE SOLUCIONES 008 S.L.', 'Limpieza', '2025-12-08', '2026-01-09', 'Tiempo Parcial', 'INGENIEROS TÉCNICOS, PERITOS Y AYUDANTES TITULADOS', 'Duración Determinada', 20, 30, NULL),
(86, 'B10000003', 'ALFA GESTIÓN 003 S.L.', 'Construcción', '2024-09-01', '2025-03-07', 'Tiempo Parcial', 'AUXILIARES ADMINISTRATIVOS', 'Duración Determinada', 30, 195, NULL),
(86, 'B10000016', 'NORTE DISTRIBUCIÓN 016 S.L.', 'Administración', '2025-09-08', NULL, 'Tiempo Completo', 'JEFES ADMINISTRATIVOS Y DE TALLER', 'Indefinido', 40, 187, NULL),
(86, 'B10000026', 'GLOBAL SERVICIOS 026 S.L.', 'Seguridad', '2025-05-31', '2026-01-08', 'Tiempo Parcial', 'JEFES ADMINISTRATIVOS Y DE TALLER', 'Temporal', 40, 202, NULL),
(86, 'B10000006', 'CENTRAL COMERCIO 006 S.L.', 'Logística', '2024-08-03', '2024-10-06', 'Tiempo Completo', 'OFICIALES DE PRIMERA Y SEGUNDA', 'Indefinido', 40, 61, NULL),
(86, 'B10000011', 'URBANA HOSTELERÍA 011 S.L.', 'Hostelería', '2025-10-26', NULL, 'Fijo Discontínuo', 'INGENIEROS Y LICENCIADOS  DE ALTA DIRECCIÓN', 'Indefinido', 40, 238, NULL),
(87, 'B10000011', 'URBANA HOSTELERÍA 011 S.L.', 'Hostelería', '2025-07-31', '2026-01-06', 'Tiempo Completo', 'INGENIEROS Y LICENCIADOS  DE ALTA DIRECCIÓN', 'Indefinido', 20, 164, NULL),
(87, 'B10000014', 'URBANA COMERCIO 014 S.L.', 'Limpieza', '2026-01-03', NULL, 'Fijo Discontínuo', 'AUXILIARES ADMINISTRATIVOS', 'Indefinido', 40, 59, NULL),
(87, 'B10000006', 'CENTRAL COMERCIO 006 S.L.', 'Logística', '2025-05-13', '2025-12-21', 'Tiempo Parcial', 'INGENIEROS Y LICENCIADOS  DE ALTA DIRECCIÓN', 'Indefinido', 40, 236, 'Contrato para seguimiento de inserción.'),
(87, 'B10000018', 'CENTRAL DISTRIBUCIÓN 018 S.L.', 'Limpieza', '2024-07-24', '2025-01-11', 'Tiempo Parcial', 'AYUDANTES NO TITULADOS', 'Duración Determinada', 20, 167, NULL),
(87, 'B10000012', 'IBÉRICA LOGÍSTICA 012 S.L.', 'Comercio', '2025-09-19', '2025-12-14', 'Fijo Discontínuo', 'AYUDANTES NO TITULADOS', 'Duración Determinada', 40, 87, NULL),
(87, 'B10000006', 'CENTRAL COMERCIO 006 S.L.', 'Logística', '2024-05-05', '2024-10-29', 'Tiempo Parcial', 'OFICIALES DE PRIMERA Y SEGUNDA', 'Temporal', 20, 171, 'Contrato para seguimiento de inserción.'),
(88, 'B10000002', 'URBANA HOSTELERÍA 002 S.L.', 'Sanidad', '2024-06-09', '2024-12-17', 'Fijo Discontínuo', 'OFICIALES DE TERCERA Y ESPECIALISTAS', 'Duración Determinada', 40, 208, NULL),
(88, 'B10000022', 'URBANA COMERCIO 022 S.L.', 'Seguridad', '2024-10-05', '2025-01-30', '75%', 'OFICIALES ADMINISTRATIVOS', 'Indefinido', NULL, 121, NULL),
(88, 'B10000020', 'NUEVA COMERCIO 020 S.L.', 'Sanidad', '2024-06-23', '2024-09-22', 'Fijo Discontínuo', 'SUBALTERNOS', 'Duración Determinada', 40, 93, NULL),
(88, 'B10000018', 'CENTRAL DISTRIBUCIÓN 018 S.L.', 'Limpieza', '2025-06-28', '2025-09-30', 'Fijo Discontínuo', 'OFICIALES DE PRIMERA Y SEGUNDA', 'Temporal', 30, 92, 'Contrato para seguimiento de inserción.'),
(88, 'B10000006', 'CENTRAL COMERCIO 006 S.L.', 'Logística', '2025-01-03', '2025-02-02', 'Tiempo Parcial', 'SUBALTERNOS', 'Temporal', 30, 30, NULL),
(88, 'B10000028', 'NUEVA GESTIÓN 028 S.L.', 'Hostelería', '2024-02-03', '2024-09-18', 'Tiempo Parcial', 'TRABAJADORES MENORES DE DIECIOCHO AÑOS, CUALQUIERA QUE SEA SU CATEGORÍA PROFESIONAL', 'Indefinido', 40, 229, NULL),
(88, 'B10000012', 'IBÉRICA LOGÍSTICA 012 S.L.', 'Comercio', '2024-05-19', '2024-10-16', '100%', 'TRABAJADORES MENORES DE DIECIOCHO AÑOS, CUALQUIERA QUE SEA SU CATEGORÍA PROFESIONAL', 'Indefinido', NULL, 151, NULL),
(88, 'B10000005', 'NORTE TECNOLOGÍA 005 S.L.', 'Construcción', '2024-12-14', '2025-07-31', 'Fijo Discontínuo', 'OFICIALES DE TERCERA Y ESPECIALISTAS', 'Duración Determinada', 30, 213, NULL),
(88, 'B10000011', 'URBANA HOSTELERÍA 011 S.L.', 'Hostelería', '2024-10-11', '2025-03-23', '100%', 'INGENIEROS Y LICENCIADOS  DE ALTA DIRECCIÓN', 'Indefinido', NULL, 178, NULL),
(89, 'B10000023', 'URBANA SERVICIOS 023 S.L.', 'Seguridad', '2024-07-28', '2024-10-03', 'Tiempo Parcial', 'AYUDANTES NO TITULADOS', 'Indefinido', 20, 63, 'Contrato para seguimiento de inserción.'),
(89, 'B10000020', 'NUEVA COMERCIO 020 S.L.', 'Sanidad', '2024-10-20', '2025-02-11', 'Fijo Discontínuo', 'PEONES', 'Temporal', 20, 119, 'Contrato para seguimiento de inserción.'),
(89, 'B10000001', 'NORTE COMERCIO 001 S.L.', 'Atención al cliente', '2025-08-07', '2026-01-24', 'Tiempo Completo', 'INGENIEROS TÉCNICOS, PERITOS Y AYUDANTES TITULADOS', 'Duración Determinada', 20, 178, NULL),
(90, 'B10000024', 'EXPERTA SERVICIOS 024 S.L.', 'Limpieza', '2024-08-03', '2025-02-01', 'Tiempo Parcial', 'PEONES', 'Indefinido', 20, 199, 'Contrato para seguimiento de inserción.'),
(90, 'B10000025', 'EXPERTA TECNOLOGÍA 025 S.L.', 'Sanidad', '2024-08-04', '2024-11-09', 'Tiempo Completo', 'PEONES', 'Duración Determinada', 20, 99, NULL),
(90, 'B10000026', 'GLOBAL SERVICIOS 026 S.L.', 'Seguridad', '2024-10-16', '2025-03-23', 'Tiempo Completo', 'OFICIALES DE TERCERA Y ESPECIALISTAS', 'Temporal', 20, 166, NULL),
(90, 'B10000005', 'NORTE TECNOLOGÍA 005 S.L.', 'Construcción', '2024-03-29', '2024-07-30', '50%', 'AUXILIARES ADMINISTRATIVOS', 'Temporal', NULL, 115, NULL),
(91, 'B10000021', 'URBANA COMERCIO 021 S.L.', 'Comercio', '2025-11-07', NULL, 'Fijo Discontínuo', 'INGENIEROS TÉCNICOS, PERITOS Y AYUDANTES TITULADOS', 'Temporal', 20, 106, 'Contrato para seguimiento de inserción.'),
(91, 'B10000013', 'GLOBAL DISTRIBUCIÓN 013 S.L.', 'Sanidad', '2025-12-08', '2026-01-31', '100%', 'AYUDANTES NO TITULADOS', 'Temporal', NULL, 55, NULL),
(91, 'B10000016', 'NORTE DISTRIBUCIÓN 016 S.L.', 'Administración', '2025-03-28', '2025-08-27', '75%', 'INGENIEROS TÉCNICOS, PERITOS Y AYUDANTES TITULADOS', 'Indefinido', NULL, 146, NULL),
(91, 'B10000025', 'EXPERTA TECNOLOGÍA 025 S.L.', 'Sanidad', '2024-12-29', '2025-02-22', 'Tiempo Completo', 'AYUDANTES NO TITULADOS', 'Temporal', 30, 53, NULL),
(91, 'B10000027', 'EXPERTA COMERCIO 027 S.L.', 'Tecnología', '2025-02-12', '2025-03-18', '50%', 'INGENIEROS TÉCNICOS, PERITOS Y AYUDANTES TITULADOS', 'Temporal', NULL, 38, 'Contrato para seguimiento de inserción.'),
(91, 'B10000012', 'IBÉRICA LOGÍSTICA 012 S.L.', 'Comercio', '2024-03-08', '2024-10-31', '100%', 'PEONES', 'Indefinido', NULL, 233, NULL),
(91, 'B10000019', 'GLOBAL LOGÍSTICA 019 S.L.', 'Tecnología', '2024-06-14', '2024-12-30', 'Tiempo Parcial', 'OFICIALES DE PRIMERA Y SEGUNDA', 'Indefinido', 20, 189, NULL),
(91, 'B10000030', 'CENTRAL TECNOLOGÍA 030 S.L.', 'Tecnología', '2025-12-05', NULL, 'Tiempo Parcial', 'PEONES', 'Indefinido', 40, 139, NULL),
(91, 'B10000016', 'NORTE DISTRIBUCIÓN 016 S.L.', 'Administración', '2024-08-28', '2025-01-28', 'Fijo Discontínuo', 'PEONES', 'Duración Determinada', 30, 141, NULL),
(92, 'B10000006', 'CENTRAL COMERCIO 006 S.L.', 'Logística', '2025-12-02', NULL, 'Tiempo Completo', 'AUXILIARES ADMINISTRATIVOS', 'Temporal', 20, 169, NULL),
(92, 'B10000008', 'NORTE SOLUCIONES 008 S.L.', 'Limpieza', '2025-05-23', '2025-08-30', 'Tiempo Completo', 'SUBALTERNOS', 'Temporal', 30, 99, NULL),
(92, 'B10000012', 'IBÉRICA LOGÍSTICA 012 S.L.', 'Comercio', '2024-09-18', '2024-11-23', 'Tiempo Parcial', 'OFICIALES DE PRIMERA Y SEGUNDA', 'Temporal', 40, 71, NULL),
(92, 'B10000019', 'GLOBAL LOGÍSTICA 019 S.L.', 'Tecnología', '2024-11-19', '2025-01-06', '100%', 'TRABAJADORES MENORES DE DIECIOCHO AÑOS, CUALQUIERA QUE SEA SU CATEGORÍA PROFESIONAL', 'Indefinido', NULL, 52, 'Contrato para seguimiento de inserción.'),
(92, 'B10000030', 'CENTRAL TECNOLOGÍA 030 S.L.', 'Tecnología', '2025-02-18', '2025-04-27', 'Fijo Discontínuo', 'INGENIEROS Y LICENCIADOS  DE ALTA DIRECCIÓN', 'Indefinido', 30, 72, 'Contrato para seguimiento de inserción.'),
(92, 'B10000013', 'GLOBAL DISTRIBUCIÓN 013 S.L.', 'Sanidad', '2025-01-09', '2025-07-31', '50%', 'TRABAJADORES MENORES DE DIECIOCHO AÑOS, CUALQUIERA QUE SEA SU CATEGORÍA PROFESIONAL', 'Temporal', NULL, 217, NULL),
(92, 'B10000017', 'NUEVA TECNOLOGÍA 017 S.L.', 'Limpieza', '2024-05-23', '2024-09-29', 'Tiempo Completo', 'TRABAJADORES MENORES DE DIECIOCHO AÑOS, CUALQUIERA QUE SEA SU CATEGORÍA PROFESIONAL', 'Temporal', 20, 132, NULL),
(92, 'B10000022', 'URBANA COMERCIO 022 S.L.', 'Seguridad', '2024-07-16', '2024-11-17', 'Fijo Discontínuo', 'INGENIEROS TÉCNICOS, PERITOS Y AYUDANTES TITULADOS', 'Temporal', 20, 116, NULL),
(92, 'B10000002', 'URBANA HOSTELERÍA 002 S.L.', 'Sanidad', '2025-07-26', '2025-11-28', '50%', 'AUXILIARES ADMINISTRATIVOS', 'Duración Determinada', NULL, 114, NULL),
(93, 'B10000025', 'EXPERTA TECNOLOGÍA 025 S.L.', 'Sanidad', '2025-06-17', '2025-09-22', 'Tiempo Parcial', 'TRABAJADORES MENORES DE DIECIOCHO AÑOS, CUALQUIERA QUE SEA SU CATEGORÍA PROFESIONAL', 'Duración Determinada', 40, 101, NULL),
(93, 'B10000005', 'NORTE TECNOLOGÍA 005 S.L.', 'Construcción', '2024-01-09', '2024-02-10', 'Fijo Discontínuo', 'AYUDANTES NO TITULADOS', 'Temporal', 20, 35, 'Contrato para seguimiento de inserción.'),
(93, 'B10000002', 'URBANA HOSTELERÍA 002 S.L.', 'Sanidad', '2024-09-08', '2025-02-12', '75%', 'OFICIALES ADMINISTRATIVOS', 'Duración Determinada', NULL, 168, 'Contrato para seguimiento de inserción.'),
(93, 'B10000003', 'ALFA GESTIÓN 003 S.L.', 'Construcción', '2025-12-20', NULL, 'Fijo Discontínuo', 'JEFES ADMINISTRATIVOS Y DE TALLER', 'Temporal', 30, 209, 'Contrato para seguimiento de inserción.'),
(93, 'B10000005', 'NORTE TECNOLOGÍA 005 S.L.', 'Construcción', '2025-09-30', NULL, 'Tiempo Parcial', 'TRABAJADORES MENORES DE DIECIOCHO AÑOS, CUALQUIERA QUE SEA SU CATEGORÍA PROFESIONAL', 'Duración Determinada', 40, 199, NULL),
(93, 'B10000007', 'EXPERTA GESTIÓN 007 S.L.', 'Logística', '2024-12-10', '2025-05-09', '50%', 'OFICIALES DE TERCERA Y ESPECIALISTAS', 'Duración Determinada', NULL, 146, NULL),
(93, 'B10000029', 'ALFA DISTRIBUCIÓN 029 S.L.', 'Atención al cliente', '2024-06-09', '2024-12-12', 'Fijo Discontínuo', 'OFICIALES DE TERCERA Y ESPECIALISTAS', 'Duración Determinada', 40, 182, 'Contrato para seguimiento de inserción.'),
(93, 'B10000030', 'CENTRAL TECNOLOGÍA 030 S.L.', 'Tecnología', '2025-10-15', NULL, 'Fijo Discontínuo', 'OFICIALES DE TERCERA Y ESPECIALISTAS', 'Duración Determinada', 20, 247, 'Contrato para seguimiento de inserción.'),
(93, 'B10000005', 'NORTE TECNOLOGÍA 005 S.L.', 'Construcción', '2024-10-09', '2025-05-30', '100%', 'INGENIEROS TÉCNICOS, PERITOS Y AYUDANTES TITULADOS', 'Duración Determinada', NULL, 249, NULL),
(94, 'B10000019', 'GLOBAL LOGÍSTICA 019 S.L.', 'Tecnología', '2024-09-25', '2025-05-07', 'Fijo Discontínuo', 'JEFES ADMINISTRATIVOS Y DE TALLER', 'Indefinido', 40, 233, NULL),
(94, 'B10000011', 'URBANA HOSTELERÍA 011 S.L.', 'Hostelería', '2025-07-31', '2025-10-29', 'Tiempo Parcial', 'JEFES ADMINISTRATIVOS Y DE TALLER', 'Indefinido', 30, 87, 'Contrato para seguimiento de inserción.'),
(94, 'B10000001', 'NORTE COMERCIO 001 S.L.', 'Atención al cliente', '2025-03-01', '2025-09-04', 'Fijo Discontínuo', 'OFICIALES ADMINISTRATIVOS', 'Temporal', 30, 172, 'Contrato para seguimiento de inserción.'),
(94, 'B10000012', 'IBÉRICA LOGÍSTICA 012 S.L.', 'Comercio', '2026-01-03', NULL, '50%', 'JEFES ADMINISTRATIVOS Y DE TALLER', 'Duración Determinada', NULL, 60, 'Contrato para seguimiento de inserción.'),
(94, 'B10000024', 'EXPERTA SERVICIOS 024 S.L.', 'Limpieza', '2024-09-16', '2025-03-11', 'Fijo Discontínuo', 'OFICIALES DE TERCERA Y ESPECIALISTAS', 'Temporal', 20, 181, NULL);

INSERT INTO hiring_contracts (student_id, company_nif, company_name, sector, start_date, end_date, workday_pct, contribution_group, contract_type, weekly_hours, contributed_days, notes) VALUES
(95, 'B10000017', 'NUEVA TECNOLOGÍA 017 S.L.', 'Limpieza', '2024-10-21', '2024-12-04', '100%', 'OFICIALES DE TERCERA Y ESPECIALISTAS', 'Indefinido', NULL, 44, 'Contrato para seguimiento de inserción.'),
(95, 'B10000007', 'EXPERTA GESTIÓN 007 S.L.', 'Logística', '2025-07-26', '2026-01-19', '75%', 'SUBALTERNOS', 'Temporal', NULL, 181, NULL),
(95, 'B10000015', 'NORTE TECNOLOGÍA 015 S.L.', 'Logística', '2024-03-28', '2024-05-15', 'Tiempo Completo', 'INGENIEROS Y LICENCIADOS  DE ALTA DIRECCIÓN', 'Indefinido', 20, 51, NULL),
(95, 'B10000022', 'URBANA COMERCIO 022 S.L.', 'Seguridad', '2025-10-05', '2026-01-02', 'Tiempo Parcial', 'INGENIEROS TÉCNICOS, PERITOS Y AYUDANTES TITULADOS', 'Indefinido', 40, 84, NULL),
(95, 'B10000002', 'URBANA HOSTELERÍA 002 S.L.', 'Sanidad', '2025-08-06', '2025-10-07', 'Tiempo Parcial', 'SUBALTERNOS', 'Indefinido', 30, 61, NULL),
(95, 'B10000023', 'URBANA SERVICIOS 023 S.L.', 'Seguridad', '2025-11-22', NULL, 'Fijo Discontínuo', 'OFICIALES DE TERCERA Y ESPECIALISTAS', 'Temporal', 40, 178, NULL),
(95, 'B10000001', 'NORTE COMERCIO 001 S.L.', 'Atención al cliente', '2025-06-17', '2025-10-07', 'Fijo Discontínuo', 'OFICIALES DE PRIMERA Y SEGUNDA', 'Temporal', 30, 114, 'Contrato para seguimiento de inserción.'),
(95, 'B10000022', 'URBANA COMERCIO 022 S.L.', 'Seguridad', '2024-11-07', '2025-02-19', 'Fijo Discontínuo', 'SUBALTERNOS', 'Duración Determinada', 20, 109, NULL),
(95, 'B10000006', 'CENTRAL COMERCIO 006 S.L.', 'Logística', '2025-08-19', '2025-09-20', 'Fijo Discontínuo', 'AUXILIARES ADMINISTRATIVOS', 'Indefinido', 40, 34, 'Contrato para seguimiento de inserción.'),
(96, 'B10000010', 'CENTRAL LOGÍSTICA 010 S.L.', 'Comercio', '2024-08-20', '2025-02-11', 'Fijo Discontínuo', 'INGENIEROS TÉCNICOS, PERITOS Y AYUDANTES TITULADOS', 'Indefinido', 40, 187, 'Contrato para seguimiento de inserción.'),
(96, 'B10000017', 'NUEVA TECNOLOGÍA 017 S.L.', 'Limpieza', '2024-02-01', '2024-08-07', 'Tiempo Completo', 'TRABAJADORES MENORES DE DIECIOCHO AÑOS, CUALQUIERA QUE SEA SU CATEGORÍA PROFESIONAL', 'Indefinido', 40, 204, NULL),
(96, 'B10000013', 'GLOBAL DISTRIBUCIÓN 013 S.L.', 'Sanidad', '2024-04-05', '2024-10-31', 'Fijo Discontínuo', 'SUBALTERNOS', 'Temporal', 40, 205, NULL),
(97, 'B10000004', 'IBÉRICA COMERCIO 004 S.L.', 'Seguridad', '2025-03-26', '2025-07-01', 'Fijo Discontínuo', 'INGENIEROS Y LICENCIADOS  DE ALTA DIRECCIÓN', 'Duración Determinada', 30, 95, NULL),
(97, 'B10000011', 'URBANA HOSTELERÍA 011 S.L.', 'Hostelería', '2024-06-26', '2024-12-14', 'Tiempo Parcial', 'INGENIEROS Y LICENCIADOS  DE ALTA DIRECCIÓN', 'Temporal', 40, 183, NULL),
(97, 'B10000027', 'EXPERTA COMERCIO 027 S.L.', 'Tecnología', '2025-09-22', NULL, 'Tiempo Completo', 'TRABAJADORES MENORES DE DIECIOCHO AÑOS, CUALQUIERA QUE SEA SU CATEGORÍA PROFESIONAL', 'Temporal', 40, 135, 'Contrato para seguimiento de inserción.'),
(97, 'B10000011', 'URBANA HOSTELERÍA 011 S.L.', 'Hostelería', '2024-06-16', '2025-02-03', 'Fijo Discontínuo', 'OFICIALES ADMINISTRATIVOS', 'Duración Determinada', 40, 247, NULL),
(97, 'B10000005', 'NORTE TECNOLOGÍA 005 S.L.', 'Construcción', '2025-08-06', NULL, 'Tiempo Parcial', 'TRABAJADORES MENORES DE DIECIOCHO AÑOS, CUALQUIERA QUE SEA SU CATEGORÍA PROFESIONAL', 'Duración Determinada', 20, 221, NULL),
(97, 'B10000004', 'IBÉRICA COMERCIO 004 S.L.', 'Seguridad', '2025-12-02', NULL, 'Tiempo Parcial', 'AUXILIARES ADMINISTRATIVOS', 'Indefinido', 30, 180, 'Contrato para seguimiento de inserción.'),
(98, 'B10000004', 'IBÉRICA COMERCIO 004 S.L.', 'Seguridad', '2024-07-29', '2025-01-28', 'Tiempo Completo', 'JEFES ADMINISTRATIVOS Y DE TALLER', 'Duración Determinada', 40, 186, NULL),
(98, 'B10000029', 'ALFA DISTRIBUCIÓN 029 S.L.', 'Atención al cliente', '2025-01-23', '2025-02-23', '50%', 'OFICIALES DE TERCERA Y ESPECIALISTAS', 'Temporal', NULL, 31, 'Contrato para seguimiento de inserción.'),
(98, 'B10000007', 'EXPERTA GESTIÓN 007 S.L.', 'Logística', '2025-05-19', '2025-07-04', 'Fijo Discontínuo', 'TRABAJADORES MENORES DE DIECIOCHO AÑOS, CUALQUIERA QUE SEA SU CATEGORÍA PROFESIONAL', 'Indefinido', 40, 44, 'Contrato para seguimiento de inserción.'),
(99, 'B10000002', 'URBANA HOSTELERÍA 002 S.L.', 'Sanidad', '2025-07-29', '2025-10-14', '100%', 'INGENIEROS TÉCNICOS, PERITOS Y AYUDANTES TITULADOS', 'Temporal', NULL, 82, NULL),
(99, 'B10000020', 'NUEVA COMERCIO 020 S.L.', 'Sanidad', '2025-03-12', '2025-09-29', 'Fijo Discontínuo', 'INGENIEROS Y LICENCIADOS  DE ALTA DIRECCIÓN', 'Temporal', 40, 196, NULL),
(100, 'B10000002', 'URBANA HOSTELERÍA 002 S.L.', 'Sanidad', '2025-03-04', '2025-06-07', 'Tiempo Parcial', 'PEONES', 'Duración Determinada', 30, 105, NULL),
(100, 'B10000002', 'URBANA HOSTELERÍA 002 S.L.', 'Sanidad', '2025-06-28', '2025-09-28', 'Tiempo Parcial', 'INGENIEROS TÉCNICOS, PERITOS Y AYUDANTES TITULADOS', 'Duración Determinada', 30, 94, NULL),
(100, 'B10000021', 'URBANA COMERCIO 021 S.L.', 'Comercio', '2025-01-18', '2025-06-29', 'Tiempo Completo', 'SUBALTERNOS', 'Temporal', 30, 171, NULL),
(100, 'B10000014', 'URBANA COMERCIO 014 S.L.', 'Limpieza', '2024-07-28', '2024-12-10', 'Tiempo Parcial', 'OFICIALES DE TERCERA Y ESPECIALISTAS', 'Duración Determinada', 30, 138, NULL),
(100, 'B10000008', 'NORTE SOLUCIONES 008 S.L.', 'Limpieza', '2025-02-16', '2025-07-09', '100%', 'OFICIALES ADMINISTRATIVOS', 'Duración Determinada', NULL, 143, NULL);

INSERT INTO invitations (vacancy_id, student_id, status, sent_at, responded_at) VALUES
(35, 1, 'sent', '2025-08-14 18:01:53', NULL),
(63, 1, 'sent', '2025-08-14 16:52:11', NULL),
(70, 1, 'accepted', '2025-07-04 08:47:55', '2025-08-12 10:01:59'),
(56, 1, 'sent', '2025-06-22 11:48:51', NULL),
(2, 2, 'sent', '2025-07-18 15:34:19', NULL),
(15, 2, 'accepted', '2025-12-04 17:56:56', '2026-01-14 18:46:15'),
(36, 2, 'sent', '2025-11-26 08:14:55', NULL),
(35, 2, 'sent', '2025-12-13 16:04:19', NULL),
(53, 2, 'sent', '2025-11-26 15:53:24', NULL),
(72, 2, 'sent', '2026-01-03 08:20:38', NULL),
(67, 2, 'accepted', '2025-07-06 16:34:49', '2025-08-31 15:32:58'),
(30, 3, 'sent', '2025-06-04 14:49:40', NULL),
(72, 3, 'accepted', '2025-12-05 17:16:16', '2025-12-30 16:42:00'),
(38, 3, 'accepted', '2025-11-05 18:06:42', '2025-11-05 13:02:59'),
(7, 3, 'sent', '2025-12-11 08:54:18', NULL),
(37, 3, 'sent', '2025-10-03 15:43:46', NULL),
(59, 3, 'rejected', '2026-01-31 09:04:01', '2026-02-01 18:45:41'),
(31, 4, 'sent', '2025-12-01 11:27:00', NULL),
(24, 4, 'sent', '2025-06-04 18:35:13', NULL),
(73, 4, 'sent', '2025-12-16 09:52:44', NULL),
(41, 4, 'sent', '2025-10-14 11:09:13', NULL),
(64, 4, 'sent', '2026-01-09 14:30:38', NULL),
(61, 4, 'sent', '2025-10-01 16:16:39', NULL),
(48, 4, 'accepted', '2025-11-29 08:35:58', '2026-01-20 15:36:09'),
(74, 5, 'expired', '2025-11-15 12:53:11', '2025-12-20 16:32:47'),
(5, 5, 'sent', '2025-09-14 09:55:58', NULL),
(73, 5, 'sent', '2025-07-07 10:15:22', NULL),
(30, 5, 'sent', '2025-12-02 13:08:46', NULL),
(75, 5, 'sent', '2025-12-29 18:36:50', NULL),
(54, 5, 'sent', '2026-01-04 12:23:42', NULL),
(22, 6, 'sent', '2025-08-31 13:18:09', NULL),
(61, 6, 'sent', '2025-06-16 09:00:51', NULL),
(66, 6, 'rejected', '2025-10-21 10:03:23', '2026-01-22 12:21:28'),
(46, 6, 'sent', '2025-12-06 17:55:51', NULL),
(8, 6, 'expired', '2025-08-23 13:57:04', '2025-12-21 08:56:59'),
(26, 7, 'rejected', '2025-06-04 08:04:22', '2026-01-21 13:12:45'),
(68, 7, 'sent', '2026-01-28 11:23:27', NULL),
(49, 7, 'accepted', '2025-11-11 17:12:57', '2025-12-04 12:24:22'),
(67, 7, 'accepted', '2025-08-17 11:39:34', '2025-12-21 12:00:08'),
(66, 7, 'rejected', '2025-06-18 16:24:35', '2025-12-28 14:08:27'),
(4, 7, 'rejected', '2025-06-20 11:14:41', '2025-10-30 09:19:49'),
(46, 8, 'expired', '2025-06-13 16:02:27', '2025-09-27 15:45:07'),
(51, 8, 'sent', '2026-01-18 09:12:08', NULL),
(23, 8, 'accepted', '2025-09-16 17:18:11', '2025-10-23 14:48:46'),
(3, 9, 'sent', '2025-06-20 14:10:01', NULL),
(17, 9, 'sent', '2025-10-25 11:25:06', NULL),
(65, 9, 'sent', '2025-08-08 16:47:41', NULL),
(38, 9, 'sent', '2025-08-04 14:21:06', NULL),
(64, 9, 'rejected', '2025-12-19 11:49:18', '2026-01-17 08:20:04'),
(4, 9, 'sent', '2025-07-04 16:36:56', NULL),
(67, 9, 'rejected', '2025-09-17 17:41:29', '2026-01-19 14:52:52'),
(2, 10, 'sent', '2026-01-29 18:53:57', NULL),
(62, 10, 'rejected', '2026-02-01 08:07:51', '2026-02-01 12:17:13'),
(22, 10, 'expired', '2025-10-17 12:02:52', '2026-01-12 16:34:16'),
(71, 10, 'sent', '2025-12-24 14:37:36', NULL),
(50, 11, 'sent', '2025-12-07 13:31:48', NULL),
(29, 11, 'expired', '2025-06-06 13:43:55', '2025-07-08 11:47:58'),
(49, 11, 'rejected', '2025-06-07 18:58:01', '2025-11-01 16:45:45'),
(69, 12, 'sent', '2025-09-03 12:14:17', NULL),
(5, 12, 'sent', '2025-08-23 17:48:40', NULL),
(31, 12, 'expired', '2026-01-07 15:42:41', '2026-01-31 17:31:07'),
(58, 12, 'sent', '2025-07-29 15:36:55', NULL),
(52, 12, 'sent', '2025-10-22 08:25:55', NULL),
(23, 12, 'sent', '2025-12-07 08:15:28', NULL),
(50, 12, 'sent', '2025-10-29 14:16:50', NULL),
(51, 13, 'accepted', '2025-09-25 14:14:32', '2025-12-27 14:24:45'),
(46, 13, 'sent', '2025-09-10 12:02:19', NULL),
(9, 13, 'sent', '2025-08-05 08:33:54', NULL),
(37, 13, 'sent', '2025-07-29 18:25:30', NULL),
(58, 14, 'expired', '2025-12-27 12:35:17', '2025-12-28 17:22:44'),
(23, 14, 'accepted', '2025-11-14 09:25:39', '2025-12-03 09:05:50'),
(36, 14, 'sent', '2025-07-22 18:12:53', NULL),
(5, 14, 'sent', '2025-11-29 11:08:56', NULL),
(29, 15, 'accepted', '2025-06-29 09:48:53', '2025-07-04 08:55:35'),
(62, 15, 'sent', '2025-11-15 15:08:25', NULL),
(21, 15, 'sent', '2025-10-09 14:32:33', NULL),
(47, 15, 'rejected', '2025-08-31 10:57:04', '2025-12-14 11:37:12'),
(45, 15, 'sent', '2025-08-02 17:27:55', NULL),
(57, 15, 'rejected', '2025-06-16 10:35:10', '2025-07-07 09:25:11'),
(56, 16, 'sent', '2025-09-11 08:49:54', NULL),
(27, 16, 'sent', '2025-11-29 11:30:08', NULL),
(41, 16, 'rejected', '2025-07-12 13:18:27', '2025-10-04 15:22:57'),
(25, 16, 'expired', '2026-01-12 13:18:30', '2026-02-01 18:37:21'),
(60, 16, 'sent', '2025-07-22 13:55:01', NULL),
(38, 16, 'sent', '2025-11-23 10:14:37', NULL),
(64, 17, 'rejected', '2025-12-22 14:01:26', '2026-01-13 13:10:43'),
(27, 17, 'sent', '2025-09-27 12:20:16', NULL),
(51, 17, 'sent', '2025-07-12 12:53:51', NULL),
(34, 17, 'rejected', '2025-07-28 16:15:44', '2026-01-25 10:29:22'),
(30, 17, 'sent', '2025-07-04 15:54:35', NULL),
(12, 17, 'sent', '2025-07-01 15:48:51', NULL),
(17, 18, 'sent', '2025-06-16 08:18:14', NULL),
(56, 18, 'accepted', '2025-09-25 08:46:02', '2025-12-02 11:42:45'),
(15, 18, 'rejected', '2025-09-17 17:43:39', '2026-01-04 13:55:29'),
(51, 18, 'accepted', '2026-01-31 16:49:06', '2026-02-01 10:41:55'),
(4, 18, 'sent', '2025-06-09 18:13:02', NULL),
(14, 18, 'sent', '2025-07-06 17:24:03', NULL),
(28, 18, 'rejected', '2025-12-21 12:19:51', '2026-01-25 11:19:15'),
(59, 19, 'sent', '2025-09-29 16:15:47', NULL),
(22, 19, 'accepted', '2025-11-26 18:20:05', '2026-01-29 13:27:26'),
(1, 19, 'sent', '2025-06-28 11:31:53', NULL),
(38, 19, 'expired', '2025-07-27 14:10:41', '2025-11-14 11:02:10'),
(37, 20, 'accepted', '2025-06-07 09:14:44', '2025-11-12 17:18:47'),
(74, 20, 'sent', '2025-06-06 09:20:42', NULL),
(5, 20, 'sent', '2025-12-12 10:25:10', NULL),
(63, 20, 'sent', '2025-09-13 10:34:16', NULL),
(37, 21, 'sent', '2025-06-11 17:49:58', NULL),
(8, 21, 'sent', '2025-07-19 12:51:22', NULL),
(69, 21, 'sent', '2026-01-01 14:09:52', NULL),
(15, 21, 'sent', '2025-06-19 17:26:35', NULL),
(2, 21, 'sent', '2025-11-09 12:47:42', NULL),
(17, 22, 'sent', '2025-07-07 16:57:15', NULL),
(65, 22, 'sent', '2025-11-20 16:42:40', NULL),
(45, 22, 'sent', '2025-11-30 08:34:46', NULL),
(65, 23, 'accepted', '2025-09-24 16:27:04', '2026-01-01 09:10:08'),
(4, 23, 'sent', '2025-07-13 16:57:40', NULL),
(23, 23, 'sent', '2025-09-08 15:22:19', NULL),
(56, 23, 'accepted', '2025-06-22 18:56:55', '2026-01-08 08:59:03'),
(75, 23, 'rejected', '2025-10-16 13:44:59', '2025-10-16 08:08:18'),
(45, 23, 'sent', '2025-08-04 10:11:57', NULL),
(62, 23, 'sent', '2025-12-22 09:04:33', NULL),
(46, 24, 'accepted', '2025-06-05 18:53:59', '2026-01-03 12:19:17'),
(44, 24, 'sent', '2025-10-28 14:18:46', NULL),
(68, 24, 'rejected', '2025-12-08 14:09:07', '2025-12-14 13:18:56'),
(50, 24, 'sent', '2025-12-07 15:22:41', NULL),
(11, 24, 'sent', '2026-01-03 17:01:24', NULL),
(71, 24, 'expired', '2025-07-04 08:31:33', '2025-07-08 14:39:03'),
(39, 24, 'sent', '2025-07-19 18:32:40', NULL),
(41, 25, 'sent', '2025-08-25 14:18:27', NULL),
(28, 25, 'accepted', '2025-10-27 08:57:48', '2026-02-01 17:22:34'),
(59, 25, 'accepted', '2025-06-27 16:36:01', '2025-09-01 14:53:20'),
(7, 25, 'sent', '2025-08-27 08:09:11', NULL),
(37, 25, 'sent', '2025-08-16 10:29:05', NULL),
(27, 26, 'sent', '2025-06-23 18:44:00', NULL),
(35, 26, 'rejected', '2026-01-10 15:37:21', '2026-01-14 14:56:50'),
(15, 26, 'expired', '2025-12-02 16:01:12', '2026-01-15 14:15:23'),
(41, 27, 'sent', '2025-08-31 08:12:39', NULL),
(49, 27, 'sent', '2025-12-07 15:55:27', NULL),
(18, 27, 'sent', '2025-10-07 10:25:29', NULL),
(32, 27, 'sent', '2025-10-21 14:58:49', NULL),
(28, 27, 'sent', '2025-12-05 18:10:46', NULL),
(69, 27, 'sent', '2025-11-11 16:25:11', NULL),
(12, 28, 'sent', '2025-06-17 12:36:31', NULL),
(20, 28, 'sent', '2025-06-25 18:45:44', NULL),
(2, 28, 'accepted', '2025-08-21 15:27:30', '2025-10-26 17:08:23'),
(36, 28, 'rejected', '2025-06-25 15:12:16', '2026-01-08 17:14:41'),
(69, 29, 'rejected', '2025-10-12 09:19:47', '2025-10-12 18:44:11'),
(47, 29, 'sent', '2025-07-16 15:05:33', NULL),
(5, 29, 'accepted', '2025-06-02 08:10:24', '2025-06-11 11:21:21'),
(30, 29, 'sent', '2025-07-19 15:37:48', NULL),
(5, 30, 'expired', '2026-01-04 09:42:24', '2026-01-19 18:10:08'),
(17, 30, 'accepted', '2025-09-12 17:16:06', '2025-11-24 12:15:23'),
(34, 30, 'sent', '2025-12-24 14:54:17', NULL),
(23, 31, 'accepted', '2025-08-05 16:14:04', '2025-08-10 11:29:11'),
(52, 31, 'accepted', '2026-01-19 10:54:04', '2026-01-25 08:57:03'),
(10, 31, 'expired', '2025-08-05 09:16:01', '2025-11-26 09:04:52'),
(20, 32, 'sent', '2025-08-01 10:24:17', NULL),
(71, 32, 'sent', '2025-12-14 13:32:49', NULL),
(63, 32, 'accepted', '2025-11-29 15:08:45', '2025-12-30 11:29:16'),
(57, 32, 'accepted', '2026-01-14 14:20:13', '2026-01-16 16:55:45'),
(69, 32, 'accepted', '2025-07-17 16:33:25', '2025-10-16 09:28:41'),
(43, 32, 'accepted', '2026-01-20 13:56:53', '2026-01-22 09:40:49'),
(37, 32, 'expired', '2025-09-05 08:38:51', '2026-01-31 18:17:33'),
(54, 33, 'accepted', '2025-10-29 16:53:29', '2025-11-01 15:56:57'),
(19, 33, 'expired', '2025-07-06 13:15:55', '2025-12-16 13:54:23'),
(5, 33, 'sent', '2025-07-15 16:27:32', NULL),
(26, 33, 'accepted', '2025-12-15 13:37:11', '2026-01-15 16:27:05'),
(69, 33, 'sent', '2025-11-17 18:10:10', NULL),
(24, 33, 'rejected', '2025-07-26 12:04:24', '2025-12-12 09:08:58'),
(66, 33, 'sent', '2025-09-27 15:33:20', NULL),
(2, 34, 'sent', '2026-01-30 14:07:55', NULL),
(11, 34, 'sent', '2025-09-05 09:06:52', NULL),
(24, 34, 'accepted', '2025-12-12 15:53:37', '2026-01-25 15:53:03'),
(39, 34, 'sent', '2025-08-17 17:25:52', NULL),
(56, 34, 'sent', '2025-06-28 18:23:29', NULL),
(71, 34, 'sent', '2025-10-27 16:53:50', NULL),
(61, 34, 'expired', '2025-07-06 09:37:20', '2025-08-19 12:44:10'),
(68, 35, 'accepted', '2025-11-02 18:49:10', '2026-01-14 11:59:26'),
(32, 35, 'expired', '2026-01-04 15:36:12', '2026-01-29 11:40:45'),
(19, 35, 'sent', '2025-06-19 14:18:33', NULL),
(59, 35, 'sent', '2025-12-25 08:37:19', NULL),
(58, 35, 'rejected', '2025-06-05 14:23:56', '2025-08-24 08:27:11'),
(65, 35, 'rejected', '2025-09-23 12:54:51', '2025-12-01 14:27:01'),
(3, 35, 'sent', '2026-01-02 10:03:43', NULL),
(15, 36, 'sent', '2025-11-03 09:45:14', NULL),
(35, 36, 'sent', '2025-10-27 13:55:25', NULL),
(63, 36, 'sent', '2025-07-30 15:07:04', NULL),
(31, 36, 'sent', '2025-08-16 14:16:22', NULL),
(58, 36, 'sent', '2025-10-22 14:00:21', NULL),
(50, 36, 'accepted', '2025-07-02 16:15:37', '2025-09-05 16:01:30'),
(34, 36, 'accepted', '2025-09-08 12:03:53', '2025-11-05 15:58:51'),
(15, 37, 'sent', '2025-07-15 12:04:03', NULL),
(14, 37, 'sent', '2025-08-14 10:07:23', NULL),
(12, 37, 'accepted', '2025-06-26 13:38:12', '2025-12-10 17:01:14'),
(6, 37, 'sent', '2025-12-11 14:37:02', NULL),
(65, 37, 'sent', '2025-09-04 13:46:46', NULL),
(54, 37, 'sent', '2025-08-27 15:05:34', NULL),
(69, 37, 'sent', '2025-07-14 13:02:00', NULL),
(9, 38, 'rejected', '2025-12-09 15:34:14', '2026-01-19 11:11:49'),
(73, 38, 'accepted', '2025-09-29 08:10:47', '2026-01-01 18:33:45'),
(17, 38, 'accepted', '2025-09-13 08:40:15', '2025-10-22 11:58:51'),
(51, 39, 'sent', '2025-09-12 10:51:09', NULL),
(60, 39, 'sent', '2025-07-05 16:01:16', NULL),
(22, 39, 'accepted', '2025-08-23 15:11:04', '2026-01-18 16:44:12'),
(42, 39, 'accepted', '2025-06-24 18:38:14', '2025-12-11 14:26:15'),
(40, 39, 'sent', '2025-10-21 09:13:02', NULL),
(31, 39, 'sent', '2025-11-17 08:41:49', NULL),
(14, 39, 'sent', '2025-08-22 11:49:08', NULL),
(43, 40, 'sent', '2025-07-11 16:35:09', NULL),
(41, 40, 'sent', '2025-07-13 13:03:40', NULL),
(23, 40, 'sent', '2025-07-01 13:32:20', NULL),
(33, 40, 'accepted', '2025-11-19 10:04:37', '2025-11-25 13:40:52'),
(44, 40, 'rejected', '2025-09-26 12:07:07', '2025-12-06 13:01:55'),
(11, 40, 'expired', '2025-09-23 15:46:01', '2025-12-21 12:45:16'),
(34, 40, 'sent', '2025-07-05 18:29:22', NULL),
(3, 41, 'rejected', '2025-09-18 15:02:56', '2026-01-18 15:26:21'),
(27, 41, 'sent', '2025-10-14 08:31:13', NULL),
(39, 41, 'sent', '2025-12-29 11:41:21', NULL),
(61, 41, 'sent', '2025-11-08 14:11:58', NULL),
(17, 41, 'sent', '2025-07-02 16:55:14', NULL),
(69, 42, 'rejected', '2025-09-08 08:02:08', '2025-10-08 08:47:19'),
(48, 42, 'rejected', '2026-01-31 13:09:20', '2026-02-01 12:37:37'),
(12, 42, 'sent', '2025-10-28 10:56:45', NULL),
(23, 42, 'rejected', '2025-06-13 15:02:05', '2025-07-28 16:23:40'),
(40, 42, 'rejected', '2025-06-18 17:09:09', '2025-12-07 17:16:13'),
(53, 42, 'sent', '2025-10-03 17:26:39', NULL),
(16, 43, 'sent', '2025-08-18 09:19:24', NULL),
(56, 43, 'rejected', '2025-10-09 15:53:23', '2025-11-21 08:40:58'),
(11, 43, 'rejected', '2025-12-09 09:40:36', '2026-01-07 17:11:29'),
(37, 44, 'sent', '2025-07-07 09:44:15', NULL),
(73, 44, 'accepted', '2025-09-02 17:16:32', '2026-01-29 12:25:40'),
(21, 44, 'rejected', '2025-08-18 13:56:44', '2026-01-24 12:02:35'),
(44, 44, 'sent', '2025-06-09 13:50:51', NULL),
(6, 45, 'accepted', '2025-08-27 09:55:15', '2026-01-29 12:58:38'),
(60, 45, 'sent', '2025-08-02 14:58:06', NULL),
(38, 45, 'rejected', '2025-08-24 10:07:06', '2025-09-05 15:51:08'),
(36, 45, 'sent', '2025-06-14 13:30:51', NULL),
(29, 45, 'sent', '2025-08-08 12:53:16', NULL),
(58, 45, 'expired', '2025-10-21 15:47:55', '2025-10-26 13:16:30'),
(21, 46, 'rejected', '2025-08-09 08:24:48', '2025-11-25 12:44:39'),
(15, 46, 'accepted', '2025-08-25 10:09:26', '2026-01-31 09:42:12'),
(18, 46, 'rejected', '2025-10-24 17:49:12', '2026-01-21 17:05:57'),
(9, 46, 'sent', '2025-08-13 10:19:26', NULL),
(3, 46, 'sent', '2025-08-15 08:07:50', NULL),
(58, 47, 'rejected', '2025-11-28 10:24:50', '2026-01-31 16:51:19'),
(32, 47, 'rejected', '2025-11-15 15:23:55', '2025-12-20 10:45:18'),
(40, 47, 'sent', '2025-09-17 18:27:44', NULL),
(45, 47, 'sent', '2025-10-06 17:17:27', NULL),
(12, 47, 'expired', '2025-09-04 10:55:33', '2025-11-08 10:15:27'),
(34, 47, 'sent', '2025-11-26 17:01:52', NULL);

INSERT INTO invitations (vacancy_id, student_id, status, sent_at, responded_at) VALUES
(50, 47, 'rejected', '2025-08-17 17:49:47', '2025-12-06 11:40:50'),
(16, 48, 'sent', '2025-07-24 18:31:29', NULL),
(18, 48, 'accepted', '2025-09-10 12:59:11', '2025-11-19 18:25:42'),
(1, 48, 'sent', '2025-08-29 08:25:02', NULL),
(21, 48, 'accepted', '2025-06-15 16:32:59', '2025-12-01 18:37:18'),
(62, 49, 'sent', '2025-07-04 16:41:50', NULL),
(47, 49, 'expired', '2025-10-28 17:17:52', '2025-11-04 12:19:48'),
(13, 49, 'accepted', '2025-08-08 15:58:43', '2025-12-21 13:51:59'),
(1, 49, 'sent', '2026-01-10 09:47:27', NULL),
(9, 50, 'rejected', '2025-06-30 11:26:51', '2025-12-28 08:25:24'),
(57, 50, 'accepted', '2025-12-06 17:56:30', '2026-01-19 16:36:58'),
(2, 50, 'sent', '2025-08-17 15:59:37', NULL),
(40, 51, 'rejected', '2025-10-04 14:57:32', '2026-01-17 08:57:40'),
(74, 51, 'expired', '2025-10-06 15:28:15', '2025-12-09 10:37:12'),
(69, 51, 'sent', '2025-11-01 09:08:34', NULL),
(1, 51, 'sent', '2025-06-08 09:03:59', NULL),
(4, 52, 'sent', '2026-01-31 16:22:08', NULL),
(14, 52, 'sent', '2026-01-09 12:24:04', NULL),
(2, 52, 'sent', '2025-12-15 13:23:49', NULL),
(6, 52, 'sent', '2025-09-13 15:12:57', NULL),
(61, 53, 'accepted', '2025-07-13 15:26:33', '2025-10-22 12:41:53'),
(15, 53, 'accepted', '2025-11-04 12:01:19', '2025-11-23 09:56:12'),
(39, 53, 'sent', '2025-09-05 16:52:26', NULL),
(42, 53, 'sent', '2026-01-02 18:33:16', NULL),
(7, 54, 'accepted', '2026-01-22 14:28:20', '2026-01-23 09:59:55'),
(3, 54, 'sent', '2025-06-14 18:37:19', NULL),
(39, 54, 'sent', '2025-10-01 14:02:12', NULL),
(73, 54, 'sent', '2025-09-12 15:16:46', NULL),
(22, 55, 'sent', '2025-12-09 18:24:11', NULL),
(24, 55, 'rejected', '2025-08-18 10:43:40', '2026-01-07 18:01:34'),
(70, 55, 'accepted', '2025-06-13 12:23:48', '2025-07-24 13:04:27'),
(74, 55, 'sent', '2025-10-21 17:25:18', NULL),
(49, 55, 'accepted', '2026-01-16 09:25:07', '2026-01-16 09:43:06'),
(9, 56, 'accepted', '2025-12-10 09:25:02', '2025-12-11 08:10:52'),
(3, 56, 'accepted', '2025-12-12 10:44:39', '2025-12-24 17:13:34'),
(1, 56, 'sent', '2026-01-24 17:56:35', NULL),
(4, 56, 'sent', '2025-08-09 14:23:47', NULL),
(69, 56, 'sent', '2026-01-24 08:55:02', NULL),
(14, 56, 'expired', '2025-07-31 15:04:31', '2025-08-07 09:23:51'),
(50, 56, 'sent', '2026-01-04 12:07:45', NULL),
(21, 57, 'sent', '2025-09-02 08:43:17', NULL),
(26, 57, 'sent', '2025-07-27 13:10:37', NULL),
(29, 57, 'sent', '2025-06-02 18:14:53', NULL),
(68, 57, 'sent', '2025-08-21 18:43:33', NULL),
(75, 58, 'sent', '2025-11-21 08:25:25', NULL),
(73, 58, 'sent', '2025-11-29 11:27:27', NULL),
(27, 58, 'rejected', '2025-12-05 12:53:12', '2025-12-21 13:50:09'),
(47, 58, 'sent', '2025-12-05 17:50:44', NULL),
(30, 58, 'accepted', '2025-08-08 15:44:56', '2025-11-26 18:21:28'),
(55, 58, 'sent', '2025-07-12 17:20:17', NULL),
(24, 59, 'sent', '2025-11-11 11:29:52', NULL),
(58, 59, 'sent', '2025-06-10 11:25:08', NULL),
(5, 59, 'accepted', '2025-09-17 09:58:09', '2025-12-10 10:01:39'),
(6, 60, 'sent', '2025-10-11 11:13:11', NULL),
(51, 60, 'accepted', '2025-06-30 17:13:36', '2025-10-31 08:39:50'),
(4, 60, 'expired', '2026-01-29 11:08:34', '2026-02-01 08:29:02'),
(36, 60, 'sent', '2026-01-06 18:25:15', NULL),
(11, 60, 'accepted', '2025-10-18 14:29:05', '2026-01-29 17:53:52'),
(12, 60, 'sent', '2025-12-22 11:28:11', NULL),
(49, 60, 'accepted', '2025-06-24 11:16:49', '2025-11-09 14:21:56'),
(51, 61, 'sent', '2025-08-11 16:05:35', NULL),
(68, 61, 'sent', '2025-07-21 11:40:14', NULL),
(36, 61, 'sent', '2025-07-19 08:44:47', NULL),
(72, 61, 'sent', '2025-07-03 13:21:39', NULL),
(35, 61, 'rejected', '2025-12-29 17:43:45', '2026-01-07 15:30:33'),
(37, 61, 'sent', '2025-09-07 14:14:18', NULL),
(33, 62, 'sent', '2025-09-12 18:24:50', NULL),
(44, 62, 'rejected', '2025-08-13 16:44:00', '2025-08-13 09:09:20'),
(52, 62, 'sent', '2026-01-22 09:07:53', NULL),
(65, 62, 'sent', '2025-08-20 15:43:40', NULL),
(69, 62, 'sent', '2025-08-02 12:59:24', NULL),
(21, 63, 'sent', '2025-10-21 12:04:01', NULL),
(64, 63, 'sent', '2026-01-27 09:00:08', NULL),
(25, 63, 'accepted', '2025-07-26 16:14:09', '2025-09-13 13:28:18'),
(59, 63, 'accepted', '2025-09-21 17:16:29', '2026-01-03 13:05:18'),
(27, 63, 'accepted', '2025-11-10 11:20:30', '2025-11-28 12:49:31'),
(19, 63, 'sent', '2025-10-11 16:22:38', NULL),
(75, 63, 'accepted', '2025-12-13 13:17:41', '2025-12-16 09:05:44'),
(46, 64, 'sent', '2025-11-09 17:29:30', NULL),
(65, 64, 'sent', '2025-11-09 17:42:12', NULL),
(67, 64, 'sent', '2025-06-23 10:01:12', NULL),
(69, 65, 'sent', '2025-11-10 17:24:55', NULL),
(51, 65, 'accepted', '2026-01-24 15:20:31', '2026-01-29 11:18:47'),
(13, 65, 'sent', '2025-06-12 09:41:46', NULL),
(53, 66, 'accepted', '2026-01-29 15:16:46', '2026-01-29 13:29:40'),
(45, 66, 'accepted', '2025-10-11 09:15:03', '2026-01-20 13:02:00'),
(57, 66, 'sent', '2026-01-13 13:04:37', NULL),
(17, 66, 'accepted', '2025-07-07 10:30:56', '2025-07-30 14:56:23'),
(30, 66, 'rejected', '2025-09-08 18:49:19', '2025-12-19 16:01:15'),
(14, 66, 'sent', '2025-10-19 11:22:28', NULL),
(36, 67, 'sent', '2025-12-15 09:20:13', NULL),
(44, 67, 'sent', '2025-06-07 14:59:47', NULL),
(48, 67, 'accepted', '2025-12-10 11:18:39', '2026-01-24 14:01:30'),
(13, 68, 'sent', '2025-10-30 12:34:28', NULL),
(6, 68, 'accepted', '2026-01-16 11:00:35', '2026-01-26 15:40:14'),
(37, 68, 'rejected', '2025-06-01 15:07:38', '2025-10-03 13:09:16'),
(15, 68, 'sent', '2025-06-25 15:46:18', NULL),
(68, 68, 'accepted', '2025-08-19 13:52:38', '2025-09-29 11:08:13'),
(57, 68, 'sent', '2025-06-06 12:17:24', NULL),
(19, 69, 'sent', '2025-11-04 13:25:27', NULL),
(72, 69, 'rejected', '2025-07-14 15:45:56', '2026-01-01 12:31:56'),
(42, 69, 'sent', '2025-06-25 15:36:25', NULL),
(51, 69, 'sent', '2025-08-13 11:27:50', NULL),
(65, 69, 'sent', '2025-09-18 10:33:10', NULL),
(43, 69, 'accepted', '2025-07-15 08:13:24', '2025-08-28 18:11:27'),
(19, 70, 'sent', '2025-10-31 09:00:39', NULL),
(11, 70, 'rejected', '2026-01-07 13:38:36', '2026-01-16 14:11:20'),
(58, 70, 'sent', '2025-06-22 12:00:36', NULL),
(18, 71, 'rejected', '2025-08-31 11:48:10', '2025-12-24 16:54:01'),
(44, 71, 'sent', '2025-07-06 14:22:26', NULL),
(45, 71, 'accepted', '2025-09-26 11:29:51', '2026-01-06 14:50:20'),
(48, 71, 'sent', '2025-12-06 11:54:02', NULL),
(63, 71, 'sent', '2025-11-21 16:36:46', NULL),
(13, 71, 'expired', '2025-07-26 13:06:50', '2025-10-10 10:40:10'),
(11, 71, 'sent', '2025-12-10 18:27:11', NULL),
(48, 72, 'sent', '2025-11-18 09:42:41', NULL),
(46, 72, 'rejected', '2025-10-29 08:13:42', '2025-12-22 12:56:55'),
(59, 72, 'sent', '2025-07-06 12:47:50', NULL),
(57, 72, 'sent', '2025-07-18 15:01:52', NULL),
(73, 72, 'sent', '2025-10-16 08:08:02', NULL),
(30, 73, 'accepted', '2025-07-11 16:59:37', '2025-09-23 15:43:50'),
(58, 73, 'sent', '2026-01-19 17:33:04', NULL),
(64, 73, 'sent', '2026-01-02 09:04:34', NULL),
(70, 73, 'sent', '2025-07-10 16:33:39', NULL),
(10, 73, 'expired', '2025-07-13 16:36:02', '2025-11-16 11:49:07'),
(74, 73, 'accepted', '2025-11-13 18:00:20', '2026-01-29 12:27:28'),
(22, 73, 'sent', '2025-08-10 11:24:53', NULL),
(28, 74, 'sent', '2025-11-07 15:54:46', NULL),
(32, 74, 'expired', '2025-11-20 13:40:10', '2025-11-23 18:24:04'),
(73, 74, 'accepted', '2025-10-08 14:06:12', '2026-01-03 09:25:19'),
(52, 74, 'accepted', '2026-01-12 14:21:52', '2026-01-14 18:13:36'),
(56, 74, 'sent', '2025-07-03 13:16:48', NULL),
(55, 74, 'expired', '2025-06-03 12:24:57', '2025-06-23 18:23:03'),
(31, 75, 'accepted', '2025-10-27 14:46:08', '2025-12-14 16:58:41'),
(61, 75, 'sent', '2025-09-25 16:26:10', NULL),
(46, 75, 'sent', '2025-08-17 08:44:27', NULL),
(26, 75, 'accepted', '2025-07-18 11:02:48', '2025-08-27 16:02:59'),
(3, 75, 'expired', '2025-12-02 11:46:54', '2025-12-04 18:38:08'),
(22, 75, 'sent', '2025-10-05 08:52:00', NULL),
(25, 75, 'sent', '2025-11-04 11:03:33', NULL),
(1, 76, 'accepted', '2025-08-04 17:25:09', '2026-01-02 08:50:11'),
(73, 76, 'rejected', '2025-07-21 10:26:28', '2025-12-28 12:09:53'),
(41, 76, 'sent', '2025-11-02 09:18:26', NULL),
(8, 76, 'sent', '2025-12-11 18:48:06', NULL),
(21, 77, 'sent', '2025-07-23 10:58:47', NULL),
(11, 77, 'sent', '2025-12-29 09:31:51', NULL),
(37, 77, 'expired', '2025-08-02 17:22:22', '2025-08-30 12:21:33'),
(29, 77, 'sent', '2025-12-01 17:31:35', NULL),
(31, 78, 'sent', '2025-08-27 14:14:41', NULL),
(19, 78, 'accepted', '2025-10-23 08:32:34', '2026-01-10 13:20:32'),
(51, 78, 'sent', '2025-10-21 13:36:24', NULL),
(71, 79, 'sent', '2025-06-14 11:42:38', NULL),
(9, 79, 'sent', '2025-11-14 08:31:29', NULL),
(55, 79, 'accepted', '2025-10-22 17:04:47', '2026-01-20 15:49:11'),
(39, 79, 'rejected', '2025-09-11 13:53:16', '2025-10-15 15:36:57'),
(3, 79, 'expired', '2025-07-10 10:38:40', '2025-08-12 09:11:11'),
(48, 79, 'expired', '2025-09-08 08:16:52', '2026-01-22 16:30:36'),
(40, 80, 'sent', '2025-08-29 16:51:25', NULL),
(8, 80, 'sent', '2026-01-16 09:09:11', NULL),
(31, 80, 'rejected', '2025-09-07 10:44:16', '2025-10-29 16:48:06'),
(13, 80, 'sent', '2025-09-27 09:13:44', NULL),
(35, 81, 'sent', '2026-01-02 09:23:06', NULL),
(30, 81, 'sent', '2025-06-21 09:56:20', NULL),
(23, 81, 'sent', '2025-06-01 17:05:13', NULL),
(27, 81, 'sent', '2025-08-21 08:55:32', NULL),
(43, 81, 'accepted', '2025-10-07 15:51:24', '2026-01-02 17:23:32'),
(52, 82, 'sent', '2025-08-01 09:22:00', NULL),
(32, 82, 'accepted', '2025-10-28 14:57:54', '2026-01-06 17:50:03'),
(37, 82, 'accepted', '2026-01-07 11:53:30', '2026-01-17 13:33:35'),
(33, 82, 'sent', '2025-12-01 10:55:31', NULL),
(66, 82, 'sent', '2025-10-12 11:52:06', NULL),
(65, 82, 'rejected', '2025-12-03 08:58:37', '2026-01-24 08:58:00'),
(3, 82, 'accepted', '2026-01-07 17:07:17', '2026-01-26 12:11:33'),
(45, 83, 'accepted', '2025-08-07 10:51:07', '2025-09-25 11:46:00'),
(23, 83, 'accepted', '2026-01-15 16:04:00', '2026-01-19 10:21:43'),
(1, 83, 'sent', '2025-07-12 16:49:05', NULL),
(72, 83, 'sent', '2025-10-04 16:53:06', NULL),
(74, 84, 'accepted', '2025-06-17 17:45:42', '2025-10-29 16:59:22'),
(14, 84, 'sent', '2025-07-01 18:42:37', NULL),
(6, 84, 'accepted', '2025-11-16 17:46:32', '2026-01-02 12:55:35'),
(66, 84, 'rejected', '2025-07-09 10:45:19', '2025-09-02 14:47:19'),
(32, 84, 'rejected', '2025-09-25 17:31:30', '2025-11-09 16:38:59'),
(30, 84, 'sent', '2025-09-29 16:21:31', NULL),
(9, 85, 'expired', '2025-11-16 18:58:18', '2025-12-06 15:57:50'),
(71, 85, 'accepted', '2025-06-09 11:42:48', '2025-10-23 13:00:37'),
(38, 85, 'accepted', '2025-12-09 08:18:04', '2025-12-14 17:40:10'),
(29, 85, 'sent', '2026-01-29 10:06:12', NULL),
(46, 85, 'sent', '2025-06-14 13:09:36', NULL),
(62, 85, 'sent', '2025-12-12 18:40:11', NULL),
(57, 85, 'expired', '2025-08-22 13:04:17', '2025-11-15 14:25:03'),
(65, 86, 'sent', '2025-12-06 09:25:52', NULL),
(6, 86, 'sent', '2025-11-21 13:03:21', NULL),
(45, 86, 'sent', '2025-08-06 10:25:47', NULL),
(11, 86, 'expired', '2025-09-08 11:37:18', '2025-12-06 10:38:55'),
(30, 86, 'expired', '2026-01-18 12:37:30', '2026-02-01 16:44:12'),
(7, 86, 'sent', '2026-01-15 10:37:13', NULL),
(38, 86, 'sent', '2025-11-12 15:19:30', NULL),
(56, 87, 'sent', '2025-10-13 10:19:14', NULL),
(43, 87, 'accepted', '2025-08-09 09:37:32', '2026-01-29 09:44:46'),
(47, 87, 'accepted', '2025-11-01 12:31:46', '2025-11-29 15:00:39'),
(26, 87, 'sent', '2026-01-17 16:14:51', NULL),
(65, 87, 'sent', '2025-09-02 16:43:52', NULL),
(23, 88, 'sent', '2025-12-27 17:23:13', NULL),
(18, 88, 'expired', '2025-10-06 18:40:34', '2026-01-25 10:36:14'),
(47, 88, 'sent', '2025-09-07 12:29:18', NULL),
(6, 88, 'sent', '2025-11-25 09:13:42', NULL),
(11, 88, 'rejected', '2025-09-22 10:15:32', '2025-11-11 11:20:51'),
(68, 88, 'sent', '2025-09-14 17:18:33', NULL),
(58, 88, 'sent', '2025-10-08 13:51:40', NULL),
(69, 89, 'sent', '2025-11-12 15:14:30', NULL),
(70, 89, 'sent', '2025-07-07 11:17:37', NULL),
(31, 89, 'sent', '2026-01-10 17:17:19', NULL),
(24, 90, 'sent', '2026-02-01 12:55:04', NULL),
(7, 90, 'rejected', '2025-11-24 11:32:17', '2025-12-22 10:36:53'),
(58, 90, 'sent', '2025-06-11 15:41:58', NULL),
(17, 90, 'sent', '2025-08-21 16:29:39', NULL),
(25, 90, 'expired', '2025-10-22 15:11:44', '2025-12-20 16:36:22'),
(69, 90, 'accepted', '2025-07-01 14:02:20', '2026-01-28 12:15:17'),
(60, 90, 'rejected', '2026-01-17 12:33:10', '2026-02-01 12:18:16'),
(14, 91, 'sent', '2025-06-01 18:18:00', NULL),
(6, 91, 'accepted', '2025-09-24 10:58:33', '2025-11-15 17:52:16'),
(34, 91, 'sent', '2025-09-26 16:07:48', NULL),
(69, 91, 'rejected', '2025-08-23 16:16:50', '2026-01-22 10:47:42'),
(41, 91, 'sent', '2025-10-29 17:12:11', NULL),
(23, 91, 'accepted', '2025-08-07 15:08:47', '2025-09-28 09:42:41'),
(66, 91, 'accepted', '2025-12-04 17:37:34', '2026-01-06 11:00:31'),
(42, 92, 'accepted', '2025-11-08 18:47:43', '2026-01-15 18:38:19'),
(37, 92, 'sent', '2025-11-13 14:43:35', NULL),
(71, 92, 'sent', '2025-07-24 11:38:43', NULL),
(12, 92, 'accepted', '2025-08-20 16:03:06', '2025-10-04 12:50:49'),
(25, 92, 'sent', '2025-09-08 14:09:18', NULL),
(72, 92, 'sent', '2025-10-25 09:02:15', NULL),
(73, 92, 'accepted', '2025-12-16 18:57:56', '2026-01-24 12:27:35'),
(60, 93, 'accepted', '2025-08-02 15:16:09', '2025-09-16 10:34:39'),
(2, 93, 'sent', '2025-09-27 17:25:32', NULL),
(44, 93, 'sent', '2026-01-13 10:23:23', NULL),
(31, 94, 'sent', '2025-08-26 12:36:42', NULL),
(53, 94, 'sent', '2025-09-16 16:12:01', NULL),
(47, 94, 'sent', '2025-10-19 14:22:22', NULL),
(75, 95, 'accepted', '2025-12-12 08:01:52', '2026-01-03 14:49:05'),
(44, 95, 'sent', '2025-08-29 10:30:14', NULL),
(24, 95, 'sent', '2026-01-10 12:24:49', NULL),
(20, 96, 'sent', '2025-06-01 18:50:42', NULL),
(1, 96, 'sent', '2025-06-25 15:29:03', NULL),
(59, 96, 'sent', '2025-11-13 09:43:52', NULL),
(27, 97, 'accepted', '2025-09-19 11:33:22', '2025-10-17 09:34:13'),
(64, 97, 'expired', '2026-01-24 15:16:24', '2026-01-27 15:59:50'),
(69, 97, 'expired', '2025-06-10 18:00:40', '2025-08-14 16:51:45'),
(26, 97, 'sent', '2025-11-19 10:18:10', NULL),
(29, 97, 'expired', '2026-01-14 17:02:24', '2026-01-30 11:50:10');

INSERT INTO invitations (vacancy_id, student_id, status, sent_at, responded_at) VALUES
(37, 97, 'sent', '2025-06-21 16:08:50', NULL),
(59, 97, 'accepted', '2025-07-03 13:43:40', '2025-11-14 16:11:07'),
(57, 98, 'accepted', '2025-11-26 16:44:52', '2025-12-16 18:54:50'),
(7, 98, 'sent', '2025-12-11 14:25:00', NULL),
(36, 98, 'rejected', '2025-07-16 17:37:23', '2025-10-07 08:49:17'),
(40, 98, 'sent', '2025-11-21 10:43:25', NULL),
(60, 98, 'sent', '2025-10-04 17:09:16', NULL),
(43, 98, 'sent', '2025-10-22 11:33:36', NULL),
(58, 98, 'sent', '2025-07-09 17:07:34', NULL),
(59, 99, 'sent', '2025-09-29 09:31:49', NULL),
(2, 99, 'sent', '2026-01-02 10:49:40', NULL),
(70, 99, 'sent', '2025-11-14 13:50:17', NULL),
(69, 99, 'expired', '2026-01-30 13:24:56', '2026-01-30 14:05:17'),
(38, 99, 'sent', '2025-11-09 12:39:03', NULL),
(42, 100, 'sent', '2025-10-03 10:32:52', NULL),
(4, 100, 'rejected', '2025-07-19 15:22:25', '2026-01-20 13:51:14'),
(13, 100, 'sent', '2025-06-11 11:21:42', NULL);

