-- Seed grande (determinístico).
-- Generado por contracts-sql/scripts/generate-seed.mjs
-- rng_seed=1337

USE contracts_app;

SET FOREIGN_KEY_CHECKS=0;
TRUNCATE TABLE invitations;
TRUNCATE TABLE interviews;
TRUNCATE TABLE documents;
TRUNCATE TABLE employment_contracts;
TRUNCATE TABLE internships;
TRUNCATE TABLE practices;
TRUNCATE TABLE student_courses;
TRUNCATE TABLE course_itinerary_students;
TRUNCATE TABLE course_itineraries;
TRUNCATE TABLE vacancies;
TRUNCATE TABLE companies;
TRUNCATE TABLE sectors;
TRUNCATE TABLE contract_codes;
TRUNCATE TABLE student_liquidation_balances;
TRUNCATE TABLE liquidation_lines;
TRUNCATE TABLE liquidations;
TRUNCATE TABLE students;
TRUNCATE TABLE municipalities;
TRUNCATE TABLE districts;
SET FOREIGN_KEY_CHECKS=1;

INSERT INTO sectors (id, sector_name) VALUES
(1, 'Hostelería'),
(2, 'Comercio'),
(3, 'Logística'),
(4, 'Administración'),
(5, 'Sanidad'),
(6, 'Construcción'),
(7, 'Tecnología'),
(8, 'Atención al cliente'),
(9, 'Limpieza'),
(10, 'Seguridad');

INSERT INTO contract_codes (code, contract_type, workday, hiring_mode) VALUES
(100, 'INDEFINIDO', 'TIEMPO COMPLETO', 'ORDINARIO'),
(109, 'INDEFINIDO', 'TIEMPO COMPLETO', 'FOMENTO CONTRATACIÓN INDEFINIDA/EMPLEO ESTABLE'),
(130, 'INDEFINIDO', 'TIEMPO COMPLETO', 'DISCAPACITADOS'),
(139, 'INDEFINIDO', 'TIEMPO COMPLETO', 'DISCAPACITADOS'),
(150, 'INDEFINIDO', 'TIEMPO COMPLETO', 'FOMENTO CONTRATACIÓN INDEFINIDA/EMPLEO ESTABLE'),
(189, 'INDEFINIDO', 'TIEMPO COMPLETO', ''),
(200, 'INDEFINIDO', 'TIEMPO PARCIAL', 'ORDINARIO'),
(209, 'INDEFINIDO', 'TIEMPO PARCIAL', 'FOMENTO CONTRATACIÓN INDEFINIDA/EMPLEO ESTABLE'),
(230, 'INDEFINIDO', 'TIEMPO PARCIAL', 'DISCAPACITADOS'),
(239, 'INDEFINIDO', 'TIEMPO PARCIAL', 'DISCAPACITADOS'),
(250, 'INDEFINIDO', 'TIEMPO PARCIAL', 'FOMENTO CONTRATACIÓN INDEFINIDA/EMPLEO ESTABLE'),
(289, 'INDEFINIDO', 'TIEMPO PARCIAL', ''),
(300, 'INDEFINIDO', 'FIJO DISCONTINUO', ''),
(309, 'INDEFINIDO', 'FIJO DISCONTINUO', 'FOMENTO CONTRATACIÓN INDEFINIDA/EMPLEO ESTABLE'),
(330, 'INDEFINIDO', 'FIJO DISCONTINUO', 'DISCAPACITADOS'),
(339, 'INDEFINIDO', 'FIJO DISCONTINUO', 'DISCAPACITADOS'),
(350, 'INDEFINIDO', 'FIJO DISCONTINUO', 'FOMENTO CONTRATACIÓN INDEFINIDA/EMPLEO ESTABLE'),
(389, 'INDEFINIDO', 'FIJO DISCONTINUO', ''),
(401, 'DURACIÓN DETERMINADA', 'TIEMPO COMPLETO', 'OBRAO SERVICIO DETERMINADO'),
(402, 'DURACIÓN DETERMINADA', 'TIEMPO COMPLETO', 'EVENTUALPOR CIRCUNSTANCIAS DE LAPRODUCCIÓN'),
(403, 'DURACIÓN DETERMINADA', 'TIEMPO COMPLETO', 'INSERCIÓN'),
(408, 'TEMPORAL', 'TIEMPO COMPLETO', ''),
(410, 'DURACIÓN DETERMINADA', 'TIEMPO COMPLETO', 'INTERINIDAD'),
(418, 'DURACIÓN DETERMINADA', 'TIEMPO COMPLETO', 'INTERINIDAD'),
(420, 'TEMPORAL', 'TIEMPO COMPLETO', 'PRÁCTICAS'),
(421, 'TEMPORAL', 'TIEMPO COMPLETO', 'FORMACIÓN'),
(430, 'TEMPORAL', 'TIEMPO COMPLETO', 'DISCAPACITADOS'),
(441, 'TEMPORAL', 'TIEMPO COMPLETO', 'RELEVO'),
(450, 'TEMPORAL', 'TIEMPO COMPLETO', 'FOMENTO CONTRATACIÓN INDEFINIDA/EMPLEO ESTABLE'),
(452, 'TEMPORAL', 'TIEMPO COMPLETO', 'DESEMPLEADOS EMPRESAS DE INSERCIÓN'),
(501, 'DURACIÓN DETERMINADA', 'TIEMPO PARCIAL', 'OBRAO SERVICIO DETERMINADO'),
(502, 'DURACIÓN DETERMINADA', 'TIEMPO PARCIAL', 'EVENTUALPOR CIRCUNSTANCIAS DE LAPRODUCCIÓN'),
(503, 'DURACIÓN DETERMINADA', 'TIEMPO PARCIAL', 'INSERCIÓN'),
(508, 'TEMPORAL', 'TIEMPO PARCIAL', ''),
(510, 'DURACIÓN DETERMINADA', 'TIEMPO PARCIAL', 'INTERINIDAD'),
(518, 'DURACIÓN DETERMINADA', 'TIEMPO PARCIAL', 'INTERINIDAD'),
(520, 'TEMPORAL', 'TIEMPO PARCIAL', 'PRÁCTICAS'),
(530, 'TEMPORAL', 'TIEMPO PARCIAL', 'DISCAPACITADOS'),
(540, 'TEMPORAL', 'TIEMPO PARCIAL', 'JUBILADO PARCIAL'),
(541, 'TEMPORAL', 'TIEMPO PARCIAL', 'RELEVO'),
(550, 'TEMPORAL', 'TIEMPO PARCIAL', 'FOMENTO CONTRATACIÓN INDEFINIDA/EMPLEO ESTABLE'),
(552, 'TEMPORAL', 'TIEMPO PARCIAL', 'DESEMPLEADOS CONTRATADOS POR EMPRESAS DE INSERCIÓN');

INSERT INTO companies (id, cif, name, fiscal_name, sector_id, company_email, company_phone, contact_name, contact_email, contact_phone, notes) VALUES
(1, 'B10000001', 'NORTE COMERCIO 001 S.L.', 'NORTE COMERCIO 001 S.L.', 8, 'info@norte.comercio.001.s.l.fake', '+34 615 449 311', 'RRHH', 'rrhh@norte.comercio.001.s.l.fake', '+34 664 536 659', NULL),
(2, 'B10000002', 'URBANA HOSTELERÍA 002 S.L.', 'URBANA HOSTELERÍA 002 S.L.', 5, 'info@urbana.hosteleria.002.s.l.fake', '+34 646 279 684', 'RRHH', 'rrhh@urbana.hosteleria.002.s.l.fake', '+34 647 634 591', NULL),
(3, 'B10000003', 'ALFA GESTIÓN 003 S.L.', 'ALFA GESTIÓN 003 S.L.', 6, 'info@alfa.gestion.003.s.l.fake', '+34 612 973 966', 'RRHH', 'rrhh@alfa.gestion.003.s.l.fake', '+34 628 191 226', NULL),
(4, 'B10000004', 'IBÉRICA COMERCIO 004 S.L.', 'IBÉRICA COMERCIO 004 S.L.', 10, 'info@iberica.comercio.004.s.l.fake', '+34 612 280 340', 'RRHH', 'rrhh@iberica.comercio.004.s.l.fake', '+34 684 188 199', NULL),
(5, 'B10000005', 'NORTE TECNOLOGÍA 005 S.L.', 'NORTE TECNOLOGÍA 005 S.L.', 6, 'info@norte.tecnologia.005.s.l.fake', '+34 694 539 972', 'RRHH', 'rrhh@norte.tecnologia.005.s.l.fake', '+34 687 415 541', NULL),
(6, 'B10000006', 'CENTRAL COMERCIO 006 S.L.', 'CENTRAL COMERCIO 006 S.L.', 3, 'info@central.comercio.006.s.l.fake', '+34 649 935 316', 'RRHH', 'rrhh@central.comercio.006.s.l.fake', '+34 685 266 502', 'Empresa colaboradora.'),
(7, 'B10000007', 'EXPERTA GESTIÓN 007 S.L.', 'EXPERTA GESTIÓN 007 S.L.', 3, 'info@experta.gestion.007.s.l.fake', '+34 614 462 353', 'RRHH', 'rrhh@experta.gestion.007.s.l.fake', '+34 687 406 362', NULL),
(8, 'B10000008', 'NORTE SOLUCIONES 008 S.L.', 'NORTE SOLUCIONES 008 S.L.', 9, 'info@norte.soluciones.008.s.l.fake', '+34 683 951 778', 'RRHH', 'rrhh@norte.soluciones.008.s.l.fake', '+34 698 707 499', NULL),
(9, 'B10000009', 'NUEVA GESTIÓN 009 S.L.', 'NUEVA GESTIÓN 009 S.L.', 8, 'info@nueva.gestion.009.s.l.fake', '+34 633 142 026', 'RRHH', 'rrhh@nueva.gestion.009.s.l.fake', '+34 695 526 322', NULL),
(10, 'B10000010', 'CENTRAL LOGÍSTICA 010 S.L.', 'CENTRAL LOGÍSTICA 010 S.L.', 2, 'info@central.logistica.010.s.l.fake', '+34 616 817 488', 'RRHH', 'rrhh@central.logistica.010.s.l.fake', '+34 689 450 025', NULL),
(11, 'B10000011', 'URBANA HOSTELERÍA 011 S.L.', 'URBANA HOSTELERÍA 011 S.L.', 1, 'info@urbana.hosteleria.011.s.l.fake', '+34 695 633 378', 'RRHH', 'rrhh@urbana.hosteleria.011.s.l.fake', '+34 657 669 701', NULL),
(12, 'B10000012', 'IBÉRICA LOGÍSTICA 012 S.L.', 'IBÉRICA LOGÍSTICA 012 S.L.', 2, 'info@iberica.logistica.012.s.l.fake', '+34 615 448 990', 'RRHH', 'rrhh@iberica.logistica.012.s.l.fake', '+34 688 116 098', 'Empresa colaboradora.'),
(13, 'B10000013', 'GLOBAL DISTRIBUCIÓN 013 S.L.', 'GLOBAL DISTRIBUCIÓN 013 S.L.', 5, 'info@global.distribucion.013.s.l.fake', '+34 655 866 623', 'RRHH', 'rrhh@global.distribucion.013.s.l.fake', '+34 644 144 416', NULL),
(14, 'B10000014', 'URBANA COMERCIO 014 S.L.', 'URBANA COMERCIO 014 S.L.', 9, 'info@urbana.comercio.014.s.l.fake', '+34 608 250 853', 'RRHH', 'rrhh@urbana.comercio.014.s.l.fake', '+34 643 685 895', NULL),
(15, 'B10000015', 'NORTE TECNOLOGÍA 015 S.L.', 'NORTE TECNOLOGÍA 015 S.L.', 3, 'info@norte.tecnologia.015.s.l.fake', '+34 673 881 035', 'RRHH', 'rrhh@norte.tecnologia.015.s.l.fake', '+34 676 286 861', NULL),
(16, 'B10000016', 'NORTE DISTRIBUCIÓN 016 S.L.', 'NORTE DISTRIBUCIÓN 016 S.L.', 4, 'info@norte.distribucion.016.s.l.fake', '+34 642 136 661', 'RRHH', 'rrhh@norte.distribucion.016.s.l.fake', '+34 610 081 119', NULL),
(17, 'B10000017', 'NUEVA TECNOLOGÍA 017 S.L.', 'NUEVA TECNOLOGÍA 017 S.L.', 9, 'info@nueva.tecnologia.017.s.l.fake', '+34 684 743 372', 'RRHH', 'rrhh@nueva.tecnologia.017.s.l.fake', '+34 643 229 502', NULL),
(18, 'B10000018', 'CENTRAL DISTRIBUCIÓN 018 S.L.', 'CENTRAL DISTRIBUCIÓN 018 S.L.', 9, 'info@central.distribucion.018.s.l.fake', '+34 695 243 707', 'RRHH', 'rrhh@central.distribucion.018.s.l.fake', '+34 697 760 788', NULL),
(19, 'B10000019', 'GLOBAL LOGÍSTICA 019 S.L.', 'GLOBAL LOGÍSTICA 019 S.L.', 7, 'info@global.logistica.019.s.l.fake', '+34 686 009 081', 'RRHH', 'rrhh@global.logistica.019.s.l.fake', '+34 692 565 350', 'Empresa colaboradora.'),
(20, 'B10000020', 'NUEVA COMERCIO 020 S.L.', 'NUEVA COMERCIO 020 S.L.', 5, 'info@nueva.comercio.020.s.l.fake', '+34 631 373 593', 'RRHH', 'rrhh@nueva.comercio.020.s.l.fake', '+34 650 608 692', NULL),
(21, 'B10000021', 'URBANA COMERCIO 021 S.L.', 'URBANA COMERCIO 021 S.L.', 2, 'info@urbana.comercio.021.s.l.fake', '+34 628 899 098', 'RRHH', 'rrhh@urbana.comercio.021.s.l.fake', '+34 641 826 725', NULL),
(22, 'B10000022', 'URBANA COMERCIO 022 S.L.', 'URBANA COMERCIO 022 S.L.', 10, 'info@urbana.comercio.022.s.l.fake', '+34 663 431 198', 'RRHH', 'rrhh@urbana.comercio.022.s.l.fake', '+34 646 743 044', NULL),
(23, 'B10000023', 'URBANA SERVICIOS 023 S.L.', 'URBANA SERVICIOS 023 S.L.', 10, 'info@urbana.servicios.023.s.l.fake', '+34 687 558 334', 'RRHH', 'rrhh@urbana.servicios.023.s.l.fake', '+34 634 000 927', NULL),
(24, 'B10000024', 'EXPERTA SERVICIOS 024 S.L.', 'EXPERTA SERVICIOS 024 S.L.', 9, 'info@experta.servicios.024.s.l.fake', '+34 638 355 696', 'RRHH', 'rrhh@experta.servicios.024.s.l.fake', '+34 624 051 091', NULL),
(25, 'B10000025', 'EXPERTA TECNOLOGÍA 025 S.L.', 'EXPERTA TECNOLOGÍA 025 S.L.', 5, 'info@experta.tecnologia.025.s.l.fake', '+34 650 045 166', 'RRHH', 'rrhh@experta.tecnologia.025.s.l.fake', '+34 649 532 719', NULL),
(26, 'B10000026', 'GLOBAL SERVICIOS 026 S.L.', 'GLOBAL SERVICIOS 026 S.L.', 10, 'info@global.servicios.026.s.l.fake', '+34 676 329 605', 'RRHH', 'rrhh@global.servicios.026.s.l.fake', '+34 688 516 697', 'Empresa colaboradora.'),
(27, 'B10000027', 'EXPERTA COMERCIO 027 S.L.', 'EXPERTA COMERCIO 027 S.L.', 7, 'info@experta.comercio.027.s.l.fake', '+34 657 949 520', 'RRHH', 'rrhh@experta.comercio.027.s.l.fake', '+34 628 513 772', NULL),
(28, 'B10000028', 'NUEVA GESTIÓN 028 S.L.', 'NUEVA GESTIÓN 028 S.L.', 1, 'info@nueva.gestion.028.s.l.fake', '+34 625 273 044', 'RRHH', 'rrhh@nueva.gestion.028.s.l.fake', '+34 645 690 166', NULL),
(29, 'B10000029', 'ALFA DISTRIBUCIÓN 029 S.L.', 'ALFA DISTRIBUCIÓN 029 S.L.', 8, 'info@alfa.distribucion.029.s.l.fake', '+34 662 769 363', 'RRHH', 'rrhh@alfa.distribucion.029.s.l.fake', '+34 688 016 431', 'Empresa colaboradora.'),
(30, 'B10000030', 'CENTRAL TECNOLOGÍA 030 S.L.', 'CENTRAL TECNOLOGÍA 030 S.L.', 7, 'info@central.tecnologia.030.s.l.fake', '+34 699 891 673', 'RRHH', 'rrhh@central.tecnologia.030.s.l.fake', '+34 663 879 821', NULL);

INSERT INTO vacancies (company_id, title, sector, description, requirements, status, created_at) VALUES
(1, 'Atención al cliente', 'Atención al cliente', 'Atención al cliente en NORTE COMERCIO 001 S.L.. Incorporación inmediata.', NULL, 'open', '2025-12-07 10:26:41'),
(1, 'Atención al cliente', 'Atención al cliente', 'Atención al cliente en NORTE COMERCIO 001 S.L.. Incorporación inmediata.', NULL, 'open', '2025-01-05 15:33:05'),
(2, 'Celador/a', 'Sanidad', 'Celador/a en URBANA HOSTELERÍA 002 S.L.. Incorporación inmediata.', 'Responsabilidad, puntualidad y ganas de aprender.', 'open', '2025-11-16 09:08:26'),
(2, 'Auxiliar de clínica', 'Sanidad', 'Auxiliar de clínica en URBANA HOSTELERÍA 002 S.L.. Incorporación inmediata.', 'Responsabilidad, puntualidad y ganas de aprender.', 'closed', '2025-07-27 11:41:36'),
(2, 'Recepcionista centro médico', 'Sanidad', 'Recepcionista centro médico en URBANA HOSTELERÍA 002 S.L.. Incorporación inmediata.', NULL, 'open', '2024-12-23 17:42:23'),
(3, 'Peón de obra', 'Construcción', 'Peón de obra en ALFA GESTIÓN 003 S.L.. Incorporación inmediata.', NULL, 'open', '2024-09-20 12:18:47'),
(3, 'Peón de obra', 'Construcción', 'Peón de obra en ALFA GESTIÓN 003 S.L.. Incorporación inmediata.', 'Responsabilidad, puntualidad y ganas de aprender.', 'open', '2024-10-07 13:51:43'),
(4, 'Auxiliar de seguridad', 'Seguridad', 'Auxiliar de seguridad en IBÉRICA COMERCIO 004 S.L.. Incorporación inmediata.', NULL, 'open', '2025-10-13 12:53:38'),
(4, 'Control de accesos', 'Seguridad', 'Control de accesos en IBÉRICA COMERCIO 004 S.L.. Incorporación inmediata.', 'Responsabilidad, puntualidad y ganas de aprender.', 'open', '2025-02-07 12:59:12'),
(5, 'Peón de obra', 'Construcción', 'Peón de obra en NORTE TECNOLOGÍA 005 S.L.. Incorporación inmediata.', 'Responsabilidad, puntualidad y ganas de aprender.', 'open', '2025-12-24 11:05:46'),
(5, 'Ayudante de mantenimiento', 'Construcción', 'Ayudante de mantenimiento en NORTE TECNOLOGÍA 005 S.L.. Incorporación inmediata.', 'Responsabilidad, puntualidad y ganas de aprender.', 'open', '2025-11-12 16:14:27'),
(5, 'Peón de obra', 'Construcción', 'Peón de obra en NORTE TECNOLOGÍA 005 S.L.. Incorporación inmediata.', 'Responsabilidad, puntualidad y ganas de aprender.', 'open', '2025-08-21 11:17:27'),
(6, 'Repartidor/a', 'Logística', 'Repartidor/a en CENTRAL COMERCIO 006 S.L.. Incorporación inmediata.', 'Responsabilidad, puntualidad y ganas de aprender.', 'closed', '2024-12-29 14:16:33'),
(6, 'Operario/a de almacén', 'Logística', 'Operario/a de almacén en CENTRAL COMERCIO 006 S.L.. Incorporación inmediata.', 'Responsabilidad, puntualidad y ganas de aprender.', 'open', '2025-07-08 17:04:56'),
(6, 'Repartidor/a', 'Logística', 'Repartidor/a en CENTRAL COMERCIO 006 S.L.. Incorporación inmediata.', 'Responsabilidad, puntualidad y ganas de aprender.', 'open', '2025-01-14 16:44:16'),
(7, 'Auxiliar de logística', 'Logística', 'Auxiliar de logística en EXPERTA GESTIÓN 007 S.L.. Incorporación inmediata.', 'Responsabilidad, puntualidad y ganas de aprender.', 'open', '2025-01-30 11:09:06'),
(7, 'Repartidor/a', 'Logística', 'Repartidor/a en EXPERTA GESTIÓN 007 S.L.. Incorporación inmediata.', 'Responsabilidad, puntualidad y ganas de aprender.', 'open', '2025-11-15 11:55:21'),
(8, 'Cristalero/a', 'Limpieza', 'Cristalero/a en NORTE SOLUCIONES 008 S.L.. Incorporación inmediata.', 'Responsabilidad, puntualidad y ganas de aprender.', 'open', '2025-01-23 16:26:45'),
(8, 'Personal de limpieza', 'Limpieza', 'Personal de limpieza en NORTE SOLUCIONES 008 S.L.. Incorporación inmediata.', 'Responsabilidad, puntualidad y ganas de aprender.', 'open', '2025-07-09 18:18:22'),
(8, 'Cristalero/a', 'Limpieza', 'Cristalero/a en NORTE SOLUCIONES 008 S.L.. Incorporación inmediata.', 'Responsabilidad, puntualidad y ganas de aprender.', 'open', '2025-06-07 14:05:50'),
(9, 'Atención al cliente', 'Atención al cliente', 'Atención al cliente en NUEVA GESTIÓN 009 S.L.. Incorporación inmediata.', 'Responsabilidad, puntualidad y ganas de aprender.', 'open', '2025-10-20 14:35:28'),
(9, 'Gestor/a de incidencias', 'Atención al cliente', 'Gestor/a de incidencias en NUEVA GESTIÓN 009 S.L.. Incorporación inmediata.', 'Responsabilidad, puntualidad y ganas de aprender.', 'open', '2025-04-14 14:24:51'),
(10, 'Mozo/a almacén', 'Comercio', 'Mozo/a almacén en CENTRAL LOGÍSTICA 010 S.L.. Incorporación inmediata.', NULL, 'closed', '2025-02-15 14:29:37'),
(10, 'Visual merchandiser junior', 'Comercio', 'Visual merchandiser junior en CENTRAL LOGÍSTICA 010 S.L.. Incorporación inmediata.', 'Responsabilidad, puntualidad y ganas de aprender.', 'open', '2025-04-30 14:51:58'),
(11, 'Ayudante de cocina', 'Hostelería', 'Ayudante de cocina en URBANA HOSTELERÍA 011 S.L.. Incorporación inmediata.', 'Responsabilidad, puntualidad y ganas de aprender.', 'open', '2024-11-28 10:06:49'),
(11, 'Recepcionista hotel', 'Hostelería', 'Recepcionista hotel en URBANA HOSTELERÍA 011 S.L.. Incorporación inmediata.', 'Responsabilidad, puntualidad y ganas de aprender.', 'open', '2024-10-12 10:38:43'),
(11, 'Camarero/a', 'Hostelería', 'Camarero/a en URBANA HOSTELERÍA 011 S.L.. Incorporación inmediata.', NULL, 'open', '2025-10-25 13:40:04'),
(12, 'Mozo/a almacén', 'Comercio', 'Mozo/a almacén en IBÉRICA LOGÍSTICA 012 S.L.. Incorporación inmediata.', 'Responsabilidad, puntualidad y ganas de aprender.', 'open', '2025-01-19 12:46:44'),
(12, 'Dependiente/a', 'Comercio', 'Dependiente/a en IBÉRICA LOGÍSTICA 012 S.L.. Incorporación inmediata.', NULL, 'open', '2026-01-27 14:45:55'),
(13, 'Recepcionista centro médico', 'Sanidad', 'Recepcionista centro médico en GLOBAL DISTRIBUCIÓN 013 S.L.. Incorporación inmediata.', NULL, 'open', '2025-03-20 13:31:50'),
(13, 'Celador/a', 'Sanidad', 'Celador/a en GLOBAL DISTRIBUCIÓN 013 S.L.. Incorporación inmediata.', 'Responsabilidad, puntualidad y ganas de aprender.', 'open', '2024-08-29 15:11:29'),
(13, 'Auxiliar de clínica', 'Sanidad', 'Auxiliar de clínica en GLOBAL DISTRIBUCIÓN 013 S.L.. Incorporación inmediata.', 'Responsabilidad, puntualidad y ganas de aprender.', 'open', '2025-06-10 13:07:04'),
(14, 'Personal de limpieza', 'Limpieza', 'Personal de limpieza en URBANA COMERCIO 014 S.L.. Incorporación inmediata.', 'Responsabilidad, puntualidad y ganas de aprender.', 'closed', '2025-11-01 15:59:39'),
(14, 'Operario/a limpieza', 'Limpieza', 'Operario/a limpieza en URBANA COMERCIO 014 S.L.. Incorporación inmediata.', NULL, 'closed', '2025-12-08 13:39:35'),
(15, 'Auxiliar de logística', 'Logística', 'Auxiliar de logística en NORTE TECNOLOGÍA 015 S.L.. Incorporación inmediata.', 'Responsabilidad, puntualidad y ganas de aprender.', 'open', '2026-01-01 12:27:41'),
(15, 'Operario/a de almacén', 'Logística', 'Operario/a de almacén en NORTE TECNOLOGÍA 015 S.L.. Incorporación inmediata.', 'Responsabilidad, puntualidad y ganas de aprender.', 'open', '2025-03-12 11:58:30'),
(16, 'Recepcionista', 'Administración', 'Recepcionista en NORTE DISTRIBUCIÓN 016 S.L.. Incorporación inmediata.', 'Responsabilidad, puntualidad y ganas de aprender.', 'open', '2025-11-11 16:24:46'),
(16, 'Auxiliar administrativo/a', 'Administración', 'Auxiliar administrativo/a en NORTE DISTRIBUCIÓN 016 S.L.. Incorporación inmediata.', 'Responsabilidad, puntualidad y ganas de aprender.', 'open', '2025-07-29 16:12:12'),
(16, 'Recepcionista', 'Administración', 'Recepcionista en NORTE DISTRIBUCIÓN 016 S.L.. Incorporación inmediata.', NULL, 'open', '2025-09-13 14:49:31'),
(17, 'Cristalero/a', 'Limpieza', 'Cristalero/a en NUEVA TECNOLOGÍA 017 S.L.. Incorporación inmediata.', 'Responsabilidad, puntualidad y ganas de aprender.', 'open', '2025-06-11 14:24:26'),
(17, 'Cristalero/a', 'Limpieza', 'Cristalero/a en NUEVA TECNOLOGÍA 017 S.L.. Incorporación inmediata.', 'Responsabilidad, puntualidad y ganas de aprender.', 'closed', '2025-06-09 10:12:52'),
(17, 'Cristalero/a', 'Limpieza', 'Cristalero/a en NUEVA TECNOLOGÍA 017 S.L.. Incorporación inmediata.', NULL, 'open', '2024-09-04 18:23:32'),
(18, 'Personal de limpieza', 'Limpieza', 'Personal de limpieza en CENTRAL DISTRIBUCIÓN 018 S.L.. Incorporación inmediata.', 'Responsabilidad, puntualidad y ganas de aprender.', 'open', '2024-12-19 10:37:43'),
(18, 'Personal de limpieza', 'Limpieza', 'Personal de limpieza en CENTRAL DISTRIBUCIÓN 018 S.L.. Incorporación inmediata.', NULL, 'closed', '2025-05-08 14:48:13'),
(18, 'Operario/a limpieza', 'Limpieza', 'Operario/a limpieza en CENTRAL DISTRIBUCIÓN 018 S.L.. Incorporación inmediata.', 'Responsabilidad, puntualidad y ganas de aprender.', 'open', '2025-01-08 09:07:25'),
(19, 'Soporte técnico', 'Tecnología', 'Soporte técnico en GLOBAL LOGÍSTICA 019 S.L.. Incorporación inmediata.', NULL, 'open', '2024-12-09 12:05:15'),
(19, 'Soporte técnico', 'Tecnología', 'Soporte técnico en GLOBAL LOGÍSTICA 019 S.L.. Incorporación inmediata.', NULL, 'open', '2025-08-04 18:29:44'),
(20, 'Auxiliar de clínica', 'Sanidad', 'Auxiliar de clínica en NUEVA COMERCIO 020 S.L.. Incorporación inmediata.', 'Responsabilidad, puntualidad y ganas de aprender.', 'open', '2025-09-01 18:51:38'),
(20, 'Recepcionista centro médico', 'Sanidad', 'Recepcionista centro médico en NUEVA COMERCIO 020 S.L.. Incorporación inmediata.', NULL, 'closed', '2024-11-10 08:13:31'),
(21, 'Dependiente/a', 'Comercio', 'Dependiente/a en URBANA COMERCIO 021 S.L.. Incorporación inmediata.', NULL, 'open', '2025-01-12 16:27:55'),
(21, 'Visual merchandiser junior', 'Comercio', 'Visual merchandiser junior en URBANA COMERCIO 021 S.L.. Incorporación inmediata.', 'Responsabilidad, puntualidad y ganas de aprender.', 'closed', '2025-06-05 08:51:14'),
(21, 'Dependiente/a', 'Comercio', 'Dependiente/a en URBANA COMERCIO 021 S.L.. Incorporación inmediata.', 'Responsabilidad, puntualidad y ganas de aprender.', 'open', '2025-09-17 13:27:05'),
(22, 'Control de accesos', 'Seguridad', 'Control de accesos en URBANA COMERCIO 022 S.L.. Incorporación inmediata.', 'Responsabilidad, puntualidad y ganas de aprender.', 'closed', '2024-12-14 14:27:15'),
(22, 'Control de accesos', 'Seguridad', 'Control de accesos en URBANA COMERCIO 022 S.L.. Incorporación inmediata.', NULL, 'closed', '2025-06-10 10:59:49'),
(22, 'Control de accesos', 'Seguridad', 'Control de accesos en URBANA COMERCIO 022 S.L.. Incorporación inmediata.', 'Responsabilidad, puntualidad y ganas de aprender.', 'closed', '2025-10-11 15:10:00'),
(23, 'Vigilante (sin arma)', 'Seguridad', 'Vigilante (sin arma) en URBANA SERVICIOS 023 S.L.. Incorporación inmediata.', 'Responsabilidad, puntualidad y ganas de aprender.', 'open', '2025-12-18 11:22:32'),
(23, 'Auxiliar de seguridad', 'Seguridad', 'Auxiliar de seguridad en URBANA SERVICIOS 023 S.L.. Incorporación inmediata.', NULL, 'closed', '2024-12-04 17:40:34'),
(23, 'Vigilante (sin arma)', 'Seguridad', 'Vigilante (sin arma) en URBANA SERVICIOS 023 S.L.. Incorporación inmediata.', NULL, 'open', '2024-08-21 16:17:41'),
(24, 'Personal de limpieza', 'Limpieza', 'Personal de limpieza en EXPERTA SERVICIOS 024 S.L.. Incorporación inmediata.', 'Responsabilidad, puntualidad y ganas de aprender.', 'open', '2024-08-14 11:02:26'),
(24, 'Personal de limpieza', 'Limpieza', 'Personal de limpieza en EXPERTA SERVICIOS 024 S.L.. Incorporación inmediata.', NULL, 'open', '2024-11-13 15:05:11'),
(24, 'Operario/a limpieza', 'Limpieza', 'Operario/a limpieza en EXPERTA SERVICIOS 024 S.L.. Incorporación inmediata.', 'Responsabilidad, puntualidad y ganas de aprender.', 'closed', '2025-09-26 08:30:56'),
(25, 'Recepcionista centro médico', 'Sanidad', 'Recepcionista centro médico en EXPERTA TECNOLOGÍA 025 S.L.. Incorporación inmediata.', NULL, 'open', '2024-09-13 17:47:21'),
(25, 'Recepcionista centro médico', 'Sanidad', 'Recepcionista centro médico en EXPERTA TECNOLOGÍA 025 S.L.. Incorporación inmediata.', 'Responsabilidad, puntualidad y ganas de aprender.', 'open', '2025-07-26 15:52:10'),
(26, 'Auxiliar de seguridad', 'Seguridad', 'Auxiliar de seguridad en GLOBAL SERVICIOS 026 S.L.. Incorporación inmediata.', 'Responsabilidad, puntualidad y ganas de aprender.', 'open', '2024-10-27 12:35:53'),
(26, 'Vigilante (sin arma)', 'Seguridad', 'Vigilante (sin arma) en GLOBAL SERVICIOS 026 S.L.. Incorporación inmediata.', NULL, 'open', '2025-12-24 14:54:32'),
(27, 'Helpdesk', 'Tecnología', 'Helpdesk en EXPERTA COMERCIO 027 S.L.. Incorporación inmediata.', NULL, 'open', '2024-11-25 16:01:08'),
(27, 'Helpdesk', 'Tecnología', 'Helpdesk en EXPERTA COMERCIO 027 S.L.. Incorporación inmediata.', 'Responsabilidad, puntualidad y ganas de aprender.', 'open', '2024-08-14 13:22:11'),
(27, 'Soporte técnico', 'Tecnología', 'Soporte técnico en EXPERTA COMERCIO 027 S.L.. Incorporación inmediata.', NULL, 'open', '2025-04-02 08:51:39'),
(28, 'Recepcionista hotel', 'Hostelería', 'Recepcionista hotel en NUEVA GESTIÓN 028 S.L.. Incorporación inmediata.', NULL, 'open', '2024-08-14 18:35:35'),
(28, 'Ayudante de cocina', 'Hostelería', 'Ayudante de cocina en NUEVA GESTIÓN 028 S.L.. Incorporación inmediata.', 'Responsabilidad, puntualidad y ganas de aprender.', 'closed', '2025-10-30 18:21:49'),
(29, 'Gestor/a de incidencias', 'Atención al cliente', 'Gestor/a de incidencias en ALFA DISTRIBUCIÓN 029 S.L.. Incorporación inmediata.', NULL, 'closed', '2025-09-14 08:47:15'),
(29, 'Teleoperador/a', 'Atención al cliente', 'Teleoperador/a en ALFA DISTRIBUCIÓN 029 S.L.. Incorporación inmediata.', 'Responsabilidad, puntualidad y ganas de aprender.', 'open', '2025-11-09 12:46:21'),
(30, 'Operador/a de datos', 'Tecnología', 'Operador/a de datos en CENTRAL TECNOLOGÍA 030 S.L.. Incorporación inmediata.', 'Responsabilidad, puntualidad y ganas de aprender.', 'open', '2024-09-29 08:44:34'),
(30, 'Soporte técnico', 'Tecnología', 'Soporte técnico en CENTRAL TECNOLOGÍA 030 S.L.. Incorporación inmediata.', 'Responsabilidad, puntualidad y ganas de aprender.', 'closed', '2025-12-20 17:40:25'),
(30, 'Operador/a de datos', 'Tecnología', 'Operador/a de datos en CENTRAL TECNOLOGÍA 030 S.L.. Incorporación inmediata.', 'Responsabilidad, puntualidad y ganas de aprender.', 'closed', '2025-09-12 10:05:14');

INSERT INTO course_itineraries (course_code, itinerary_name) VALUES
('25EMHA01', 'AYUDANTE DE CAMARERO'),
('25EMHA02', 'AYUDANTE DE COCINA'),
('25EMHA03', 'AYUDANTE DE COCINA'),
('25EMHA04', 'AYUDANTE DE COCINA'),
('25EMHA05', 'AYUDANTE DE CAMARERO'),
('25EMHA06', 'AYUDANTE DE COCINA'),
('25EMHA07', 'AYUDANTE DE COCINA'),
('25EMHA08', 'ATENCION AL CLIENTE EN BARRA Y TIENDA'),
('25EMHA09', 'CdP OPERACIONES BÁSICAS COCINA'),
('25EMHA10', 'COCINA AVANZADA'),
('25EMHA11', 'SERVICIO DE SALA ESPECIALIZADO'),
('25EMHA13', 'AYUDANTE DE CAMARERO'),
('25EMHA14', 'OPERARIO DE DESPIECE'),
('25EMHA15', 'AYUDANTE DE COCINA'),
('25EMHA16', 'AYUDANTE DE CATERING'),
('25EMHA17', 'OPERARIO DE CARNICERIA'),
('25EMHA18', 'OPERARIO DE PESCADERIA'),
('25EMHA20', 'AYUDANTE BARRA Y SALA PASTELERÍA'),
('25EMHA21', 'AYUDANTE DE COCINA'),
('25EMHA22', 'AYUDANTE DE COCINA'),
('25EMHA23', 'AYUDANTE BARRA PASTELERIA'),
('25EMHA24', 'AYUDANTE BARRA PASTELERIA'),
('25EMHA25', 'AYUDANTE CAMARERO'),
('25EMHA26', 'AYUDANTE PANADERÍA Y PASTELERÍA'),
('25EMHA27', 'AYUDANTE PANADERÍA Y PASTELERÍA'),
('25EMHA28', 'OPERARIO DE CARNICERIA'),
('25EMHA29', 'AYUDANTE COCINA'),
('26EMHA01', 'AYUDANTE COCINA'),
('26EMHA02', 'AYUDANTE COCINA'),
('26EMHA03', 'AYUDANTE PANADERÍA Y PASTELERÍA'),
('26EMHA04', 'AYUDANTE SALA Y BARRA'),
('26EMHA05', 'AYUDANTE DE CARNICERIA'),
('26EMHA06', 'AYUDANTE COCINA Y SERVICIO DE MOSTRADOR'),
('26EMHA07', 'ATENCIÓN AL CLIENTE EN SERVICIO DE BARRA Y TIENDA'),
('26EMHA08', 'ELABORACION DE PLATOS, FAST FOOD Y CATERING'),
('26EMHA09', 'AYUDANTE PANADERIA Y PASTELERIA'),
('26EMHA10', 'AYUDANTE SALA Y BARRA'),
('26EMHA11', 'AYUDANTE COCINA'),
('26EMHA12', 'OPERARIO DE CARNICERIA');

INSERT INTO municipalities (code, name) VALUES
(1, 'Madrid'),
(2, 'Alcalá de Henares'),
(3, 'Móstoles'),
(4, 'Getafe'),
(5, 'Alcorcón'),
(6, 'Leganés'),
(7, 'Fuenlabrada'),
(8, 'Alcobendas');

INSERT INTO districts (code, municipality_code, name) VALUES
(1, 1, 'Centro'),
(2, 1, 'Tetuán'),
(3, 1, 'Chamartín'),
(4, 1, 'Salamanca'),
(5, 1, 'Retiro'),
(6, 1, 'Arganzuela'),
(7, 1, 'Carabanchel'),
(8, 1, 'Latina'),
(9, 1, 'Usera'),
(10, 1, 'Villaverde'),
(11, 1, 'Fuencarral-El Pardo'),
(12, 1, 'Ciudad Lineal'),
(13, 1, 'Hortaleza'),
(14, 1, 'Moratalaz'),
(15, 1, 'San Blas-Canillejas'),
(16, 1, 'Barajas'),
(17, 1, 'Puente de Vallecas'),
(18, 1, 'Villa de Vallecas'),
(19, 1, 'Vicálvaro'),
(20, 2, 'Centro'),
(21, 2, 'Reyes Católicos'),
(22, 2, 'Espartales'),
(23, 3, 'Centro'),
(24, 3, 'Norte Universidad'),
(25, 4, 'Centro'),
(26, 4, 'Sector III'),
(27, 5, 'Centro'),
(28, 5, 'Parque Lisboa'),
(29, 6, 'Centro'),
(30, 6, 'Zarzaquemada'),
(31, 7, 'Centro'),
(32, 7, 'Loranca'),
(33, 8, 'Centro'),
(34, 8, 'Valdelasfuentes');

INSERT INTO students (first_names, last_names, dni_nie, social_security_number, birth_date, sex, district_code, municipality_code, phone, email, notes) VALUES
('Óscar', 'Muñoz', '30000001C', '01 84505146 23', '1996-11-22', 'mujer', 9, 1, '698079752', 'oscar.munoz001@example.com', NULL),
('Paula', 'Sánchez', '30000002K', '19 95851499 86', '2003-06-06', 'mujer', 25, 4, '610839001', 'paula.sanchez002@example.com', 'Seguimiento recomendado.'),
('Laura', 'Hernández Romero', '30000003E', '18 66070330 42', '1991-04-17', 'hombre', 23, 3, '635391143', 'laura.hernandez003@example.com', NULL),
('Adrián', 'Delgado García', '30000004T', '11 26160046 80', '1990-02-05', 'hombre', 28, 5, '671354880', 'adrian.delgado004@example.com', 'Seguimiento recomendado.'),
('Lucía', 'Muñoz Rubio', '30000005R', '32 84705394 75', '2003-03-30', 'mujer', 11, 1, '675828465', 'lucia.munoz005@example.com', 'Seguimiento recomendado.'),
('Hugo', 'Gil', '30000006W', '50 10109099 99', '1996-03-08', 'mujer', 9, 1, '672102382', 'hugo.gil006@example.com', NULL),
('Lucía Elena', 'Fernández', '30000007A', '31 79345623 29', '1999-05-24', 'hombre', 2, 1, '635362562', 'lucia.fernandez007@example.com', NULL),
('Antonio', 'Morales García', '30000008G', '52 79556189 63', '2000-09-16', 'mujer', 7, 1, '671402889', 'antonio.morales008@example.com', NULL),
('Carlos Laura', 'Torres', '30000009M', '03 24916818 65', '1995-02-04', 'mujer', 29, 6, '663393456', 'carlos.torres009@example.com', NULL),
('Javier', 'Pérez Rodríguez', '30000010Y', '21 65671901 59', '1996-10-12', 'hombre', 19, 1, '652927021', 'javier.perez010@example.com', NULL),
('Nuria Hugo', 'Delgado', '30000011F', '15 33158795 73', '2002-07-29', 'hombre', 18, 1, '616174442', 'nuria.delgado011@example.com', NULL),
('Carmen Isabel', 'Castro Ramos', '30000012P', '41 23279931 88', '1996-05-13', 'hombre', 12, 1, '608402888', 'carmen.castro012@example.com', NULL),
('Diego Óscar', 'Navarro Marín', '30000013D', '07 22174788 56', '2002-09-11', 'hombre', 7, 1, '679604174', 'diego.navarro013@example.com', NULL),
('Beatriz Alejandro', 'Muñoz Vázquez', '30000014X', '16 27213512 37', '2004-05-30', 'mujer', 12, 1, '605353557', 'beatriz.munoz014@example.com', NULL),
('Marta', 'Serrano', '30000015B', '49 52983668 24', '1997-02-16', 'hombre', 20, 2, '691520982', 'marta.serrano015@example.com', NULL),
('María', 'Gil García', '30000016N', '03 61647663 43', '2001-11-28', 'mujer', 13, 1, '689183295', 'maria.gil016@example.com', NULL),
('Lucía Daniel', 'Rodríguez Romero', '30000017J', '15 34302187 45', '1997-02-23', 'mujer', 7, 1, '675852687', 'lucia.rodriguez017@example.com', NULL),
('Miguel', 'Gómez', '30000018Z', '29 99850210 91', '2003-07-16', 'mujer', 18, 1, '601566883', 'miguel.gomez018@example.com', NULL),
('Adrián Adrián', 'Molina Vázquez', '30000019S', '19 45619705 80', '1999-03-09', 'hombre', 4, 1, '621900844', 'adrian.molina019@example.com', NULL),
('Adrián Diego', 'Rubio', '30000020Q', '51 60626790 66', '1996-04-23', 'hombre', 34, 8, '689851978', 'adrian.rubio020@example.com', NULL),
('Noelia', 'Ortega Torres', '30000021V', '24 99149011 44', '2004-02-21', 'hombre', 15, 1, '620239102', 'noelia.ortega021@example.com', NULL),
('Patricia', 'González', '30000022H', '49 12625055 90', '1992-05-08', 'mujer', 8, 1, '660780345', 'patricia.gonzalez022@example.com', NULL),
('Celia', 'Díaz', '30000023L', '21 74484930 13', '1991-11-23', 'hombre', 7, 1, '644651597', 'celia.diaz023@example.com', NULL),
('Carmen Paula', 'Torres Alonso', '30000024C', '12 29564418 72', '2002-07-19', 'mujer', 9, 1, '699690895', 'carmen.torres024@example.com', 'Seguimiento recomendado.'),
('Rocío', 'Muñoz Gutiérrez', '30000025K', '51 45247441 86', '1997-08-02', 'mujer', 10, 1, '634014163', 'rocio.munoz025@example.com', NULL),
('Noelia', 'Alonso', '30000026E', '02 36267068 37', '2003-03-16', 'mujer', 19, 1, '633852869', 'noelia.alonso026@example.com', NULL),
('Nuria', 'Ramos', '30000027T', '27 20154049 56', '2002-11-16', 'hombre', 14, 1, '666131771', 'nuria.ramos027@example.com', 'Seguimiento recomendado.'),
('Beatriz Raúl', 'Muñoz', '30000028R', '22 92705430 20', '1990-02-18', 'hombre', 18, 1, '684660399', 'beatriz.munoz028@example.com', NULL),
('Paula Adrián', 'Gómez', '30000029W', '39 62917943 90', '2001-05-24', 'mujer', 13, 1, '682335494', 'paula.gomez029@example.com', 'Seguimiento recomendado.'),
('Eva', 'Fernández', '30000030A', '30 51279400 28', '1995-09-13', 'mujer', 24, 3, '663552631', 'eva.fernandez030@example.com', NULL),
('David Alejandro', 'Vázquez', '30000031G', '31 76275730 47', '1997-09-08', 'hombre', 22, 2, '678644335', 'david.vazquez031@example.com', NULL),
('Miguel', 'Romero Ortega', '30000032M', '46 31718584 42', '1991-06-10', 'hombre', 11, 1, '627918386', 'miguel.romero032@example.com', NULL),
('María Paula', 'Rubio', '30000033Y', '40 34708214 80', '2000-07-18', 'hombre', 1, 1, '662446711', 'maria.rubio033@example.com', NULL),
('Antonio', 'Fernández Romero', '30000034F', '35 99435453 10', '1996-02-21', 'mujer', 29, 6, '681371134', 'antonio.fernandez034@example.com', 'Seguimiento recomendado.'),
('Eva', 'Rubio Gómez', '30000035P', '46 82753021 16', '1993-01-11', 'hombre', 10, 1, '663114597', 'eva.rubio035@example.com', NULL),
('Alejandro Beatriz', 'Hernández Romero', '30000036D', '20 54671694 82', '1990-01-06', 'mujer', 15, 1, '610643154', 'alejandro.hernandez036@example.com', NULL),
('María Laura', 'López', '30000037X', '04 80999954 66', '1991-05-12', 'mujer', 23, 3, '643508610', 'maria.lopez037@example.com', NULL),
('Nuria Víctor', 'Gutiérrez Gutiérrez', '30000038B', '47 59261697 65', '1992-04-01', 'mujer', 2, 1, '611382902', 'nuria.gutierrez038@example.com', NULL),
('Daniel', 'Castro Molina', '30000039N', '04 15123790 33', '2004-08-14', 'hombre', 34, 8, '607004372', 'daniel.castro039@example.com', NULL),
('Cristina', 'Sánchez', '30000040J', '50 75363710 89', '1996-03-24', 'mujer', 15, 1, '683116927', 'cristina.sanchez040@example.com', NULL),
('Paula Irene', 'Fernández', '30000041Z', '23 10241950 06', '2001-11-09', 'hombre', 31, 7, '630649450', 'paula.fernandez041@example.com', NULL),
('María', 'Álvarez Pérez', '30000042S', '52 61608764 99', '1996-07-03', 'mujer', 17, 1, '631422244', 'maria.alvarez042@example.com', NULL),
('Laura Jorge', 'Ortega', '30000043Q', '24 68511093 66', '2000-06-23', 'mujer', 11, 1, '698486580', 'laura.ortega043@example.com', NULL),
('Miguel', 'Molina', '30000044V', '52 58287915 82', '2001-09-08', 'mujer', 23, 3, '688390417', 'miguel.molina044@example.com', NULL),
('Carlos', 'Ramos Hernández', '30000045H', '08 39366903 96', '1995-07-26', 'hombre', 5, 1, '600596987', 'carlos.ramos045@example.com', NULL),
('David', 'Sánchez', '30000046L', '31 60333794 79', '1998-02-09', 'mujer', 25, 4, '608324817', 'david.sanchez046@example.com', NULL),
('Elena', 'Castro', '30000047C', '17 77267541 73', '1998-11-20', 'hombre', 6, 1, '655236866', 'elena.castro047@example.com', NULL),
('Noelia', 'Fernández Rubio', '30000048K', '03 93919691 61', '2001-07-18', 'mujer', 5, 1, '694514413', 'noelia.fernandez048@example.com', NULL),
('Hugo', 'García Fernández', '30000049E', '41 14312492 59', '1994-08-11', 'hombre', 18, 1, '656977512', 'hugo.garcia049@example.com', NULL),
('Isabel Rocío', 'Vázquez Torres', '30000050T', '40 55402787 18', '2004-03-27', 'hombre', 5, 1, '634995750', 'isabel.vazquez050@example.com', NULL),
('Noelia', 'Gil Torres', '30000051R', '38 17704528 36', '1995-05-31', 'mujer', 19, 1, '680589512', 'noelia.gil051@example.com', NULL),
('Laura Irene', 'Serrano Gómez', '30000052W', '01 17167434 94', '1995-08-10', 'mujer', 2, 1, '611394227', 'laura.serrano052@example.com', NULL),
('Álvaro Carmen', 'Rubio Rodríguez', '30000053A', '10 58623969 05', '2002-04-08', 'hombre', 29, 6, '603193483', 'alvaro.rubio053@example.com', NULL),
('Lucía Irene', 'López Molina', '30000054G', '02 98197025 72', '1996-06-22', 'hombre', 16, 1, '647977029', 'lucia.lopez054@example.com', NULL),
('Hugo Javier', 'Castro Serrano', '30000055M', '11 66074193 86', '2003-11-01', 'hombre', 18, 1, '664768828', 'hugo.castro055@example.com', NULL),
('Beatriz', 'Serrano', '30000056Y', '38 85490392 08', '1997-01-07', 'mujer', 5, 1, '631905017', 'beatriz.serrano056@example.com', NULL),
('Miguel', 'Serrano', '30000057F', '16 88538006 84', '1995-06-02', 'hombre', 6, 1, '615005444', 'miguel.serrano057@example.com', NULL),
('Hugo', 'Castro', '30000058P', '35 10644513 33', '1996-10-20', 'hombre', 13, 1, '639817311', 'hugo.castro058@example.com', NULL),
('Diego Rocío', 'Hernández Gil', '30000059D', '49 38468883 33', '2003-03-12', 'hombre', 32, 7, '624783094', 'diego.hernandez059@example.com', 'Seguimiento recomendado.'),
('Miguel', 'Delgado', '30000060X', '12 22191960 16', '2004-10-18', 'mujer', 18, 1, '688532719', 'miguel.delgado060@example.com', NULL),
('Víctor Alejandro', 'Domínguez Fernández', '30000061B', '47 85404228 49', '1994-10-18', 'hombre', 14, 1, '668046973', 'victor.dominguez061@example.com', 'Seguimiento recomendado.'),
('Nuria', 'Romero Castro', '30000062N', '38 95369392 44', '1994-06-17', 'hombre', 5, 1, '627540145', 'nuria.romero062@example.com', NULL),
('David', 'Rodríguez González', '30000063J', '27 24733762 08', '2004-03-17', 'mujer', 14, 1, '614082992', 'david.rodriguez063@example.com', NULL),
('Javier', 'Ramos', '30000064Z', '33 92032961 07', '2003-08-14', 'hombre', 31, 7, '638184343', 'javier.ramos064@example.com', NULL),
('Jorge', 'Navarro Torres', '30000065S', '16 88771393 29', '2003-07-30', 'hombre', 33, 8, '621059367', 'jorge.navarro065@example.com', NULL),
('Patricia Lucía', 'Gómez', '30000066Q', '18 13394474 10', '1990-09-11', 'mujer', 1, 1, '620410699', 'patricia.gomez066@example.com', NULL),
('Adrián', 'Fernández Serrano', '30000067V', '44 53352206 26', '1994-06-22', 'mujer', 2, 1, '696378820', 'adrian.fernandez067@example.com', NULL),
('Irene', 'González García', '30000068H', '38 14705651 95', '1990-12-02', 'hombre', 8, 1, '687004516', 'irene.gonzalez068@example.com', NULL),
('Antonio', 'Fernández Marín', '30000069L', '13 56711948 75', '1997-03-07', 'mujer', 14, 1, '677072366', 'antonio.fernandez069@example.com', 'Seguimiento recomendado.'),
('María Noelia', 'Pérez', '30000070C', '28 38452118 27', '1999-05-23', 'hombre', 18, 1, '674053053', 'maria.perez070@example.com', NULL),
('Antonio', 'Ramos', '30000071K', '05 44634357 06', '1991-05-17', 'hombre', 6, 1, '685107530', 'antonio.ramos071@example.com', NULL),
('Jorge', 'Díaz', '30000072E', '45 22367979 57', '1991-03-17', 'mujer', 7, 1, '609424259', 'jorge.diaz072@example.com', NULL),
('Daniel', 'Romero', '30000073T', '07 98410036 31', '2001-09-06', 'mujer', 17, 1, '620672921', 'daniel.romero073@example.com', NULL),
('Lucía', 'Díaz Pérez', '30000074R', '40 81176516 15', '1994-07-13', 'hombre', 5, 1, '694198170', 'lucia.diaz074@example.com', NULL),
('Cristina', 'García Gutiérrez', '30000075W', '04 29028199 50', '1993-01-08', 'mujer', 13, 1, '691149797', 'cristina.garcia075@example.com', NULL),
('Celia', 'González Gil', '30000076A', '17 19797213 98', '2001-04-19', 'hombre', 16, 1, '691828035', 'celia.gonzalez076@example.com', NULL),
('David', 'Sánchez Delgado', '30000077G', '05 49203705 88', '1991-12-03', 'hombre', 22, 2, '601448357', 'david.sanchez077@example.com', NULL),
('Patricia', 'Molina', '30000078M', '37 38772891 86', '1995-08-08', 'hombre', 27, 5, '685142683', 'patricia.molina078@example.com', NULL),
('Álvaro Noelia', 'Hernández', '30000079Y', '45 38313104 24', '2004-05-02', 'hombre', 7, 1, '601661891', 'alvaro.hernandez079@example.com', NULL),
('Javier', 'Sánchez', '30000080F', '06 35924954 08', '1998-02-11', 'hombre', 25, 4, '603725557', 'javier.sanchez080@example.com', 'Seguimiento recomendado.'),
('Rocío', 'Torres', '30000081P', '16 59930612 04', '1997-09-07', 'mujer', 15, 1, '684399404', 'rocio.torres081@example.com', NULL),
('Laura', 'Morales Rodríguez', '30000082D', '17 96322547 77', '2004-05-30', 'mujer', 10, 1, '651953453', 'laura.morales082@example.com', NULL),
('Ainhoa María', 'Delgado', '30000083X', '20 12332519 53', '2001-06-22', 'mujer', 16, 1, '686038598', 'ainhoa.delgado083@example.com', NULL),
('Celia María', 'Romero Ramos', '30000084B', '27 90618876 97', '2000-04-04', 'hombre', 15, 1, '603193744', 'celia.romero084@example.com', NULL),
('Alejandro Celia', 'Castro', '30000085N', '35 10218508 50', '2002-06-16', 'hombre', 12, 1, '680854743', 'alejandro.castro085@example.com', NULL),
('Carmen', 'Díaz', '30000086J', '31 70924386 84', '2000-12-27', 'hombre', 3, 1, '617392303', 'carmen.diaz086@example.com', NULL),
('Víctor Patricia', 'Ortega Castro', '30000087Z', '25 79238803 67', '2004-12-09', 'hombre', 26, 4, '629451881', 'victor.ortega087@example.com', NULL),
('Raúl Javier', 'Serrano', '30000088S', '09 92901008 35', '1998-02-18', 'hombre', 4, 1, '643522572', 'raul.serrano088@example.com', NULL),
('Irene Adrián', 'Marín Gutiérrez', '30000089Q', '39 38117208 20', '2004-05-10', 'mujer', 7, 1, '669962500', 'irene.marin089@example.com', NULL),
('Raúl', 'Castro Gómez', '30000090V', '11 59051172 04', '2003-03-28', 'mujer', 31, 7, '635163114', 'raul.castro090@example.com', 'Seguimiento recomendado.'),
('Elena', 'Torres', '30000091H', '16 64285526 96', '2000-11-10', 'mujer', 18, 1, '633477985', 'elena.torres091@example.com', NULL),
('Beatriz', 'Alonso Alonso', '30000092L', '44 91141913 39', '1994-10-26', 'hombre', 16, 1, '691004578', 'beatriz.alonso092@example.com', NULL),
('Carmen', 'Castro', '30000093C', '41 94532173 31', '2001-03-06', 'hombre', 30, 6, '630267698', 'carmen.castro093@example.com', NULL),
('Víctor', 'Vázquez', '30000094K', '18 75029696 41', '1995-08-06', 'hombre', 14, 1, '658902305', 'victor.vazquez094@example.com', NULL),
('Hugo', 'Álvarez Torres', '30000095E', '18 54915509 10', '1995-09-27', 'hombre', 1, 1, '694320994', 'hugo.alvarez095@example.com', NULL),
('María Elena', 'Serrano Morales', '30000096T', '38 31641167 62', '1992-03-24', 'mujer', 3, 1, '679113534', 'maria.serrano096@example.com', NULL),
('Álvaro Víctor', 'Castro', '30000097R', '18 87433398 44', '1998-09-10', 'mujer', 33, 8, '651050758', 'alvaro.castro097@example.com', NULL),
('Paula Marta', 'Alonso', '30000098W', '25 11959693 22', '2000-04-15', 'mujer', 23, 3, '676674721', 'paula.alonso098@example.com', 'Seguimiento recomendado.'),
('Isabel Ainhoa', 'Vázquez', '30000099A', '37 24888356 26', '2000-07-22', 'mujer', 6, 1, '651898107', 'isabel.vazquez099@example.com', NULL),
('Miguel Alejandro', 'Domínguez Romero', '30000100G', '27 55809385 11', '2000-03-01', 'hombre', 4, 1, '633717532', 'miguel.dominguez100@example.com', 'Seguimiento recomendado.');

INSERT INTO course_itinerary_students (course_code, expediente, dni_nie) VALUES
('26EMHA11', '26EMHA11_0001', '30000001C'),
('25EMHA07', '25EMHA07_0002', '30000002K'),
('26EMHA10', '26EMHA10_0003', '30000003E'),
('25EMHA06', '25EMHA06_0004', '30000003E'),
('25EMHA20', '25EMHA20_0005', '30000004T'),
('26EMHA08', '26EMHA08_0006', '30000004T'),
('26EMHA05', '26EMHA05_0007', '30000005R'),
('25EMHA14', '25EMHA14_0008', '30000006W'),
('26EMHA01', '26EMHA01_0009', '30000006W'),
('25EMHA04', '25EMHA04_0010', '30000007A'),
('25EMHA26', '25EMHA26_0011', '30000008G'),
('26EMHA05', '26EMHA05_0012', '30000009M'),
('25EMHA22', '25EMHA22_0013', '30000010Y'),
('25EMHA24', '25EMHA24_0014', '30000011F'),
('25EMHA04', '25EMHA04_0015', '30000011F'),
('25EMHA16', '25EMHA16_0016', '30000012P'),
('25EMHA24', '25EMHA24_0017', '30000012P'),
('25EMHA22', '25EMHA22_0018', '30000013D'),
('25EMHA02', '25EMHA02_0019', '30000014X'),
('25EMHA18', '25EMHA18_0020', '30000015B'),
('25EMHA16', '25EMHA16_0021', '30000015B'),
('25EMHA25', '25EMHA25_0022', '30000016N'),
('25EMHA26', '25EMHA26_0023', '30000017J'),
('25EMHA10', '25EMHA10_0024', '30000018Z'),
('25EMHA17', '25EMHA17_0025', '30000019S'),
('25EMHA08', '25EMHA08_0026', '30000020Q'),
('25EMHA14', '25EMHA14_0027', '30000021V'),
('25EMHA16', '25EMHA16_0028', '30000022H'),
('25EMHA24', '25EMHA24_0029', '30000022H'),
('25EMHA10', '25EMHA10_0030', '30000023L'),
('26EMHA07', '26EMHA07_0031', '30000023L'),
('26EMHA04', '26EMHA04_0032', '30000024C'),
('25EMHA05', '25EMHA05_0033', '30000025K'),
('26EMHA01', '26EMHA01_0034', '30000025K'),
('26EMHA06', '26EMHA06_0035', '30000026E'),
('25EMHA18', '25EMHA18_0036', '30000026E'),
('26EMHA08', '26EMHA08_0037', '30000027T'),
('25EMHA25', '25EMHA25_0038', '30000028R'),
('26EMHA02', '26EMHA02_0039', '30000028R'),
('25EMHA10', '25EMHA10_0040', '30000029W'),
('26EMHA03', '26EMHA03_0041', '30000030A'),
('26EMHA06', '26EMHA06_0042', '30000030A'),
('25EMHA27', '25EMHA27_0043', '30000031G'),
('26EMHA06', '26EMHA06_0044', '30000031G'),
('25EMHA08', '25EMHA08_0045', '30000032M'),
('25EMHA08', '25EMHA08_0046', '30000033Y'),
('26EMHA01', '26EMHA01_0047', '30000034F'),
('26EMHA01', '26EMHA01_0048', '30000035P'),
('25EMHA01', '25EMHA01_0049', '30000035P'),
('25EMHA25', '25EMHA25_0050', '30000036D'),
('25EMHA13', '25EMHA13_0051', '30000036D'),
('26EMHA07', '26EMHA07_0052', '30000037X'),
('26EMHA03', '26EMHA03_0053', '30000037X'),
('25EMHA10', '25EMHA10_0054', '30000038B'),
('25EMHA01', '25EMHA01_0055', '30000038B'),
('26EMHA09', '26EMHA09_0056', '30000039N'),
('25EMHA20', '25EMHA20_0057', '30000039N'),
('25EMHA20', '25EMHA20_0058', '30000040J'),
('26EMHA07', '26EMHA07_0059', '30000041Z'),
('26EMHA03', '26EMHA03_0060', '30000041Z'),
('25EMHA20', '25EMHA20_0061', '30000042S'),
('25EMHA01', '25EMHA01_0062', '30000042S'),
('25EMHA29', '25EMHA29_0063', '30000043Q'),
('26EMHA09', '26EMHA09_0064', '30000044V'),
('25EMHA03', '25EMHA03_0065', '30000044V'),
('26EMHA10', '26EMHA10_0066', '30000045H'),
('25EMHA13', '25EMHA13_0067', '30000046L'),
('25EMHA04', '25EMHA04_0068', '30000047C'),
('25EMHA02', '25EMHA02_0069', '30000048K'),
('26EMHA04', '26EMHA04_0070', '30000049E'),
('25EMHA08', '25EMHA08_0071', '30000050T'),
('25EMHA14', '25EMHA14_0072', '30000051R'),
('25EMHA27', '25EMHA27_0073', '30000052W'),
('25EMHA14', '25EMHA14_0074', '30000053A'),
('26EMHA08', '26EMHA08_0075', '30000054G'),
('25EMHA14', '25EMHA14_0076', '30000054G'),
('25EMHA13', '25EMHA13_0077', '30000055M'),
('25EMHA08', '25EMHA08_0078', '30000056Y'),
('25EMHA24', '25EMHA24_0079', '30000056Y'),
('26EMHA05', '26EMHA05_0080', '30000057F'),
('25EMHA24', '25EMHA24_0081', '30000058P'),
('26EMHA07', '26EMHA07_0082', '30000059D'),
('26EMHA11', '26EMHA11_0083', '30000060X'),
('25EMHA06', '25EMHA06_0084', '30000061B'),
('25EMHA04', '25EMHA04_0085', '30000062N'),
('26EMHA03', '26EMHA03_0086', '30000062N'),
('25EMHA28', '25EMHA28_0087', '30000063J'),
('26EMHA12', '26EMHA12_0088', '30000064Z'),
('26EMHA08', '26EMHA08_0089', '30000065S'),
('25EMHA16', '25EMHA16_0090', '30000066Q'),
('25EMHA29', '25EMHA29_0091', '30000066Q'),
('25EMHA20', '25EMHA20_0092', '30000067V'),
('26EMHA11', '26EMHA11_0093', '30000067V'),
('25EMHA23', '25EMHA23_0094', '30000068H'),
('25EMHA10', '25EMHA10_0095', '30000069L'),
('25EMHA02', '25EMHA02_0096', '30000070C'),
('26EMHA11', '26EMHA11_0097', '30000070C'),
('25EMHA09', '25EMHA09_0098', '30000071K'),
('25EMHA01', '25EMHA01_0099', '30000071K'),
('26EMHA05', '26EMHA05_0100', '30000072E'),
('26EMHA01', '26EMHA01_0101', '30000073T'),
('26EMHA06', '26EMHA06_0102', '30000073T'),
('26EMHA01', '26EMHA01_0103', '30000074R'),
('25EMHA22', '25EMHA22_0104', '30000075W'),
('25EMHA06', '25EMHA06_0105', '30000075W'),
('26EMHA12', '26EMHA12_0106', '30000076A'),
('25EMHA02', '25EMHA02_0107', '30000077G'),
('26EMHA04', '26EMHA04_0108', '30000078M'),
('26EMHA11', '26EMHA11_0109', '30000078M'),
('26EMHA10', '26EMHA10_0110', '30000079Y'),
('25EMHA28', '25EMHA28_0111', '30000080F'),
('25EMHA18', '25EMHA18_0112', '30000081P'),
('25EMHA05', '25EMHA05_0113', '30000082D'),
('26EMHA04', '26EMHA04_0114', '30000082D'),
('25EMHA29', '25EMHA29_0115', '30000083X'),
('26EMHA11', '26EMHA11_0116', '30000083X'),
('26EMHA05', '26EMHA05_0117', '30000084B'),
('25EMHA16', '25EMHA16_0118', '30000085N'),
('25EMHA08', '25EMHA08_0119', '30000086J'),
('25EMHA13', '25EMHA13_0120', '30000087Z'),
('25EMHA05', '25EMHA05_0121', '30000088S'),
('26EMHA07', '26EMHA07_0122', '30000089Q'),
('25EMHA11', '25EMHA11_0123', '30000090V'),
('25EMHA27', '25EMHA27_0124', '30000091H'),
('25EMHA26', '25EMHA26_0125', '30000092L'),
('25EMHA08', '25EMHA08_0126', '30000093C'),
('25EMHA07', '25EMHA07_0127', '30000093C'),
('26EMHA02', '26EMHA02_0128', '30000094K'),
('25EMHA08', '25EMHA08_0129', '30000095E'),
('25EMHA26', '25EMHA26_0130', '30000096T'),
('26EMHA11', '26EMHA11_0131', '30000096T'),
('25EMHA21', '25EMHA21_0132', '30000097R'),
('25EMHA14', '25EMHA14_0133', '30000098W'),
('25EMHA11', '25EMHA11_0134', '30000099A'),
('25EMHA25', '25EMHA25_0135', '30000100G');

INSERT INTO documents (student_id, type, url, uploaded_at) VALUES
(39, 'cv', 'https://files.example.com/cv/student-39.pdf', '2026-01-10 18:20:10'),
(36, 'cv', 'https://files.example.com/cv/student-36.pdf', '2026-01-15 17:50:59'),
(50, 'cv', 'https://files.example.com/cv/student-50.pdf', '2025-11-13 09:17:52'),
(42, 'cv', 'https://files.example.com/cv/student-42.pdf', '2025-11-25 12:44:37'),
(81, 'cv', 'https://files.example.com/cv/student-81.pdf', '2025-12-18 14:59:03'),
(19, 'cv', 'https://files.example.com/cv/student-19.pdf', '2025-12-21 12:43:59'),
(34, 'cv', 'https://files.example.com/cv/student-34.pdf', '2026-01-09 10:58:56'),
(41, 'cv', 'https://files.example.com/cv/student-41.pdf', '2025-11-07 16:00:17'),
(71, 'cv', 'https://files.example.com/cv/student-71.pdf', '2025-12-28 10:22:30'),
(44, 'cv', 'https://files.example.com/cv/student-44.pdf', '2026-01-30 10:09:53'),
(94, 'cv', 'https://files.example.com/cv/student-94.pdf', '2026-01-24 17:19:31'),
(40, 'cv', 'https://files.example.com/cv/student-40.pdf', '2025-11-26 16:46:56'),
(12, 'cv', 'https://files.example.com/cv/student-12.pdf', '2025-11-01 08:35:13'),
(60, 'cv', 'https://files.example.com/cv/student-60.pdf', '2025-12-20 17:26:44'),
(49, 'cv', 'https://files.example.com/cv/student-49.pdf', '2025-11-13 16:16:51'),
(66, 'cv', 'https://files.example.com/cv/student-66.pdf', '2025-11-05 10:39:58'),
(97, 'cv', 'https://files.example.com/cv/student-97.pdf', '2025-11-15 12:29:07'),
(7, 'cv', 'https://files.example.com/cv/student-7.pdf', '2026-01-09 15:50:43'),
(100, 'cv', 'https://files.example.com/cv/student-100.pdf', '2026-01-15 15:10:18'),
(88, 'cv', 'https://files.example.com/cv/student-88.pdf', '2025-12-13 10:20:18'),
(82, 'cv', 'https://files.example.com/cv/student-82.pdf', '2026-01-07 12:52:15'),
(28, 'cv', 'https://files.example.com/cv/student-28.pdf', '2026-01-20 14:38:56'),
(56, 'cv', 'https://files.example.com/cv/student-56.pdf', '2026-01-10 13:45:15'),
(74, 'cv', 'https://files.example.com/cv/student-74.pdf', '2025-11-03 08:29:10'),
(83, 'cv', 'https://files.example.com/cv/student-83.pdf', '2025-11-10 08:28:35'),
(31, 'cv', 'https://files.example.com/cv/student-31.pdf', '2025-12-04 17:13:12'),
(2, 'cv', 'https://files.example.com/cv/student-2.pdf', '2026-01-16 18:16:57'),
(61, 'cv', 'https://files.example.com/cv/student-61.pdf', '2025-11-29 09:59:57'),
(27, 'cv', 'https://files.example.com/cv/student-27.pdf', '2026-01-31 14:02:45'),
(59, 'cv', 'https://files.example.com/cv/student-59.pdf', '2025-12-17 08:09:55'),
(26, 'cv', 'https://files.example.com/cv/student-26.pdf', '2025-12-08 13:29:10'),
(14, 'cv', 'https://files.example.com/cv/student-14.pdf', '2025-12-12 16:49:58'),
(38, 'cv', 'https://files.example.com/cv/student-38.pdf', '2026-01-22 18:23:58'),
(95, 'cv', 'https://files.example.com/cv/student-95.pdf', '2026-01-25 18:11:48'),
(6, 'cv', 'https://files.example.com/cv/student-6.pdf', '2025-11-05 17:48:12'),
(16, 'cv', 'https://files.example.com/cv/student-16.pdf', '2026-01-08 18:16:19'),
(48, 'cv', 'https://files.example.com/cv/student-48.pdf', '2026-01-10 18:30:45'),
(65, 'cv', 'https://files.example.com/cv/student-65.pdf', '2025-11-21 15:23:45'),
(22, 'cv', 'https://files.example.com/cv/student-22.pdf', '2025-11-01 13:18:33'),
(76, 'cv', 'https://files.example.com/cv/student-76.pdf', '2025-11-17 10:56:39'),
(93, 'cv', 'https://files.example.com/cv/student-93.pdf', '2025-12-19 12:34:47'),
(4, 'cv', 'https://files.example.com/cv/student-4.pdf', '2025-12-13 15:07:39'),
(63, 'cv', 'https://files.example.com/cv/student-63.pdf', '2026-01-11 14:46:46'),
(80, 'cv', 'https://files.example.com/cv/student-80.pdf', '2025-11-04 10:46:02'),
(20, 'cv', 'https://files.example.com/cv/student-20.pdf', '2025-12-31 18:01:43'),
(17, 'cv', 'https://files.example.com/cv/student-17.pdf', '2026-01-09 11:12:10'),
(21, 'cv', 'https://files.example.com/cv/student-21.pdf', '2026-01-01 13:48:17'),
(86, 'cv', 'https://files.example.com/cv/student-86.pdf', '2025-12-12 08:11:42'),
(3, 'cv', 'https://files.example.com/cv/student-3.pdf', '2026-01-05 16:37:58'),
(18, 'cv', 'https://files.example.com/cv/student-18.pdf', '2026-01-18 14:54:35'),
(13, 'cv', 'https://files.example.com/cv/student-13.pdf', '2025-12-06 08:51:15'),
(62, 'cv', 'https://files.example.com/cv/student-62.pdf', '2026-01-23 13:04:55'),
(32, 'cv', 'https://files.example.com/cv/student-32.pdf', '2026-01-24 14:32:35'),
(30, 'cv', 'https://files.example.com/cv/student-30.pdf', '2026-01-02 11:01:36'),
(98, 'cv', 'https://files.example.com/cv/student-98.pdf', '2025-12-24 18:19:15'),
(10, 'cv', 'https://files.example.com/cv/student-10.pdf', '2026-01-21 11:54:47'),
(75, 'cv', 'https://files.example.com/cv/student-75.pdf', '2026-01-08 08:24:58'),
(33, 'cv', 'https://files.example.com/cv/student-33.pdf', '2026-01-23 13:57:09'),
(67, 'cv', 'https://files.example.com/cv/student-67.pdf', '2025-12-09 17:34:15'),
(69, 'cv', 'https://files.example.com/cv/student-69.pdf', '2025-12-06 13:47:01'),
(72, 'cv', 'https://files.example.com/cv/student-72.pdf', '2025-12-11 08:20:45'),
(11, 'cv', 'https://files.example.com/cv/student-11.pdf', '2025-12-15 15:45:12'),
(37, 'cv', 'https://files.example.com/cv/student-37.pdf', '2025-11-12 09:01:16'),
(46, 'cv', 'https://files.example.com/cv/student-46.pdf', '2025-12-17 16:28:47'),
(15, 'cv', 'https://files.example.com/cv/student-15.pdf', '2025-12-26 11:02:37'),
(47, 'cv', 'https://files.example.com/cv/student-47.pdf', '2025-11-26 08:12:35'),
(87, 'cv', 'https://files.example.com/cv/student-87.pdf', '2025-12-23 16:10:18'),
(52, 'cv', 'https://files.example.com/cv/student-52.pdf', '2026-01-30 17:31:33'),
(25, 'cv', 'https://files.example.com/cv/student-25.pdf', '2026-01-09 08:53:03'),
(84, 'cv', 'https://files.example.com/cv/student-84.pdf', '2025-12-21 18:51:49'),
(90, 'cv', 'https://files.example.com/cv/student-90.pdf', '2026-01-14 13:45:05'),
(68, 'cv', 'https://files.example.com/cv/student-68.pdf', '2026-01-07 15:15:48'),
(92, 'cv', 'https://files.example.com/cv/student-92.pdf', '2026-01-21 08:56:14'),
(55, 'cv', 'https://files.example.com/cv/student-55.pdf', '2025-12-23 10:05:52'),
(43, 'cv', 'https://files.example.com/cv/student-43.pdf', '2025-12-31 18:41:54');

INSERT INTO student_courses (student_id, title, description, institution, start_date, end_date) VALUES
(1, 'Ofimática', 'Formación en ofimática.', 'Aula Digital', '2025-11-09', '2026-01-31'),
(1, 'Excel Básico', 'Formación en excel básico.', 'Aula Digital', '2025-08-13', '2025-09-05'),
(2, 'Prevención de Riesgos Laborales', 'Formación en prevención de riesgos laborales.', 'Aula Digital', '2024-01-17', '2024-06-20'),
(3, 'Cocina Básica', 'Formación en cocina básica.', 'PRL Formación', '2024-04-18', '2025-10-04'),
(3, 'Cocina Básica', 'Formación en cocina básica.', 'PRL Formación', '2024-06-08', '2025-12-11'),
(3, 'Cocina Básica', 'Formación en cocina básica.', 'Aula Digital', '2025-07-29', '2026-01-14'),
(4, 'Cocina Básica', 'Formación en cocina básica.', 'PRL Formación', '2025-11-26', '2025-11-30'),
(4, 'Camarero/a de Sala', 'Formación en camarero/a de sala.', 'Centro de Formación Madrid', '2024-11-02', '2025-09-05'),
(5, 'Ofimática', 'Formación en ofimática.', 'Language Hub', '2025-08-08', '2026-01-29'),
(6, 'Prevención de Riesgos Laborales', 'Formación en prevención de riesgos laborales.', 'Language Hub', '2024-08-11', '2025-08-29'),
(7, 'Manipulador de Alimentos', 'Formación en manipulador de alimentos.', 'Aula Digital', '2024-04-16', '2024-10-15'),
(7, 'Logística y Almacén', 'Formación en logística y almacén.', 'Aula Digital', '2025-01-09', '2025-11-24'),
(8, 'Logística y Almacén', NULL, 'Academia Empleo', '2024-11-30', '2025-04-09'),
(9, 'Prevención de Riesgos Laborales', NULL, 'PRL Formación', '2025-10-22', '2026-01-09'),
(10, 'Dependiente/a de Comercio', NULL, 'Language Hub', '2025-05-21', '2026-01-02'),
(10, 'Manipulador de Alimentos', NULL, 'Centro de Formación Madrid', '2024-02-13', '2025-12-27'),
(11, 'Carretilla Elevadora', 'Formación en carretilla elevadora.', 'Aula Digital', '2025-10-14', '2025-11-08'),
(11, 'Prevención de Riesgos Laborales', 'Formación en prevención de riesgos laborales.', 'Language Hub', '2024-11-16', '2025-08-16'),
(11, 'Cocina Básica', 'Formación en cocina básica.', 'Academia Empleo', '2024-10-13', '2025-03-12'),
(12, 'Manipulador de Alimentos', NULL, 'Centro de Formación Madrid', '2025-09-05', '2025-10-17'),
(12, 'Ofimática', NULL, 'PRL Formación', '2025-07-08', '2025-11-10'),
(13, 'Manipulador de Alimentos', NULL, 'Language Hub', '2025-06-23', '2025-09-12'),
(13, 'Excel Básico', 'Formación en excel básico.', 'Centro de Formación Madrid', '2025-07-15', '2025-10-14'),
(14, 'Auxiliar Administrativo', 'Formación en auxiliar administrativo.', 'Centro de Formación Madrid', '2024-08-15', '2025-04-24'),
(14, 'Carretilla Elevadora', 'Formación en carretilla elevadora.', 'Language Hub', '2025-08-03', '2025-09-20'),
(14, 'Prevención de Riesgos Laborales', 'Formación en prevención de riesgos laborales.', 'Language Hub', '2025-04-14', '2025-08-20'),
(15, 'Inglés para el Empleo', 'Formación en inglés para el empleo.', 'PRL Formación', '2025-05-02', '2025-09-20'),
(15, 'Cocina Básica', 'Formación en cocina básica.', 'PRL Formación', '2025-10-03', '2026-01-23'),
(16, 'Carretilla Elevadora', 'Formación en carretilla elevadora.', 'Language Hub', '2024-11-15', '2025-03-26'),
(16, 'Auxiliar Administrativo', 'Formación en auxiliar administrativo.', 'Academia Empleo', '2024-02-15', '2024-03-25'),
(17, 'Dependiente/a de Comercio', 'Formación en dependiente/a de comercio.', 'Aula Digital', '2025-05-02', '2025-05-20'),
(17, 'Ofimática', 'Formación en ofimática.', 'Language Hub', '2024-11-11', '2025-08-19'),
(18, 'Ofimática', 'Formación en ofimática.', 'Centro de Formación Madrid', '2025-10-22', '2026-01-05'),
(18, 'Logística y Almacén', NULL, 'Centro de Formación Madrid', '2025-01-20', '2026-01-07'),
(19, 'Ofimática', NULL, 'PRL Formación', '2025-04-14', '2025-12-04'),
(19, 'Cocina Básica', 'Formación en cocina básica.', 'Aula Digital', '2024-11-21', '2025-01-20'),
(20, 'Auxiliar Administrativo', NULL, 'Centro de Formación Madrid', '2025-08-05', '2025-09-18'),
(20, 'Prevención de Riesgos Laborales', NULL, 'Centro de Formación Madrid', '2026-01-01', '2026-01-01'),
(20, 'Cocina Básica', 'Formación en cocina básica.', 'Centro de Formación Madrid', '2025-03-13', '2025-09-20'),
(21, 'Dependiente/a de Comercio', NULL, 'Centro de Formación Madrid', '2025-12-07', '2026-01-18'),
(21, 'Dependiente/a de Comercio', NULL, 'PRL Formación', '2024-12-19', '2025-02-11'),
(21, 'Camarero/a de Sala', 'Formación en camarero/a de sala.', 'Aula Digital', '2024-12-23', '2025-10-19'),
(22, 'Inglés para el Empleo', NULL, 'PRL Formación', '2025-10-14', '2026-01-01'),
(22, 'Carretilla Elevadora', 'Formación en carretilla elevadora.', 'Centro de Formación Madrid', '2024-02-24', '2024-09-25'),
(22, 'Cocina Básica', 'Formación en cocina básica.', 'Centro de Formación Madrid', '2024-09-04', '2025-09-16'),
(23, 'Dependiente/a de Comercio', 'Formación en dependiente/a de comercio.', 'Aula Digital', '2024-11-02', '2025-07-27'),
(24, 'Dependiente/a de Comercio', 'Formación en dependiente/a de comercio.', 'Centro de Formación Madrid', '2024-07-26', '2025-10-27'),
(24, 'Manipulador de Alimentos', 'Formación en manipulador de alimentos.', 'Centro de Formación Madrid', '2025-07-01', '2025-07-24'),
(25, 'Atención al Cliente', 'Formación en atención al cliente.', 'PRL Formación', '2025-05-13', '2026-01-03'),
(25, 'Camarero/a de Sala', 'Formación en camarero/a de sala.', 'Language Hub', '2024-05-14', '2024-06-08'),
(25, 'Excel Básico', NULL, 'Academia Empleo', '2025-01-29', '2025-11-30'),
(26, 'Cocina Básica', 'Formación en cocina básica.', 'Academia Empleo', '2024-07-13', '2024-12-13'),
(27, 'Prevención de Riesgos Laborales', 'Formación en prevención de riesgos laborales.', 'Centro de Formación Madrid', '2025-12-02', '2025-12-14'),
(28, 'Dependiente/a de Comercio', NULL, 'Language Hub', '2024-12-27', '2025-09-20'),
(29, 'Manipulador de Alimentos', 'Formación en manipulador de alimentos.', 'Language Hub', '2024-02-24', '2025-05-11'),
(29, 'Auxiliar Administrativo', NULL, 'Language Hub', '2025-02-13', '2026-01-17'),
(29, 'Atención al Cliente', NULL, 'Academia Empleo', '2025-01-12', '2025-03-09'),
(30, 'Dependiente/a de Comercio', 'Formación en dependiente/a de comercio.', 'Aula Digital', '2025-06-11', '2025-08-16'),
(30, 'Excel Básico', 'Formación en excel básico.', 'Aula Digital', '2025-09-05', '2026-01-18'),
(31, 'Prevención de Riesgos Laborales', 'Formación en prevención de riesgos laborales.', 'Language Hub', '2025-03-17', '2025-08-01'),
(32, 'Cocina Básica', NULL, 'Academia Empleo', '2025-06-13', '2025-09-21'),
(32, 'Cocina Básica', NULL, 'Centro de Formación Madrid', '2024-12-01', '2024-12-11'),
(33, 'Atención al Cliente', 'Formación en atención al cliente.', 'Academia Empleo', '2024-11-17', '2025-07-30'),
(34, 'Logística y Almacén', 'Formación en logística y almacén.', 'Language Hub', '2024-11-07', '2024-12-08'),
(34, 'Auxiliar Administrativo', NULL, 'PRL Formación', '2025-04-18', '2025-10-18'),
(35, 'Atención al Cliente', 'Formación en atención al cliente.', 'Aula Digital', '2024-09-10', '2025-12-03'),
(36, 'Dependiente/a de Comercio', 'Formación en dependiente/a de comercio.', 'Language Hub', '2024-05-18', '2024-10-18'),
(37, 'Atención al Cliente', 'Formación en atención al cliente.', 'Aula Digital', '2025-12-24', '2026-01-16'),
(38, 'Auxiliar Administrativo', 'Formación en auxiliar administrativo.', 'Aula Digital', '2024-01-06', '2024-10-24'),
(38, 'Camarero/a de Sala', 'Formación en camarero/a de sala.', 'Centro de Formación Madrid', '2024-08-24', '2024-12-02'),
(38, 'Dependiente/a de Comercio', NULL, 'Centro de Formación Madrid', '2026-01-11', '2026-01-27'),
(39, 'Carretilla Elevadora', 'Formación en carretilla elevadora.', 'PRL Formación', '2025-09-24', '2025-11-24'),
(39, 'Dependiente/a de Comercio', NULL, 'Language Hub', '2024-11-29', '2025-03-12'),
(40, 'Camarero/a de Sala', 'Formación en camarero/a de sala.', 'Language Hub', '2025-02-09', '2025-09-17'),
(41, 'Carretilla Elevadora', 'Formación en carretilla elevadora.', 'Centro de Formación Madrid', '2025-02-18', '2025-10-08'),
(42, 'Ofimática', NULL, 'Aula Digital', '2024-07-10', '2025-05-18'),
(42, 'Cocina Básica', 'Formación en cocina básica.', 'Aula Digital', '2024-06-13', '2025-12-26'),
(42, 'Auxiliar Administrativo', 'Formación en auxiliar administrativo.', 'Academia Empleo', '2025-03-01', '2025-04-29'),
(43, 'Excel Básico', 'Formación en excel básico.', 'Academia Empleo', '2024-01-10', '2024-09-18'),
(44, 'Excel Básico', 'Formación en excel básico.', 'Academia Empleo', '2024-09-21', '2026-01-14'),
(45, 'Excel Básico', 'Formación en excel básico.', 'Language Hub', '2025-04-25', '2026-01-17'),
(45, 'Prevención de Riesgos Laborales', 'Formación en prevención de riesgos laborales.', 'Language Hub', '2024-11-27', '2025-02-28'),
(45, 'Cocina Básica', 'Formación en cocina básica.', 'Centro de Formación Madrid', '2025-04-23', '2025-10-05'),
(46, 'Atención al Cliente', 'Formación en atención al cliente.', 'Language Hub', '2025-02-02', '2025-08-24'),
(47, 'Inglés para el Empleo', NULL, 'PRL Formación', '2024-08-11', '2025-04-10'),
(47, 'Inglés para el Empleo', NULL, 'Academia Empleo', '2025-10-17', '2025-12-10'),
(47, 'Excel Básico', NULL, 'Centro de Formación Madrid', '2024-06-26', '2024-09-27'),
(48, 'Manipulador de Alimentos', 'Formación en manipulador de alimentos.', 'Aula Digital', '2024-02-09', '2025-06-12'),
(48, 'Camarero/a de Sala', 'Formación en camarero/a de sala.', 'Centro de Formación Madrid', '2024-10-02', '2025-04-02'),
(49, 'Dependiente/a de Comercio', 'Formación en dependiente/a de comercio.', 'Centro de Formación Madrid', '2024-10-18', '2025-10-18'),
(49, 'Cocina Básica', 'Formación en cocina básica.', 'Language Hub', '2025-07-14', '2025-10-31'),
(50, 'Dependiente/a de Comercio', 'Formación en dependiente/a de comercio.', 'Aula Digital', '2025-05-23', '2025-12-10'),
(50, 'Manipulador de Alimentos', 'Formación en manipulador de alimentos.', 'Aula Digital', '2024-12-01', '2025-11-05'),
(51, 'Camarero/a de Sala', NULL, 'PRL Formación', '2025-03-28', '2025-08-26'),
(51, 'Logística y Almacén', 'Formación en logística y almacén.', 'Aula Digital', '2025-07-24', '2025-08-17'),
(52, 'Auxiliar Administrativo', 'Formación en auxiliar administrativo.', 'Academia Empleo', '2025-05-07', '2025-12-08'),
(52, 'Auxiliar Administrativo', NULL, 'PRL Formación', '2025-08-02', '2025-08-30'),
(52, 'Manipulador de Alimentos', 'Formación en manipulador de alimentos.', 'Aula Digital', '2025-11-25', '2025-12-21'),
(53, 'Ofimática', 'Formación en ofimática.', 'Aula Digital', '2024-03-23', '2024-04-16'),
(53, 'Prevención de Riesgos Laborales', NULL, 'Centro de Formación Madrid', '2025-03-20', '2025-06-18'),
(53, 'Ofimática', NULL, 'Centro de Formación Madrid', '2025-01-23', '2025-04-27'),
(54, 'Excel Básico', 'Formación en excel básico.', 'PRL Formación', '2024-09-15', '2025-04-18'),
(54, 'Camarero/a de Sala', NULL, 'Academia Empleo', '2025-02-27', '2025-12-29'),
(55, 'Dependiente/a de Comercio', 'Formación en dependiente/a de comercio.', 'Academia Empleo', '2024-05-18', '2025-05-30'),
(56, 'Cocina Básica', NULL, 'Aula Digital', '2026-01-08', '2026-01-30'),
(56, 'Inglés para el Empleo', 'Formación en inglés para el empleo.', 'Academia Empleo', '2024-02-06', '2024-11-08'),
(56, 'Auxiliar Administrativo', 'Formación en auxiliar administrativo.', 'Language Hub', '2024-05-01', '2025-04-02'),
(57, 'Camarero/a de Sala', 'Formación en camarero/a de sala.', 'Centro de Formación Madrid', '2025-10-14', '2025-12-18'),
(57, 'Cocina Básica', NULL, 'PRL Formación', '2025-10-04', '2025-11-01'),
(58, 'Ofimática', NULL, 'Academia Empleo', '2025-12-10', '2026-01-08'),
(59, 'Camarero/a de Sala', 'Formación en camarero/a de sala.', 'Aula Digital', '2024-06-07', '2026-01-09'),
(59, 'Cocina Básica', 'Formación en cocina básica.', 'Academia Empleo', '2025-11-17', '2026-01-23'),
(60, 'Excel Básico', 'Formación en excel básico.', 'Language Hub', '2025-03-12', '2025-10-22'),
(60, 'Camarero/a de Sala', 'Formación en camarero/a de sala.', 'Centro de Formación Madrid', '2025-11-04', '2025-11-08'),
(60, 'Carretilla Elevadora', NULL, 'Language Hub', '2026-01-04', '2026-01-31'),
(61, 'Manipulador de Alimentos', 'Formación en manipulador de alimentos.', 'Academia Empleo', '2025-10-03', '2025-12-19'),
(61, 'Inglés para el Empleo', 'Formación en inglés para el empleo.', 'PRL Formación', '2024-05-06', '2025-04-22'),
(62, 'Dependiente/a de Comercio', NULL, 'PRL Formación', '2025-02-14', '2025-12-09'),
(63, 'Camarero/a de Sala', 'Formación en camarero/a de sala.', 'PRL Formación', '2024-05-18', '2025-04-03'),
(63, 'Dependiente/a de Comercio', 'Formación en dependiente/a de comercio.', 'Academia Empleo', '2025-08-29', '2026-01-29'),
(63, 'Excel Básico', NULL, 'Academia Empleo', '2025-02-22', '2025-09-21'),
(64, 'Excel Básico', NULL, 'Language Hub', '2025-03-18', '2025-11-19'),
(65, 'Manipulador de Alimentos', NULL, 'Aula Digital', '2025-11-16', '2025-12-18'),
(65, 'Atención al Cliente', 'Formación en atención al cliente.', 'Aula Digital', '2024-06-15', '2025-06-10'),
(65, 'Inglés para el Empleo', 'Formación en inglés para el empleo.', 'Academia Empleo', '2024-01-28', '2024-09-30'),
(66, 'Dependiente/a de Comercio', 'Formación en dependiente/a de comercio.', 'PRL Formación', '2024-03-23', '2025-09-13'),
(66, 'Dependiente/a de Comercio', 'Formación en dependiente/a de comercio.', 'Language Hub', '2025-11-09', '2025-12-31'),
(67, 'Camarero/a de Sala', 'Formación en camarero/a de sala.', 'Language Hub', '2025-01-07', '2025-09-16'),
(67, 'Auxiliar Administrativo', 'Formación en auxiliar administrativo.', 'Centro de Formación Madrid', '2024-06-18', '2025-04-23'),
(67, 'Logística y Almacén', 'Formación en logística y almacén.', 'Aula Digital', '2024-10-13', '2026-01-31'),
(68, 'Camarero/a de Sala', NULL, 'Aula Digital', '2025-05-17', '2025-10-26'),
(69, 'Prevención de Riesgos Laborales', NULL, 'Aula Digital', '2025-10-12', '2025-10-16'),
(70, 'Ofimática', 'Formación en ofimática.', 'Academia Empleo', '2024-02-04', '2024-05-28'),
(71, 'Dependiente/a de Comercio', 'Formación en dependiente/a de comercio.', 'Aula Digital', '2025-03-16', '2025-09-17'),
(72, 'Ofimática', NULL, 'Language Hub', '2024-06-16', '2024-07-30'),
(72, 'Atención al Cliente', 'Formación en atención al cliente.', 'Centro de Formación Madrid', '2025-04-05', '2025-10-27'),
(73, 'Dependiente/a de Comercio', 'Formación en dependiente/a de comercio.', 'Language Hub', '2025-10-14', '2025-12-18'),
(74, 'Logística y Almacén', 'Formación en logística y almacén.', 'Aula Digital', '2024-08-16', '2025-01-24'),
(75, 'Prevención de Riesgos Laborales', NULL, 'Aula Digital', '2025-02-11', '2025-05-05'),
(75, 'Auxiliar Administrativo', 'Formación en auxiliar administrativo.', 'PRL Formación', '2025-06-29', '2025-10-18'),
(76, 'Dependiente/a de Comercio', 'Formación en dependiente/a de comercio.', 'Academia Empleo', '2024-11-24', '2025-08-11'),
(76, 'Atención al Cliente', NULL, 'Academia Empleo', '2025-01-26', '2025-07-01'),
(76, 'Prevención de Riesgos Laborales', 'Formación en prevención de riesgos laborales.', 'Academia Empleo', '2024-06-18', '2025-01-09'),
(77, 'Excel Básico', NULL, 'PRL Formación', '2025-12-17', '2026-01-16'),
(78, 'Auxiliar Administrativo', 'Formación en auxiliar administrativo.', 'PRL Formación', '2025-11-25', '2025-12-16'),
(78, 'Carretilla Elevadora', 'Formación en carretilla elevadora.', 'Academia Empleo', '2024-06-14', '2025-06-14'),
(79, 'Dependiente/a de Comercio', NULL, 'Aula Digital', '2025-12-29', '2026-01-31'),
(79, 'Inglés para el Empleo', NULL, 'Centro de Formación Madrid', '2025-12-27', '2026-01-21'),
(80, 'Atención al Cliente', 'Formación en atención al cliente.', 'Centro de Formación Madrid', '2024-10-25', '2025-08-12'),
(80, 'Prevención de Riesgos Laborales', NULL, 'PRL Formación', '2024-01-10', '2025-05-18'),
(81, 'Ofimática', 'Formación en ofimática.', 'Academia Empleo', '2026-01-03', '2026-01-06'),
(81, 'Manipulador de Alimentos', 'Formación en manipulador de alimentos.', 'Language Hub', '2024-07-27', '2025-07-21'),
(82, 'Logística y Almacén', NULL, 'Language Hub', '2024-03-25', '2024-04-14'),
(82, 'Prevención de Riesgos Laborales', 'Formación en prevención de riesgos laborales.', 'Language Hub', '2025-11-29', '2026-01-21'),
(83, 'Inglés para el Empleo', 'Formación en inglés para el empleo.', 'Language Hub', '2024-03-30', '2024-07-21'),
(83, 'Auxiliar Administrativo', 'Formación en auxiliar administrativo.', 'Centro de Formación Madrid', '2025-10-03', '2025-11-12'),
(84, 'Logística y Almacén', NULL, 'Language Hub', '2024-02-26', '2025-04-16'),
(84, 'Dependiente/a de Comercio', NULL, 'Language Hub', '2024-02-28', '2025-04-21'),
(85, 'Cocina Básica', 'Formación en cocina básica.', 'Language Hub', '2025-03-10', '2025-11-14'),
(85, 'Auxiliar Administrativo', 'Formación en auxiliar administrativo.', 'Academia Empleo', '2025-09-04', '2025-12-14'),
(85, 'Atención al Cliente', NULL, 'Aula Digital', '2025-07-20', '2026-01-20'),
(86, 'Excel Básico', NULL, 'Academia Empleo', '2025-09-30', '2025-10-06'),
(87, 'Excel Básico', 'Formación en excel básico.', 'PRL Formación', '2025-04-13', '2025-12-12'),
(88, 'Cocina Básica', 'Formación en cocina básica.', 'PRL Formación', '2024-11-30', '2025-08-02'),
(88, 'Excel Básico', 'Formación en excel básico.', 'Aula Digital', '2025-06-18', '2025-08-25'),
(88, 'Atención al Cliente', NULL, 'Aula Digital', '2025-11-23', '2026-01-28'),
(89, 'Excel Básico', 'Formación en excel básico.', 'Academia Empleo', '2024-07-05', '2024-10-13'),
(89, 'Logística y Almacén', 'Formación en logística y almacén.', 'Language Hub', '2025-11-19', '2026-01-01'),
(90, 'Ofimática', NULL, 'Language Hub', '2025-10-08', '2025-12-18'),
(91, 'Cocina Básica', 'Formación en cocina básica.', 'Centro de Formación Madrid', '2024-06-29', '2024-07-09'),
(91, 'Cocina Básica', 'Formación en cocina básica.', 'Centro de Formación Madrid', '2024-07-22', '2025-05-19'),
(91, 'Dependiente/a de Comercio', NULL, 'Centro de Formación Madrid', '2025-02-03', '2025-09-15'),
(92, 'Auxiliar Administrativo', 'Formación en auxiliar administrativo.', 'Language Hub', '2024-03-05', '2024-03-25'),
(93, 'Carretilla Elevadora', 'Formación en carretilla elevadora.', 'Academia Empleo', '2024-07-28', '2025-12-21'),
(93, 'Inglés para el Empleo', 'Formación en inglés para el empleo.', 'Language Hub', '2025-07-02', '2025-10-23'),
(93, 'Ofimática', NULL, 'PRL Formación', '2025-01-06', '2025-06-09'),
(94, 'Cocina Básica', 'Formación en cocina básica.', 'PRL Formación', '2024-05-21', '2025-02-08'),
(94, 'Camarero/a de Sala', NULL, 'Centro de Formación Madrid', '2024-04-06', '2025-05-20'),
(95, 'Excel Básico', NULL, 'Aula Digital', '2025-12-10', '2026-01-02'),
(95, 'Inglés para el Empleo', 'Formación en inglés para el empleo.', 'Aula Digital', '2024-02-18', '2024-05-17'),
(95, 'Logística y Almacén', 'Formación en logística y almacén.', 'Aula Digital', '2025-10-16', '2025-12-02'),
(96, 'Logística y Almacén', 'Formación en logística y almacén.', 'Language Hub', '2024-08-24', '2024-12-05'),
(96, 'Auxiliar Administrativo', NULL, 'Language Hub', '2024-12-01', '2025-07-17'),
(96, 'Dependiente/a de Comercio', NULL, 'Academia Empleo', '2025-02-03', '2025-04-14'),
(97, 'Camarero/a de Sala', NULL, 'PRL Formación', '2025-12-12', '2025-12-12'),
(97, 'Dependiente/a de Comercio', NULL, 'Academia Empleo', '2024-12-01', '2026-01-07'),
(98, 'Camarero/a de Sala', NULL, 'PRL Formación', '2024-03-24', '2024-09-19'),
(98, 'Cocina Básica', 'Formación en cocina básica.', 'Academia Empleo', '2024-06-23', '2026-01-30'),
(99, 'Ofimática', 'Formación en ofimática.', 'Centro de Formación Madrid', '2025-12-16', '2026-02-01'),
(100, 'Camarero/a de Sala', 'Formación en camarero/a de sala.', 'Centro de Formación Madrid', '2025-10-19', '2025-12-03'),
(100, 'Inglés para el Empleo', 'Formación en inglés para el empleo.', 'PRL Formación', '2024-08-30', '2024-12-27');

INSERT INTO practices (expediente, company_id, company_name, workplace, does_practices, conditions_for_practice, practice_shift, observations, start_date, end_date, attendance_days, schedule, evaluation, practice_status, leave_date) VALUES
('26EMHA11_0001', 4, 'IBÉRICA COMERCIO 004 S.L.', 'Madrid - Villaverde', 'SI', 'MEJORA DE EMPLEO', 'MAÑANA', 'Seguimiento de prácticas.', '2024-08-06', '2025-10-25', 10, 'L-V 09:00-14:00', 'ABANDONO DE LAS PRÁCTICAS', 'INTERRUMPIDAS', '2025-10-25'),
('25EMHA07_0002', NULL, NULL, NULL, 'NO', 'MEJORA DE EMPLEO', 'MAÑANA', NULL, NULL, NULL, NULL, NULL, NULL, 'NO REALIZA PRACTICAS', NULL),
('26EMHA10_0003', NULL, NULL, NULL, 'NO', 'DESEMPLEADO', 'TARDE', NULL, NULL, NULL, NULL, NULL, NULL, 'NO APTO FORMACION', NULL),
('25EMHA06_0004', 14, 'URBANA COMERCIO 014 S.L.', 'Madrid - Chamartín', 'SI', 'DESEMPLEADO', 'TARDE', 'Seguimiento de prácticas.', '2025-10-20', '2026-01-07', 12, 'L-V 09:00-14:00', 'PRACTICAS SUPERADAS', 'FINALIZADAS', NULL),
('25EMHA20_0005', 9, 'NUEVA GESTIÓN 009 S.L.', 'Madrid - Hortaleza', 'SI', 'DESEMPLEADO', 'MAÑANA', NULL, '2025-03-07', '2025-03-14', 12, 'L-V 09:00-14:00', 'PRACTICAS SUPERADAS', 'FINALIZADAS', NULL),
('26EMHA08_0006', 28, 'NUEVA GESTIÓN 028 S.L.', 'Madrid - Moratalaz', 'SI', 'MEJORA DE EMPLEO', 'INDIFERENTE', NULL, '2025-06-04', '2025-11-25', 10, 'L-V 09:00-14:00', 'PRACTICAS SUPERADAS', 'FINALIZADAS', NULL),
('26EMHA05_0007', 11, 'URBANA HOSTELERÍA 011 S.L.', 'Madrid - Villaverde', 'SI', 'DESEMPLEADO', 'INDIFERENTE', NULL, '2024-11-02', '2024-11-16', 10, 'L-V 15:00-20:00', 'PRACTICAS SUPERADAS', 'FINALIZADAS', NULL),
('25EMHA14_0008', 25, 'EXPERTA TECNOLOGÍA 025 S.L.', 'Madrid - Villaverde', 'SI', 'DESEMPLEADO', 'MAÑANA', NULL, '2024-01-24', '2024-08-19', 16, 'L-V 09:00-14:00', 'PRACTICAS SUPERADAS', 'FINALIZADAS', NULL),
('26EMHA01_0009', 16, 'NORTE DISTRIBUCIÓN 016 S.L.', 'Madrid - Carabanchel', 'SI', 'DESEMPLEADO', 'INDIFERENTE', NULL, '2024-11-12', '2025-10-04', 16, 'L-V 15:00-20:00', 'PRACTICAS SUPERADAS', 'FINALIZADAS', NULL),
('25EMHA04_0010', 5, 'NORTE TECNOLOGÍA 005 S.L.', 'Madrid - Hortaleza', 'SI', 'DESEMPLEADO', 'INDIFERENTE', NULL, '2024-05-26', '2025-12-06', 9, 'L-V 09:00-14:00', 'PRACTICAS SUPERADAS', 'FINALIZADAS', NULL),
('25EMHA26_0011', 27, 'EXPERTA COMERCIO 027 S.L.', 'Madrid - Villaverde', 'SI', 'DESEMPLEADO', 'MAÑANA', NULL, '2025-10-04', '2025-10-17', 9, 'L-V 09:00-14:00', 'PRACTICAS SUPERADAS', 'FINALIZADAS', NULL),
('26EMHA05_0012', 9, 'NUEVA GESTIÓN 009 S.L.', 'Madrid - Fuencarral-El Pardo', 'SI', 'MEJORA DE EMPLEO', 'MAÑANA', NULL, '2025-02-25', '2025-12-19', 8, 'L-V 09:00-14:00', 'PRACTICAS SUPERADAS', 'FINALIZADAS', NULL),
('25EMHA22_0013', 13, 'GLOBAL DISTRIBUCIÓN 013 S.L.', 'Madrid - Retiro', 'SI', 'DESEMPLEADO', 'MAÑANA', NULL, '2025-12-21', '2026-01-14', 12, 'L-V 15:00-20:00', 'PRACTICAS SUPERADAS', 'FINALIZADAS', NULL),
('25EMHA24_0014', 21, 'URBANA COMERCIO 021 S.L.', 'Madrid - Tetuán', 'SI', 'DESEMPLEADO', 'TARDE', NULL, '2024-10-31', '2025-07-02', 12, 'L-V 15:00-20:00', 'PRACTICAS SUPERADAS', 'FINALIZADAS', NULL),
('25EMHA04_0015', 21, 'URBANA COMERCIO 021 S.L.', 'Madrid - Villa de Vallecas', 'SI', 'DESEMPLEADO', 'MAÑANA', 'Seguimiento de prácticas.', '2024-12-19', NULL, 8, 'L-V 09:00-14:00', 'PRACTICAS SUPERADAS', 'FINALIZADAS', NULL),
('25EMHA16_0016', 1, 'NORTE COMERCIO 001 S.L.', 'Madrid - Arganzuela', 'SI', 'MEJORA DE EMPLEO', 'MAÑANA', NULL, '2025-12-21', '2026-01-05', 16, 'L-V 09:00-14:00', 'ABANDONO DE LAS PRÁCTICAS', 'INTERRUMPIDAS', '2026-01-05'),
('25EMHA24_0017', 20, 'NUEVA COMERCIO 020 S.L.', 'Madrid - Ciudad Lineal', 'SI', 'DESEMPLEADO', 'INDIFERENTE', NULL, '2024-04-14', NULL, 12, 'L-V 15:00-20:00', 'PRACTICAS SUPERADAS', 'FINALIZADAS', NULL),
('25EMHA22_0018', NULL, NULL, NULL, 'NO', 'MEJORA DE EMPLEO', 'INDIFERENTE', NULL, NULL, NULL, NULL, NULL, NULL, 'NO APTO FORMACION', NULL),
('25EMHA02_0019', 16, 'NORTE DISTRIBUCIÓN 016 S.L.', 'Madrid - Vicálvaro', 'SI', 'MEJORA DE EMPLEO', 'MAÑANA', NULL, '2025-03-14', '2025-09-27', 16, 'L-V 09:00-14:00', 'PRACTICAS SUPERADAS', 'FINALIZADAS', NULL),
('25EMHA18_0020', NULL, NULL, NULL, 'NO', 'MEJORA DE EMPLEO', 'MAÑANA', NULL, NULL, NULL, NULL, NULL, NULL, 'NO REALIZA PRACTICAS', NULL),
('25EMHA16_0021', 12, 'IBÉRICA LOGÍSTICA 012 S.L.', 'Madrid - Retiro', 'SI', 'MEJORA DE EMPLEO', 'TARDE', NULL, '2025-04-30', '2025-06-27', 10, 'L-V 15:00-20:00', 'PRACTICAS SUPERADAS', 'FINALIZADAS', NULL),
('25EMHA25_0022', 18, 'CENTRAL DISTRIBUCIÓN 018 S.L.', 'Madrid - Arganzuela', 'SI', 'MEJORA DE EMPLEO', 'INDIFERENTE', NULL, '2025-12-24', '2026-01-05', 12, 'L-V 09:00-14:00', 'PRACTICAS SUPERADAS', 'FINALIZADAS', NULL),
('25EMHA26_0023', 9, 'NUEVA GESTIÓN 009 S.L.', 'Madrid - Latina', 'SI', 'DESEMPLEADO', 'INDIFERENTE', NULL, '2024-01-28', '2024-11-08', 10, 'L-V 09:00-14:00', 'PRACTICAS SUPERADAS', 'FINALIZADAS', NULL),
('25EMHA10_0024', NULL, NULL, NULL, 'INSERCION', 'MEJORA DE EMPLEO', 'TARDE', NULL, NULL, NULL, NULL, NULL, NULL, 'INSERCION FORMACION', NULL),
('25EMHA17_0025', NULL, NULL, NULL, 'INSERCION', 'DESEMPLEADO', 'TARDE', NULL, NULL, NULL, NULL, NULL, NULL, 'INSERCION FORMACION', NULL),
('25EMHA08_0026', NULL, NULL, NULL, 'INSERCION', 'MEJORA DE EMPLEO', 'TARDE', NULL, NULL, NULL, NULL, NULL, NULL, 'INSERCION FORMACION', NULL),
('25EMHA14_0027', 8, 'NORTE SOLUCIONES 008 S.L.', 'Madrid - Tetuán', 'SI', 'MEJORA DE EMPLEO', 'TARDE', NULL, '2024-12-10', '2024-12-29', 9, 'L-V 09:00-14:00', 'PRACTICAS SUPERADAS', 'FINALIZADAS', NULL),
('25EMHA16_0028', 14, 'URBANA COMERCIO 014 S.L.', 'Madrid - Fuencarral-El Pardo', 'SI', 'DESEMPLEADO', 'TARDE', NULL, '2025-05-01', '2025-12-24', 16, 'L-V 09:00-14:00', 'PRACTICAS SUPERADAS', 'FINALIZADAS', NULL),
('25EMHA24_0029', 15, 'NORTE TECNOLOGÍA 015 S.L.', 'Madrid - Tetuán', 'SI', 'MEJORA DE EMPLEO', 'MAÑANA', 'Seguimiento de prácticas.', '2025-03-30', NULL, 12, 'L-V 15:00-20:00', 'ABANDONO DE LAS PRÁCTICAS', 'INTERRUMPIDAS', '2025-03-30'),
('25EMHA10_0030', 4, 'IBÉRICA COMERCIO 004 S.L.', 'Madrid - Chamartín', 'SI', 'MEJORA DE EMPLEO', 'MAÑANA', NULL, '2025-12-03', '2025-12-27', 8, 'L-V 15:00-20:00', 'PRACTICAS SUPERADAS', 'FINALIZADAS', NULL),
('26EMHA07_0031', 22, 'URBANA COMERCIO 022 S.L.', 'Madrid - Fuencarral-El Pardo', 'SI', 'DESEMPLEADO', 'MAÑANA', NULL, '2025-07-13', '2025-11-05', 9, 'L-V 15:00-20:00', 'PRACTICAS SUPERADAS', 'FINALIZADAS', NULL),
('26EMHA04_0032', 3, 'ALFA GESTIÓN 003 S.L.', 'Madrid - Chamartín', 'SI', 'DESEMPLEADO', 'MAÑANA', NULL, '2024-05-03', '2025-01-02', 9, 'L-V 15:00-20:00', 'PRACTICAS SUPERADAS', 'FINALIZADAS', NULL),
('25EMHA05_0033', 20, 'NUEVA COMERCIO 020 S.L.', 'Madrid - Salamanca', 'SI', 'MEJORA DE EMPLEO', 'INDIFERENTE', 'Seguimiento de prácticas.', '2024-07-25', '2025-05-27', 9, 'L-V 09:00-14:00', 'PRACTICAS SUPERADAS', 'FINALIZADAS', NULL),
('26EMHA01_0034', 21, 'URBANA COMERCIO 021 S.L.', 'Madrid - Fuencarral-El Pardo', 'SI', 'MEJORA DE EMPLEO', 'MAÑANA', NULL, '2024-08-11', NULL, 16, 'L-V 09:00-14:00', 'PRACTICAS SUPERADAS', 'FINALIZADAS', NULL),
('26EMHA06_0035', 15, 'NORTE TECNOLOGÍA 015 S.L.', 'Madrid - Chamartín', 'SI', 'MEJORA DE EMPLEO', 'INDIFERENTE', 'Seguimiento de prácticas.', '2025-09-06', NULL, 16, 'L-V 09:00-14:00', 'PRACTICAS SUPERADAS', 'FINALIZADAS', NULL),
('25EMHA18_0036', 25, 'EXPERTA TECNOLOGÍA 025 S.L.', 'Madrid - Usera', 'SI', 'DESEMPLEADO', 'INDIFERENTE', NULL, '2025-05-16', '2026-02-01', 8, 'L-V 09:00-14:00', 'PRACTICAS SUPERADAS', 'FINALIZADAS', NULL),
('26EMHA08_0037', 17, 'NUEVA TECNOLOGÍA 017 S.L.', 'Madrid - Latina', 'SI', 'MEJORA DE EMPLEO', 'TARDE', NULL, '2024-10-11', '2025-12-06', 16, 'L-V 15:00-20:00', 'PRACTICAS SUPERADAS', 'FINALIZADAS', NULL),
('25EMHA25_0038', 17, 'NUEVA TECNOLOGÍA 017 S.L.', 'Madrid - Chamartín', 'SI', 'DESEMPLEADO', 'TARDE', NULL, '2024-03-09', '2024-04-24', 9, 'L-V 15:00-20:00', 'ABANDONO DE LAS PRÁCTICAS', 'INTERRUMPIDAS', '2024-04-24'),
('26EMHA02_0039', 25, 'EXPERTA TECNOLOGÍA 025 S.L.', 'Madrid - Centro', 'SI', 'DESEMPLEADO', 'MAÑANA', NULL, '2024-09-05', '2024-12-25', 10, 'L-V 15:00-20:00', 'ABANDONO DE LAS PRÁCTICAS', 'INTERRUMPIDAS', '2024-12-25'),
('25EMHA10_0040', 21, 'URBANA COMERCIO 021 S.L.', 'Madrid - Vicálvaro', 'SI', 'MEJORA DE EMPLEO', 'TARDE', 'Seguimiento de prácticas.', '2024-03-11', '2025-12-05', 10, 'L-V 09:00-14:00', 'PRACTICAS SUPERADAS', 'FINALIZADAS', NULL),
('26EMHA03_0041', 28, 'NUEVA GESTIÓN 028 S.L.', 'Madrid - Latina', 'SI', 'MEJORA DE EMPLEO', 'TARDE', NULL, '2025-12-12', '2025-12-27', 12, 'L-V 15:00-20:00', 'PRACTICAS SUPERADAS', 'FINALIZADAS', NULL),
('26EMHA06_0042', NULL, NULL, NULL, 'NO', 'MEJORA DE EMPLEO', 'TARDE', 'Seguimiento de prácticas.', NULL, NULL, NULL, NULL, NULL, 'NO REALIZA PRACTICAS', NULL),
('25EMHA27_0043', 18, 'CENTRAL DISTRIBUCIÓN 018 S.L.', 'Madrid - Moratalaz', 'SI', 'MEJORA DE EMPLEO', 'MAÑANA', NULL, '2025-08-17', '2025-12-14', 12, 'L-V 09:00-14:00', 'PRACTICAS SUPERADAS', 'FINALIZADAS', NULL),
('26EMHA06_0044', NULL, NULL, NULL, 'INSERCION', 'DESEMPLEADO', 'INDIFERENTE', NULL, NULL, NULL, NULL, NULL, NULL, 'INSERCION FORMACION', NULL),
('25EMHA08_0045', 20, 'NUEVA COMERCIO 020 S.L.', 'Madrid - Fuencarral-El Pardo', 'SI', 'DESEMPLEADO', 'MAÑANA', NULL, '2024-01-30', '2024-10-17', 16, 'L-V 09:00-14:00', 'ABANDONO DE LAS PRÁCTICAS', 'INTERRUMPIDAS', '2024-10-17'),
('25EMHA08_0046', NULL, NULL, NULL, 'NO', 'DESEMPLEADO', 'TARDE', NULL, NULL, NULL, NULL, NULL, NULL, 'NO REALIZA PRACTICAS', NULL),
('26EMHA01_0047', 15, 'NORTE TECNOLOGÍA 015 S.L.', 'Madrid - San Blas-Canillejas', 'SI', 'DESEMPLEADO', 'TARDE', NULL, '2024-11-27', '2025-02-03', 8, 'L-V 09:00-14:00', 'PRACTICAS SUPERADAS', 'FINALIZADAS', NULL),
('26EMHA01_0048', 26, 'GLOBAL SERVICIOS 026 S.L.', 'Madrid - Moratalaz', 'SI', 'MEJORA DE EMPLEO', 'MAÑANA', NULL, '2024-12-29', '2025-06-13', 16, 'L-V 09:00-14:00', 'PRACTICAS SUPERADAS', 'FINALIZADAS', NULL),
('25EMHA01_0049', 30, 'CENTRAL TECNOLOGÍA 030 S.L.', 'Madrid - Ciudad Lineal', 'SI', 'DESEMPLEADO', 'INDIFERENTE', NULL, '2025-07-16', '2025-12-15', 12, 'L-V 09:00-14:00', 'PRACTICAS SUPERADAS', 'FINALIZADAS', NULL),
('25EMHA25_0050', 23, 'URBANA SERVICIOS 023 S.L.', 'Madrid - Salamanca', 'SI', 'MEJORA DE EMPLEO', 'INDIFERENTE', NULL, '2024-02-29', '2025-08-05', 9, 'L-V 09:00-14:00', 'ABANDONO DE LAS PRÁCTICAS', 'INTERRUMPIDAS', '2025-08-05'),
('25EMHA13_0051', 20, 'NUEVA COMERCIO 020 S.L.', 'Madrid - Villa de Vallecas', 'SI', 'MEJORA DE EMPLEO', 'MAÑANA', NULL, '2024-06-03', '2025-01-23', 16, 'L-V 09:00-14:00', 'PRACTICAS SUPERADAS', 'FINALIZADAS', NULL),
('26EMHA07_0052', 9, 'NUEVA GESTIÓN 009 S.L.', 'Madrid - Puente de Vallecas', 'SI', 'MEJORA DE EMPLEO', 'TARDE', NULL, '2025-02-17', '2025-03-25', 12, 'L-V 09:00-14:00', 'PRACTICAS SUPERADAS', 'FINALIZADAS', NULL),
('26EMHA03_0053', 29, 'ALFA DISTRIBUCIÓN 029 S.L.', 'Madrid - Fuencarral-El Pardo', 'SI', 'MEJORA DE EMPLEO', 'INDIFERENTE', NULL, '2024-06-04', '2024-07-18', 10, 'L-V 09:00-14:00', 'PRACTICAS SUPERADAS', 'FINALIZADAS', NULL),
('25EMHA10_0054', NULL, NULL, NULL, 'NO', 'DESEMPLEADO', 'TARDE', NULL, NULL, NULL, NULL, NULL, NULL, 'NO REALIZA PRACTICAS', NULL),
('25EMHA01_0055', 12, 'IBÉRICA LOGÍSTICA 012 S.L.', 'Madrid - Chamartín', 'SI', 'DESEMPLEADO', 'TARDE', NULL, '2025-07-25', '2026-01-13', 10, 'L-V 15:00-20:00', 'PRACTICAS SUPERADAS', 'FINALIZADAS', NULL),
('26EMHA09_0056', 11, 'URBANA HOSTELERÍA 011 S.L.', 'Madrid - Chamartín', 'SI', 'MEJORA DE EMPLEO', 'INDIFERENTE', NULL, '2024-05-08', NULL, 10, 'L-V 09:00-14:00', 'ABANDONO DE LAS PRÁCTICAS', 'INTERRUMPIDAS', '2024-05-08'),
('25EMHA20_0057', NULL, NULL, NULL, 'NO', 'DESEMPLEADO', 'TARDE', NULL, NULL, NULL, NULL, NULL, NULL, 'NO REALIZA PRACTICAS', NULL),
('25EMHA20_0058', NULL, NULL, NULL, 'NO', 'DESEMPLEADO', 'MAÑANA', NULL, NULL, NULL, NULL, NULL, NULL, 'NO REALIZA PRACTICAS', NULL),
('26EMHA07_0059', 6, 'CENTRAL COMERCIO 006 S.L.', 'Madrid - Puente de Vallecas', 'SI', 'MEJORA DE EMPLEO', 'INDIFERENTE', NULL, '2024-02-05', '2024-06-21', 16, 'L-V 15:00-20:00', 'PRACTICAS SUPERADAS', 'FINALIZADAS', NULL),
('26EMHA03_0060', 15, 'NORTE TECNOLOGÍA 015 S.L.', 'Madrid - Chamartín', 'SI', 'MEJORA DE EMPLEO', 'TARDE', NULL, '2025-01-25', '2025-12-26', 16, 'L-V 09:00-14:00', 'PRACTICAS SUPERADAS', 'FINALIZADAS', NULL),
('25EMHA20_0061', NULL, NULL, NULL, 'NO', 'MEJORA DE EMPLEO', 'TARDE', NULL, NULL, NULL, NULL, NULL, NULL, 'NO REALIZA PRACTICAS', NULL),
('25EMHA01_0062', 20, 'NUEVA COMERCIO 020 S.L.', 'Madrid - Ciudad Lineal', 'SI', 'MEJORA DE EMPLEO', 'MAÑANA', NULL, '2025-10-09', '2026-01-15', 12, 'L-V 15:00-20:00', 'PRACTICAS SUPERADAS', 'FINALIZADAS', NULL),
('25EMHA29_0063', 24, 'EXPERTA SERVICIOS 024 S.L.', 'Madrid - Puente de Vallecas', 'SI', 'MEJORA DE EMPLEO', 'TARDE', NULL, '2024-02-19', '2024-03-19', 9, 'L-V 09:00-14:00', 'ABANDONO DE LAS PRÁCTICAS', 'INTERRUMPIDAS', '2024-03-19'),
('26EMHA09_0064', 30, 'CENTRAL TECNOLOGÍA 030 S.L.', 'Madrid - Moratalaz', 'SI', 'DESEMPLEADO', 'TARDE', 'Seguimiento de prácticas.', '2025-08-27', '2026-01-08', 9, 'L-V 09:00-14:00', 'PRACTICAS SUPERADAS', 'FINALIZADAS', NULL),
('25EMHA03_0065', 16, 'NORTE DISTRIBUCIÓN 016 S.L.', 'Madrid - Retiro', 'SI', 'MEJORA DE EMPLEO', 'INDIFERENTE', NULL, '2024-01-24', '2025-10-08', 10, 'L-V 15:00-20:00', 'PRACTICAS SUPERADAS', 'FINALIZADAS', NULL),
('26EMHA10_0066', NULL, NULL, NULL, 'NO', 'DESEMPLEADO', 'INDIFERENTE', 'Seguimiento de prácticas.', NULL, NULL, NULL, NULL, NULL, 'NO APTO FORMACION', NULL),
('25EMHA13_0067', 10, 'CENTRAL LOGÍSTICA 010 S.L.', 'Madrid - Salamanca', 'SI', 'MEJORA DE EMPLEO', 'INDIFERENTE', NULL, '2025-07-23', '2025-12-13', 16, 'L-V 09:00-14:00', 'PRACTICAS SUPERADAS', 'FINALIZADAS', NULL),
('25EMHA04_0068', 30, 'CENTRAL TECNOLOGÍA 030 S.L.', 'Madrid - Tetuán', 'SI', 'DESEMPLEADO', 'MAÑANA', NULL, '2025-10-05', '2025-12-05', 12, 'L-V 15:00-20:00', 'PRACTICAS SUPERADAS', 'FINALIZADAS', NULL),
('25EMHA02_0069', 26, 'GLOBAL SERVICIOS 026 S.L.', 'Madrid - Carabanchel', 'SI', 'DESEMPLEADO', 'INDIFERENTE', NULL, '2025-12-30', '2026-01-24', 8, 'L-V 09:00-14:00', 'PRACTICAS SUPERADAS', 'FINALIZADAS', NULL),
('26EMHA04_0070', NULL, NULL, NULL, 'INSERCION', 'DESEMPLEADO', 'TARDE', 'Seguimiento de prácticas.', NULL, NULL, NULL, NULL, NULL, 'INSERCION FORMACION', NULL),
('25EMHA08_0071', 1, 'NORTE COMERCIO 001 S.L.', 'Madrid - Puente de Vallecas', 'SI', 'DESEMPLEADO', 'INDIFERENTE', 'Seguimiento de prácticas.', '2025-07-10', '2025-08-23', 9, 'L-V 15:00-20:00', 'ABANDONO DE LAS PRÁCTICAS', 'INTERRUMPIDAS', '2025-08-23'),
('25EMHA14_0072', 8, 'NORTE SOLUCIONES 008 S.L.', 'Madrid - Retiro', 'SI', 'MEJORA DE EMPLEO', 'TARDE', 'Seguimiento de prácticas.', '2024-12-22', '2025-07-13', 9, 'L-V 15:00-20:00', 'PRACTICAS SUPERADAS', 'FINALIZADAS', NULL),
('25EMHA27_0073', 17, 'NUEVA TECNOLOGÍA 017 S.L.', 'Madrid - San Blas-Canillejas', 'SI', 'MEJORA DE EMPLEO', 'INDIFERENTE', 'Seguimiento de prácticas.', '2024-09-16', '2025-10-04', 8, 'L-V 09:00-14:00', 'ABANDONO DE LAS PRÁCTICAS', 'INTERRUMPIDAS', '2025-10-04'),
('25EMHA14_0074', 26, 'GLOBAL SERVICIOS 026 S.L.', 'Madrid - Usera', 'SI', 'DESEMPLEADO', 'TARDE', 'Seguimiento de prácticas.', '2025-07-11', NULL, 9, 'L-V 09:00-14:00', 'PRACTICAS SUPERADAS', 'FINALIZADAS', NULL),
('26EMHA08_0075', 13, 'GLOBAL DISTRIBUCIÓN 013 S.L.', 'Madrid - Usera', 'SI', 'DESEMPLEADO', 'INDIFERENTE', NULL, '2025-03-19', '2026-01-14', 16, 'L-V 15:00-20:00', 'ABANDONO DE LAS PRÁCTICAS', 'INTERRUMPIDAS', '2026-01-14'),
('25EMHA14_0076', NULL, NULL, NULL, 'NO', 'MEJORA DE EMPLEO', 'INDIFERENTE', NULL, NULL, NULL, NULL, NULL, NULL, 'NO REALIZA PRACTICAS', NULL),
('25EMHA13_0077', 18, 'CENTRAL DISTRIBUCIÓN 018 S.L.', 'Madrid - Moratalaz', 'SI', 'DESEMPLEADO', 'TARDE', NULL, '2024-01-06', '2024-07-01', 12, 'L-V 09:00-14:00', 'PRACTICAS SUPERADAS', 'FINALIZADAS', NULL),
('25EMHA08_0078', 20, 'NUEVA COMERCIO 020 S.L.', 'Madrid - Salamanca', 'SI', 'MEJORA DE EMPLEO', 'TARDE', NULL, '2024-10-09', '2025-06-03', 16, 'L-V 15:00-20:00', 'PRACTICAS SUPERADAS', 'FINALIZADAS', NULL),
('25EMHA24_0079', 11, 'URBANA HOSTELERÍA 011 S.L.', 'Madrid - Moratalaz', 'SI', 'DESEMPLEADO', 'TARDE', NULL, '2024-01-30', '2025-06-14', 9, 'L-V 09:00-14:00', 'PRACTICAS SUPERADAS', 'FINALIZADAS', NULL),
('26EMHA05_0080', NULL, NULL, NULL, 'INSERCION', 'MEJORA DE EMPLEO', 'TARDE', NULL, NULL, NULL, NULL, NULL, NULL, 'INSERCION FORMACION', NULL),
('25EMHA24_0081', NULL, NULL, NULL, 'INSERCION', 'DESEMPLEADO', 'TARDE', 'Seguimiento de prácticas.', NULL, NULL, NULL, NULL, NULL, 'INSERCION FORMACION', NULL),
('26EMHA07_0082', 1, 'NORTE COMERCIO 001 S.L.', 'Madrid - Centro', 'SI', 'MEJORA DE EMPLEO', 'INDIFERENTE', NULL, '2025-06-15', '2025-11-12', 12, 'L-V 09:00-14:00', 'PRACTICAS SUPERADAS', 'FINALIZADAS', NULL),
('26EMHA11_0083', 8, 'NORTE SOLUCIONES 008 S.L.', 'Madrid - Carabanchel', 'SI', 'DESEMPLEADO', 'TARDE', 'Seguimiento de prácticas.', '2024-10-16', '2025-07-01', 10, 'L-V 09:00-14:00', 'PRACTICAS SUPERADAS', 'FINALIZADAS', NULL),
('25EMHA06_0084', 30, 'CENTRAL TECNOLOGÍA 030 S.L.', 'Madrid - Puente de Vallecas', 'SI', 'DESEMPLEADO', 'INDIFERENTE', NULL, '2025-02-27', '2025-11-01', 9, 'L-V 09:00-14:00', 'PRACTICAS SUPERADAS', 'FINALIZADAS', NULL),
('25EMHA04_0085', 22, 'URBANA COMERCIO 022 S.L.', 'Madrid - Carabanchel', 'SI', 'DESEMPLEADO', 'MAÑANA', 'Seguimiento de prácticas.', '2025-09-16', '2025-09-30', 16, 'L-V 15:00-20:00', 'PRACTICAS SUPERADAS', 'FINALIZADAS', NULL),
('26EMHA03_0086', 27, 'EXPERTA COMERCIO 027 S.L.', 'Madrid - Chamartín', 'SI', 'DESEMPLEADO', 'TARDE', NULL, '2025-11-19', '2026-01-03', 8, 'L-V 09:00-14:00', 'ABANDONO DE LAS PRÁCTICAS', 'INTERRUMPIDAS', '2026-01-03'),
('25EMHA28_0087', 15, 'NORTE TECNOLOGÍA 015 S.L.', 'Madrid - Moratalaz', 'SI', 'MEJORA DE EMPLEO', 'TARDE', 'Seguimiento de prácticas.', '2024-06-13', '2025-06-01', 9, 'L-V 09:00-14:00', 'PRACTICAS SUPERADAS', 'FINALIZADAS', NULL),
('26EMHA12_0088', 27, 'EXPERTA COMERCIO 027 S.L.', 'Madrid - Carabanchel', 'SI', 'MEJORA DE EMPLEO', 'INDIFERENTE', NULL, '2024-09-19', '2025-09-22', 8, 'L-V 09:00-14:00', 'PRACTICAS SUPERADAS', 'FINALIZADAS', NULL),
('26EMHA08_0089', 20, 'NUEVA COMERCIO 020 S.L.', 'Madrid - Vicálvaro', 'SI', 'DESEMPLEADO', 'TARDE', NULL, '2025-08-16', '2025-11-29', 10, 'L-V 09:00-14:00', 'PRACTICAS SUPERADAS', 'FINALIZADAS', NULL),
('25EMHA16_0090', 11, 'URBANA HOSTELERÍA 011 S.L.', 'Madrid - Tetuán', 'SI', 'DESEMPLEADO', 'INDIFERENTE', NULL, '2025-07-01', '2025-12-20', 8, 'L-V 09:00-14:00', 'PRACTICAS SUPERADAS', 'FINALIZADAS', NULL),
('25EMHA29_0091', NULL, NULL, NULL, 'NO', 'DESEMPLEADO', 'MAÑANA', NULL, NULL, NULL, NULL, NULL, NULL, 'NO REALIZA PRACTICAS', NULL),
('25EMHA20_0092', 6, 'CENTRAL COMERCIO 006 S.L.', 'Madrid - Villa de Vallecas', 'SI', 'DESEMPLEADO', 'TARDE', 'Seguimiento de prácticas.', '2024-07-27', '2024-12-26', 9, 'L-V 15:00-20:00', 'PRACTICAS SUPERADAS', 'FINALIZADAS', NULL),
('26EMHA11_0093', 15, 'NORTE TECNOLOGÍA 015 S.L.', 'Madrid - Fuencarral-El Pardo', 'SI', 'DESEMPLEADO', 'INDIFERENTE', NULL, '2025-09-13', '2025-09-19', 9, 'L-V 15:00-20:00', 'PRACTICAS SUPERADAS', 'FINALIZADAS', NULL),
('25EMHA23_0094', NULL, NULL, NULL, 'NO', 'MEJORA DE EMPLEO', 'INDIFERENTE', 'Seguimiento de prácticas.', NULL, NULL, NULL, NULL, NULL, 'NO APTO FORMACION', NULL),
('25EMHA10_0095', 5, 'NORTE TECNOLOGÍA 005 S.L.', 'Madrid - Barajas', 'SI', 'DESEMPLEADO', 'INDIFERENTE', NULL, '2024-12-29', '2025-11-22', 10, 'L-V 15:00-20:00', 'PRACTICAS SUPERADAS', 'FINALIZADAS', NULL),
('25EMHA02_0096', 15, 'NORTE TECNOLOGÍA 015 S.L.', 'Madrid - San Blas-Canillejas', 'SI', 'DESEMPLEADO', 'MAÑANA', 'Seguimiento de prácticas.', '2025-02-04', '2025-05-23', 10, 'L-V 09:00-14:00', 'PRACTICAS SUPERADAS', 'FINALIZADAS', NULL),
('26EMHA11_0097', 3, 'ALFA GESTIÓN 003 S.L.', 'Madrid - Salamanca', 'SI', 'MEJORA DE EMPLEO', 'MAÑANA', NULL, '2026-01-10', '2026-01-30', 16, 'L-V 09:00-14:00', 'PRACTICAS SUPERADAS', 'FINALIZADAS', NULL),
('25EMHA09_0098', 17, 'NUEVA TECNOLOGÍA 017 S.L.', 'Madrid - Arganzuela', 'SI', 'DESEMPLEADO', 'TARDE', NULL, '2025-12-05', NULL, 9, 'L-V 15:00-20:00', 'ABANDONO DE LAS PRÁCTICAS', 'INTERRUMPIDAS', '2025-12-05'),
('25EMHA01_0099', 27, 'EXPERTA COMERCIO 027 S.L.', 'Madrid - Fuencarral-El Pardo', 'SI', 'MEJORA DE EMPLEO', 'INDIFERENTE', 'Seguimiento de prácticas.', '2024-08-19', '2024-09-26', 9, 'L-V 15:00-20:00', 'ABANDONO DE LAS PRÁCTICAS', 'INTERRUMPIDAS', '2024-09-26'),
('26EMHA05_0100', 25, 'EXPERTA TECNOLOGÍA 025 S.L.', 'Madrid - Hortaleza', 'SI', 'DESEMPLEADO', 'TARDE', NULL, '2025-07-19', '2026-01-07', 8, 'L-V 09:00-14:00', 'ABANDONO DE LAS PRÁCTICAS', 'INTERRUMPIDAS', '2026-01-07'),
('26EMHA01_0101', 16, 'NORTE DISTRIBUCIÓN 016 S.L.', 'Madrid - Fuencarral-El Pardo', 'SI', 'MEJORA DE EMPLEO', 'INDIFERENTE', NULL, '2024-08-18', '2025-07-09', 10, 'L-V 09:00-14:00', 'PRACTICAS SUPERADAS', 'FINALIZADAS', NULL),
('26EMHA06_0102', 8, 'NORTE SOLUCIONES 008 S.L.', 'Madrid - Barajas', 'SI', 'DESEMPLEADO', 'TARDE', NULL, '2025-03-31', '2025-08-30', 9, 'L-V 09:00-14:00', 'PRACTICAS SUPERADAS', 'FINALIZADAS', NULL),
('26EMHA01_0103', 26, 'GLOBAL SERVICIOS 026 S.L.', 'Madrid - Carabanchel', 'SI', 'DESEMPLEADO', 'INDIFERENTE', 'Seguimiento de prácticas.', '2025-01-21', '2025-10-24', 10, 'L-V 15:00-20:00', 'PRACTICAS SUPERADAS', 'FINALIZADAS', NULL),
('25EMHA22_0104', 6, 'CENTRAL COMERCIO 006 S.L.', 'Madrid - Villaverde', 'SI', 'DESEMPLEADO', 'TARDE', 'Seguimiento de prácticas.', '2024-01-01', '2025-09-19', 16, 'L-V 15:00-20:00', 'PRACTICAS SUPERADAS', 'FINALIZADAS', NULL),
('25EMHA06_0105', NULL, NULL, NULL, 'INSERCION', 'MEJORA DE EMPLEO', 'TARDE', NULL, NULL, NULL, NULL, NULL, NULL, 'INSERCION FORMACION', NULL),
('26EMHA12_0106', 15, 'NORTE TECNOLOGÍA 015 S.L.', 'Madrid - Arganzuela', 'SI', 'DESEMPLEADO', 'INDIFERENTE', 'Seguimiento de prácticas.', '2024-11-12', NULL, 12, 'L-V 09:00-14:00', 'ABANDONO DE LAS PRÁCTICAS', 'INTERRUMPIDAS', '2024-11-12'),
('25EMHA02_0107', 2, 'URBANA HOSTELERÍA 002 S.L.', 'Madrid - Arganzuela', 'SI', 'DESEMPLEADO', 'INDIFERENTE', NULL, '2025-12-28', '2026-01-05', 9, 'L-V 09:00-14:00', 'PRACTICAS SUPERADAS', 'FINALIZADAS', NULL),
('26EMHA04_0108', 7, 'EXPERTA GESTIÓN 007 S.L.', 'Madrid - Hortaleza', 'SI', 'MEJORA DE EMPLEO', 'MAÑANA', NULL, '2024-12-17', '2026-01-25', 12, 'L-V 15:00-20:00', 'ABANDONO DE LAS PRÁCTICAS', 'INTERRUMPIDAS', '2026-01-25'),
('26EMHA11_0109', 5, 'NORTE TECNOLOGÍA 005 S.L.', 'Madrid - Fuencarral-El Pardo', 'SI', 'MEJORA DE EMPLEO', 'MAÑANA', NULL, '2024-08-23', '2025-11-07', 9, 'L-V 09:00-14:00', 'PRACTICAS SUPERADAS', 'FINALIZADAS', NULL),
('26EMHA10_0110', 14, 'URBANA COMERCIO 014 S.L.', 'Madrid - Tetuán', 'SI', 'MEJORA DE EMPLEO', 'MAÑANA', NULL, '2025-12-15', '2025-12-27', 10, 'L-V 09:00-14:00', 'PRACTICAS SUPERADAS', 'FINALIZADAS', NULL),
('25EMHA28_0111', NULL, NULL, NULL, 'NO', 'MEJORA DE EMPLEO', 'MAÑANA', 'Seguimiento de prácticas.', NULL, NULL, NULL, NULL, NULL, 'NO REALIZA PRACTICAS', NULL),
('25EMHA18_0112', 12, 'IBÉRICA LOGÍSTICA 012 S.L.', 'Madrid - Moratalaz', 'SI', 'MEJORA DE EMPLEO', 'INDIFERENTE', NULL, '2025-11-16', NULL, 8, 'L-V 09:00-14:00', 'PRACTICAS SUPERADAS', 'FINALIZADAS', NULL),
('25EMHA05_0113', 13, 'GLOBAL DISTRIBUCIÓN 013 S.L.', 'Madrid - Moratalaz', 'SI', 'DESEMPLEADO', 'MAÑANA', NULL, '2025-06-02', '2025-09-16', 8, 'L-V 09:00-14:00', 'PRACTICAS SUPERADAS', 'FINALIZADAS', NULL),
('26EMHA04_0114', NULL, NULL, NULL, 'INSERCION', 'DESEMPLEADO', 'INDIFERENTE', NULL, NULL, NULL, NULL, NULL, NULL, 'INSERCION FORMACION', NULL),
('25EMHA29_0115', 2, 'URBANA HOSTELERÍA 002 S.L.', 'Madrid - Salamanca', 'SI', 'MEJORA DE EMPLEO', 'INDIFERENTE', NULL, '2024-11-03', '2025-10-31', 16, 'L-V 15:00-20:00', 'PRACTICAS SUPERADAS', 'FINALIZADAS', NULL),
('26EMHA11_0116', 29, 'ALFA DISTRIBUCIÓN 029 S.L.', 'Madrid - Carabanchel', 'SI', 'MEJORA DE EMPLEO', 'TARDE', NULL, '2024-10-19', '2025-08-24', 16, 'L-V 09:00-14:00', 'PRACTICAS SUPERADAS', 'FINALIZADAS', NULL),
('26EMHA05_0117', NULL, NULL, NULL, 'INSERCION', 'DESEMPLEADO', 'INDIFERENTE', NULL, NULL, NULL, NULL, NULL, NULL, 'INSERCION FORMACION', NULL),
('25EMHA16_0118', NULL, NULL, NULL, 'INSERCION', 'MEJORA DE EMPLEO', 'INDIFERENTE', NULL, NULL, NULL, NULL, NULL, NULL, 'INSERCION FORMACION', NULL),
('25EMHA08_0119', 22, 'URBANA COMERCIO 022 S.L.', 'Madrid - Vicálvaro', 'SI', 'MEJORA DE EMPLEO', 'TARDE', NULL, '2025-12-22', '2026-01-20', 9, 'L-V 09:00-14:00', 'PRACTICAS SUPERADAS', 'FINALIZADAS', NULL),
('25EMHA13_0120', 6, 'CENTRAL COMERCIO 006 S.L.', 'Madrid - Hortaleza', 'SI', 'DESEMPLEADO', 'TARDE', 'Seguimiento de prácticas.', '2025-11-02', '2025-12-28', 12, 'L-V 15:00-20:00', 'PRACTICAS SUPERADAS', 'FINALIZADAS', NULL),
('25EMHA05_0121', 19, 'GLOBAL LOGÍSTICA 019 S.L.', 'Madrid - Villaverde', 'SI', 'DESEMPLEADO', 'INDIFERENTE', NULL, '2024-11-19', '2025-04-11', 16, 'L-V 09:00-14:00', 'PRACTICAS SUPERADAS', 'FINALIZADAS', NULL),
('26EMHA07_0122', 6, 'CENTRAL COMERCIO 006 S.L.', 'Madrid - Villaverde', 'SI', 'DESEMPLEADO', 'MAÑANA', 'Seguimiento de prácticas.', '2025-07-21', '2025-09-09', 12, 'L-V 09:00-14:00', 'PRACTICAS SUPERADAS', 'FINALIZADAS', NULL),
('25EMHA11_0123', 22, 'URBANA COMERCIO 022 S.L.', 'Madrid - Hortaleza', 'SI', 'MEJORA DE EMPLEO', 'TARDE', 'Seguimiento de prácticas.', '2024-09-06', '2025-03-25', 16, 'L-V 09:00-14:00', 'ABANDONO DE LAS PRÁCTICAS', 'INTERRUMPIDAS', '2025-03-25'),
('25EMHA27_0124', 21, 'URBANA COMERCIO 021 S.L.', 'Madrid - Barajas', 'SI', 'MEJORA DE EMPLEO', 'INDIFERENTE', NULL, '2024-02-12', '2025-12-24', 16, 'L-V 09:00-14:00', 'PRACTICAS SUPERADAS', 'FINALIZADAS', NULL),
('25EMHA26_0125', 20, 'NUEVA COMERCIO 020 S.L.', 'Madrid - Retiro', 'SI', 'MEJORA DE EMPLEO', 'TARDE', NULL, '2025-03-25', '2025-07-16', 9, 'L-V 09:00-14:00', 'ABANDONO DE LAS PRÁCTICAS', 'INTERRUMPIDAS', '2025-07-16'),
('25EMHA08_0126', 12, 'IBÉRICA LOGÍSTICA 012 S.L.', 'Madrid - Vicálvaro', 'SI', 'DESEMPLEADO', 'MAÑANA', 'Seguimiento de prácticas.', '2026-01-07', NULL, 12, 'L-V 09:00-14:00', 'PRACTICAS SUPERADAS', 'FINALIZADAS', NULL),
('25EMHA07_0127', NULL, NULL, NULL, 'NO', 'DESEMPLEADO', 'MAÑANA', 'Seguimiento de prácticas.', NULL, NULL, NULL, NULL, NULL, 'NO APTO FORMACION', NULL),
('26EMHA02_0128', 24, 'EXPERTA SERVICIOS 024 S.L.', 'Madrid - Retiro', 'SI', 'DESEMPLEADO', 'INDIFERENTE', NULL, '2024-02-25', '2025-07-09', 8, 'L-V 09:00-14:00', 'PRACTICAS SUPERADAS', 'FINALIZADAS', NULL),
('25EMHA08_0129', NULL, NULL, NULL, 'NO', 'DESEMPLEADO', 'INDIFERENTE', 'Seguimiento de prácticas.', NULL, NULL, NULL, NULL, NULL, 'NO REALIZA PRACTICAS', NULL),
('25EMHA26_0130', 22, 'URBANA COMERCIO 022 S.L.', 'Madrid - Barajas', 'SI', 'DESEMPLEADO', 'TARDE', NULL, '2024-12-29', '2025-11-24', 8, 'L-V 09:00-14:00', 'PRACTICAS SUPERADAS', 'FINALIZADAS', NULL),
('26EMHA11_0131', 14, 'URBANA COMERCIO 014 S.L.', 'Madrid - Tetuán', 'SI', 'DESEMPLEADO', 'TARDE', NULL, '2025-09-03', '2025-09-04', 12, 'L-V 15:00-20:00', 'PRACTICAS SUPERADAS', 'FINALIZADAS', NULL),
('25EMHA21_0132', 13, 'GLOBAL DISTRIBUCIÓN 013 S.L.', 'Madrid - Villaverde', 'SI', 'DESEMPLEADO', 'INDIFERENTE', NULL, '2025-12-24', '2026-01-30', 8, 'L-V 09:00-14:00', 'PRACTICAS SUPERADAS', 'FINALIZADAS', NULL),
('25EMHA14_0133', NULL, NULL, NULL, 'NO', 'DESEMPLEADO', 'INDIFERENTE', NULL, NULL, NULL, NULL, NULL, NULL, 'NO REALIZA PRACTICAS', NULL),
('25EMHA11_0134', 30, 'CENTRAL TECNOLOGÍA 030 S.L.', 'Madrid - Ciudad Lineal', 'SI', 'DESEMPLEADO', 'TARDE', NULL, '2024-12-19', '2025-09-24', 9, 'L-V 09:00-14:00', 'PRACTICAS SUPERADAS', 'FINALIZADAS', NULL),
('25EMHA25_0135', NULL, NULL, NULL, 'NO', 'MEJORA DE EMPLEO', 'INDIFERENTE', NULL, NULL, NULL, NULL, NULL, NULL, 'NO APTO FORMACION', NULL);

INSERT INTO interviews (student_id, place, interview_date, status, notes) VALUES
(1, 'EXPERTA GESTIÓN 007 S.L. - RRHH', '2025-08-06', 'attended', NULL),
(2, 'URBANA HOSTELERÍA 002 S.L. - RRHH', '2025-07-31', 'sent', NULL),
(3, 'ALFA GESTIÓN 003 S.L. - RRHH', '2025-01-18', 'sent', NULL),
(3, 'NUEVA COMERCIO 020 S.L. - RRHH', '2025-05-17', 'sent', NULL),
(4, 'NORTE TECNOLOGÍA 015 S.L. - RRHH', '2025-05-08', 'sent', NULL),
(5, 'NUEVA TECNOLOGÍA 017 S.L. - RRHH', '2025-12-18', 'sent', NULL),
(6, 'NORTE TECNOLOGÍA 015 S.L. - RRHH', '2025-08-29', 'sent', NULL),
(6, 'URBANA COMERCIO 022 S.L. - RRHH', '2025-12-09', 'sent', NULL),
(6, 'NORTE COMERCIO 001 S.L. - RRHH', '2025-10-04', 'sent', NULL),
(7, 'NORTE SOLUCIONES 008 S.L. - RRHH', '2025-09-26', 'attended', NULL),
(8, 'CENTRAL COMERCIO 006 S.L. - RRHH', '2025-08-17', 'sent', NULL),
(8, 'NORTE TECNOLOGÍA 015 S.L. - RRHH', '2025-10-03', 'sent', NULL),
(8, 'NUEVA GESTIÓN 009 S.L. - RRHH', '2025-06-27', 'sent', NULL),
(9, 'NUEVA TECNOLOGÍA 017 S.L. - RRHH', '2025-04-05', 'attended', NULL),
(9, 'NUEVA GESTIÓN 009 S.L. - RRHH', '2025-10-27', 'attended', NULL),
(9, 'IBÉRICA COMERCIO 004 S.L. - RRHH', '2025-09-28', 'no_show', 'No asistió. Reprogramar si procede.'),
(10, 'CENTRAL TECNOLOGÍA 030 S.L. - RRHH', '2025-07-01', 'sent', NULL),
(10, 'NORTE DISTRIBUCIÓN 016 S.L. - RRHH', '2025-03-25', 'attended', NULL),
(11, 'URBANA COMERCIO 021 S.L. - RRHH', '2025-03-26', 'attended', NULL),
(11, 'NORTE SOLUCIONES 008 S.L. - RRHH', '2025-05-13', 'sent', NULL),
(12, 'NUEVA COMERCIO 020 S.L. - RRHH', '2025-12-21', 'attended', NULL),
(13, 'NUEVA GESTIÓN 009 S.L. - RRHH', '2026-01-31', 'sent', NULL),
(13, 'URBANA COMERCIO 021 S.L. - RRHH', '2025-09-29', 'no_show', 'No asistió. Reprogramar si procede.'),
(14, 'URBANA COMERCIO 022 S.L. - RRHH', '2025-11-06', 'sent', NULL),
(14, 'EXPERTA GESTIÓN 007 S.L. - RRHH', '2025-07-27', 'sent', NULL),
(15, 'ALFA GESTIÓN 003 S.L. - RRHH', '2025-07-05', 'sent', NULL),
(16, 'NORTE DISTRIBUCIÓN 016 S.L. - RRHH', '2025-05-14', 'sent', NULL),
(16, 'URBANA HOSTELERÍA 011 S.L. - RRHH', '2025-03-26', 'sent', NULL),
(17, 'EXPERTA SERVICIOS 024 S.L. - RRHH', '2025-06-17', 'attended', NULL),
(17, 'URBANA COMERCIO 022 S.L. - RRHH', '2026-01-12', 'sent', NULL),
(18, 'URBANA COMERCIO 021 S.L. - RRHH', '2025-12-27', 'attended', NULL),
(18, 'NORTE DISTRIBUCIÓN 016 S.L. - RRHH', '2025-12-14', 'sent', NULL),
(18, 'NORTE TECNOLOGÍA 015 S.L. - RRHH', '2025-11-19', 'sent', NULL),
(19, 'CENTRAL COMERCIO 006 S.L. - RRHH', '2026-01-18', 'sent', NULL),
(19, 'NORTE TECNOLOGÍA 005 S.L. - RRHH', '2025-05-19', 'attended', NULL),
(19, 'NUEVA GESTIÓN 028 S.L. - RRHH', '2025-12-07', 'no_show', 'No asistió. Reprogramar si procede.'),
(20, 'GLOBAL SERVICIOS 026 S.L. - RRHH', '2025-11-14', 'attended', NULL),
(20, 'URBANA HOSTELERÍA 002 S.L. - RRHH', '2025-11-06', 'attended', NULL),
(20, 'EXPERTA COMERCIO 027 S.L. - RRHH', '2025-03-19', 'attended', NULL),
(21, 'EXPERTA TECNOLOGÍA 025 S.L. - RRHH', '2025-03-06', 'no_show', 'No asistió. Reprogramar si procede.'),
(22, 'NORTE COMERCIO 001 S.L. - RRHH', '2025-12-28', 'attended', NULL),
(22, 'EXPERTA SERVICIOS 024 S.L. - RRHH', '2025-02-07', 'no_show', 'No asistió. Reprogramar si procede.'),
(23, 'EXPERTA TECNOLOGÍA 025 S.L. - RRHH', '2025-10-01', 'no_show', 'No asistió. Reprogramar si procede.'),
(23, 'IBÉRICA COMERCIO 004 S.L. - RRHH', '2025-12-28', 'no_show', 'No asistió. Reprogramar si procede.'),
(23, 'CENTRAL COMERCIO 006 S.L. - RRHH', '2025-04-19', 'attended', NULL),
(24, 'URBANA COMERCIO 014 S.L. - RRHH', '2025-07-22', 'sent', NULL),
(24, 'ALFA GESTIÓN 003 S.L. - RRHH', '2025-12-04', 'attended', NULL),
(24, 'URBANA COMERCIO 021 S.L. - RRHH', '2025-06-16', 'no_show', 'No asistió. Reprogramar si procede.'),
(25, 'NUEVA COMERCIO 020 S.L. - RRHH', '2025-10-13', 'no_show', 'No asistió. Reprogramar si procede.'),
(26, 'EXPERTA SERVICIOS 024 S.L. - RRHH', '2025-06-04', 'sent', NULL),
(26, 'URBANA HOSTELERÍA 002 S.L. - RRHH', '2025-01-02', 'attended', NULL),
(26, 'NORTE TECNOLOGÍA 015 S.L. - RRHH', '2025-07-24', 'attended', NULL),
(27, 'CENTRAL DISTRIBUCIÓN 018 S.L. - RRHH', '2025-08-22', 'sent', NULL),
(28, 'NUEVA GESTIÓN 028 S.L. - RRHH', '2025-06-28', 'sent', NULL),
(29, 'NORTE TECNOLOGÍA 015 S.L. - RRHH', '2025-07-09', 'sent', NULL),
(29, 'ALFA GESTIÓN 003 S.L. - RRHH', '2025-01-31', 'sent', NULL),
(30, 'GLOBAL SERVICIOS 026 S.L. - RRHH', '2025-07-08', 'no_show', 'No asistió. Reprogramar si procede.'),
(30, 'NUEVA COMERCIO 020 S.L. - RRHH', '2025-05-08', 'attended', NULL),
(30, 'NUEVA GESTIÓN 009 S.L. - RRHH', '2025-12-22', 'sent', NULL),
(31, 'GLOBAL SERVICIOS 026 S.L. - RRHH', '2025-12-17', 'sent', NULL),
(32, 'URBANA COMERCIO 022 S.L. - RRHH', '2025-09-21', 'attended', NULL),
(33, 'URBANA HOSTELERÍA 011 S.L. - RRHH', '2025-11-26', 'sent', NULL),
(33, 'NORTE COMERCIO 001 S.L. - RRHH', '2025-12-28', 'sent', NULL),
(33, 'URBANA COMERCIO 021 S.L. - RRHH', '2026-01-25', 'sent', NULL),
(34, 'IBÉRICA LOGÍSTICA 012 S.L. - RRHH', '2025-03-14', 'no_show', 'No asistió. Reprogramar si procede.'),
(34, 'ALFA DISTRIBUCIÓN 029 S.L. - RRHH', '2025-01-03', 'sent', NULL),
(35, 'URBANA HOSTELERÍA 002 S.L. - RRHH', '2026-01-19', 'sent', NULL),
(36, 'NUEVA COMERCIO 020 S.L. - RRHH', '2025-01-10', 'attended', NULL),
(36, 'EXPERTA GESTIÓN 007 S.L. - RRHH', '2025-10-07', 'attended', NULL),
(36, 'EXPERTA TECNOLOGÍA 025 S.L. - RRHH', '2025-06-01', 'no_show', 'No asistió. Reprogramar si procede.'),
(37, 'URBANA HOSTELERÍA 011 S.L. - RRHH', '2025-12-01', 'no_show', 'No asistió. Reprogramar si procede.'),
(38, 'IBÉRICA COMERCIO 004 S.L. - RRHH', '2025-07-01', 'attended', NULL),
(39, 'NUEVA GESTIÓN 028 S.L. - RRHH', '2025-11-11', 'sent', NULL),
(39, 'NUEVA GESTIÓN 009 S.L. - RRHH', '2025-10-29', 'sent', NULL),
(40, 'CENTRAL DISTRIBUCIÓN 018 S.L. - RRHH', '2025-05-05', 'sent', NULL),
(40, 'NUEVA TECNOLOGÍA 017 S.L. - RRHH', '2025-03-25', 'attended', NULL),
(40, 'NORTE COMERCIO 001 S.L. - RRHH', '2025-05-11', 'sent', NULL),
(41, 'URBANA HOSTELERÍA 002 S.L. - RRHH', '2025-04-14', 'sent', NULL),
(42, 'ALFA GESTIÓN 003 S.L. - RRHH', '2025-05-27', 'sent', NULL),
(43, 'GLOBAL LOGÍSTICA 019 S.L. - RRHH', '2025-10-06', 'sent', NULL),
(43, 'URBANA COMERCIO 014 S.L. - RRHH', '2025-03-29', 'sent', NULL),
(43, 'URBANA COMERCIO 014 S.L. - RRHH', '2025-02-21', 'sent', NULL),
(44, 'EXPERTA TECNOLOGÍA 025 S.L. - RRHH', '2025-08-06', 'sent', NULL),
(44, 'GLOBAL DISTRIBUCIÓN 013 S.L. - RRHH', '2025-04-15', 'sent', NULL),
(45, 'GLOBAL SERVICIOS 026 S.L. - RRHH', '2025-11-22', 'attended', NULL),
(45, 'NORTE COMERCIO 001 S.L. - RRHH', '2025-06-06', 'no_show', 'No asistió. Reprogramar si procede.'),
(46, 'URBANA COMERCIO 022 S.L. - RRHH', '2025-12-04', 'sent', NULL),
(46, 'CENTRAL DISTRIBUCIÓN 018 S.L. - RRHH', '2025-04-08', 'attended', NULL),
(47, 'NUEVA GESTIÓN 009 S.L. - RRHH', '2025-05-04', 'sent', NULL),
(47, 'GLOBAL LOGÍSTICA 019 S.L. - RRHH', '2026-01-06', 'attended', NULL),
(48, 'NUEVA GESTIÓN 028 S.L. - RRHH', '2025-06-06', 'sent', NULL),
(48, 'NUEVA GESTIÓN 009 S.L. - RRHH', '2025-10-18', 'sent', NULL),
(48, 'EXPERTA SERVICIOS 024 S.L. - RRHH', '2025-06-27', 'attended', NULL),
(49, 'EXPERTA SERVICIOS 024 S.L. - RRHH', '2025-10-27', 'attended', NULL),
(50, 'NORTE TECNOLOGÍA 005 S.L. - RRHH', '2025-09-07', 'no_show', 'No asistió. Reprogramar si procede.'),
(51, 'EXPERTA GESTIÓN 007 S.L. - RRHH', '2025-04-27', 'sent', NULL),
(51, 'CENTRAL TECNOLOGÍA 030 S.L. - RRHH', '2025-03-08', 'no_show', 'No asistió. Reprogramar si procede.'),
(51, 'CENTRAL COMERCIO 006 S.L. - RRHH', '2025-09-24', 'attended', NULL),
(52, 'CENTRAL LOGÍSTICA 010 S.L. - RRHH', '2025-02-16', 'sent', NULL),
(52, 'IBÉRICA LOGÍSTICA 012 S.L. - RRHH', '2025-03-07', 'sent', NULL),
(53, 'URBANA HOSTELERÍA 011 S.L. - RRHH', '2025-06-21', 'sent', NULL),
(54, 'NORTE TECNOLOGÍA 005 S.L. - RRHH', '2025-07-24', 'sent', NULL),
(54, 'URBANA COMERCIO 014 S.L. - RRHH', '2025-01-04', 'sent', NULL),
(54, 'NORTE COMERCIO 001 S.L. - RRHH', '2025-03-07', 'sent', NULL),
(55, 'EXPERTA COMERCIO 027 S.L. - RRHH', '2025-02-28', 'no_show', 'No asistió. Reprogramar si procede.'),
(55, 'GLOBAL LOGÍSTICA 019 S.L. - RRHH', '2025-11-12', 'no_show', 'No asistió. Reprogramar si procede.'),
(55, 'GLOBAL LOGÍSTICA 019 S.L. - RRHH', '2025-08-23', 'attended', NULL),
(56, 'IBÉRICA LOGÍSTICA 012 S.L. - RRHH', '2025-09-28', 'sent', NULL),
(57, 'NUEVA COMERCIO 020 S.L. - RRHH', '2025-11-23', 'sent', NULL),
(58, 'NORTE TECNOLOGÍA 015 S.L. - RRHH', '2025-01-24', 'attended', NULL),
(58, 'EXPERTA COMERCIO 027 S.L. - RRHH', '2025-04-25', 'sent', NULL),
(59, 'GLOBAL DISTRIBUCIÓN 013 S.L. - RRHH', '2025-06-07', 'sent', NULL),
(59, 'URBANA COMERCIO 022 S.L. - RRHH', '2025-01-18', 'sent', NULL),
(60, 'CENTRAL LOGÍSTICA 010 S.L. - RRHH', '2025-09-08', 'attended', NULL),
(61, 'NORTE DISTRIBUCIÓN 016 S.L. - RRHH', '2025-06-29', 'attended', NULL),
(62, 'IBÉRICA LOGÍSTICA 012 S.L. - RRHH', '2025-03-07', 'sent', NULL),
(63, 'CENTRAL TECNOLOGÍA 030 S.L. - RRHH', '2025-07-14', 'sent', NULL),
(63, 'CENTRAL TECNOLOGÍA 030 S.L. - RRHH', '2025-05-04', 'sent', NULL),
(64, 'URBANA COMERCIO 014 S.L. - RRHH', '2025-07-06', 'sent', NULL),
(64, 'URBANA COMERCIO 014 S.L. - RRHH', '2025-05-14', 'attended', NULL),
(64, 'EXPERTA TECNOLOGÍA 025 S.L. - RRHH', '2025-10-13', 'sent', NULL),
(65, 'NORTE TECNOLOGÍA 005 S.L. - RRHH', '2025-01-14', 'no_show', 'No asistió. Reprogramar si procede.'),
(66, 'IBÉRICA LOGÍSTICA 012 S.L. - RRHH', '2025-09-19', 'sent', NULL),
(66, 'URBANA SERVICIOS 023 S.L. - RRHH', '2025-07-15', 'sent', NULL),
(66, 'EXPERTA SERVICIOS 024 S.L. - RRHH', '2025-02-11', 'sent', NULL),
(67, 'URBANA COMERCIO 014 S.L. - RRHH', '2026-01-04', 'attended', NULL),
(67, 'GLOBAL SERVICIOS 026 S.L. - RRHH', '2025-02-21', 'sent', NULL),
(67, 'NUEVA GESTIÓN 028 S.L. - RRHH', '2025-11-15', 'sent', NULL),
(68, 'ALFA DISTRIBUCIÓN 029 S.L. - RRHH', '2026-01-16', 'sent', NULL),
(69, 'EXPERTA COMERCIO 027 S.L. - RRHH', '2025-11-11', 'sent', NULL),
(69, 'EXPERTA COMERCIO 027 S.L. - RRHH', '2025-03-17', 'no_show', 'No asistió. Reprogramar si procede.'),
(70, 'GLOBAL SERVICIOS 026 S.L. - RRHH', '2025-10-24', 'sent', NULL),
(70, 'IBÉRICA COMERCIO 004 S.L. - RRHH', '2025-04-18', 'attended', NULL),
(71, 'ALFA DISTRIBUCIÓN 029 S.L. - RRHH', '2025-10-02', 'sent', NULL),
(71, 'CENTRAL COMERCIO 006 S.L. - RRHH', '2025-12-25', 'sent', NULL),
(71, 'NUEVA GESTIÓN 028 S.L. - RRHH', '2026-01-26', 'sent', NULL),
(72, 'CENTRAL LOGÍSTICA 010 S.L. - RRHH', '2025-04-19', 'sent', NULL),
(72, 'URBANA COMERCIO 021 S.L. - RRHH', '2025-11-09', 'no_show', 'No asistió. Reprogramar si procede.'),
(72, 'NUEVA TECNOLOGÍA 017 S.L. - RRHH', '2025-08-15', 'no_show', 'No asistió. Reprogramar si procede.'),
(73, 'CENTRAL LOGÍSTICA 010 S.L. - RRHH', '2025-01-26', 'sent', NULL),
(73, 'EXPERTA COMERCIO 027 S.L. - RRHH', '2025-04-11', 'no_show', 'No asistió. Reprogramar si procede.'),
(74, 'URBANA HOSTELERÍA 002 S.L. - RRHH', '2025-09-16', 'no_show', 'No asistió. Reprogramar si procede.'),
(74, 'NORTE SOLUCIONES 008 S.L. - RRHH', '2025-11-21', 'attended', NULL),
(75, 'ALFA DISTRIBUCIÓN 029 S.L. - RRHH', '2025-09-25', 'sent', NULL),
(76, 'URBANA HOSTELERÍA 011 S.L. - RRHH', '2025-01-07', 'no_show', 'No asistió. Reprogramar si procede.'),
(76, 'NORTE TECNOLOGÍA 005 S.L. - RRHH', '2025-04-10', 'sent', NULL),
(77, 'GLOBAL DISTRIBUCIÓN 013 S.L. - RRHH', '2025-09-07', 'sent', NULL),
(78, 'ALFA GESTIÓN 003 S.L. - RRHH', '2025-04-24', 'sent', NULL),
(78, 'GLOBAL SERVICIOS 026 S.L. - RRHH', '2025-07-28', 'sent', NULL),
(79, 'URBANA HOSTELERÍA 002 S.L. - RRHH', '2025-03-06', 'sent', NULL),
(80, 'URBANA HOSTELERÍA 002 S.L. - RRHH', '2025-12-20', 'attended', NULL),
(80, 'URBANA COMERCIO 014 S.L. - RRHH', '2025-02-11', 'sent', NULL),
(80, 'EXPERTA COMERCIO 027 S.L. - RRHH', '2025-04-17', 'attended', NULL),
(81, 'EXPERTA COMERCIO 027 S.L. - RRHH', '2025-10-03', 'attended', NULL),
(82, 'CENTRAL COMERCIO 006 S.L. - RRHH', '2025-05-18', 'no_show', 'No asistió. Reprogramar si procede.'),
(82, 'CENTRAL LOGÍSTICA 010 S.L. - RRHH', '2025-06-01', 'sent', NULL),
(83, 'NORTE TECNOLOGÍA 015 S.L. - RRHH', '2025-06-25', 'no_show', 'No asistió. Reprogramar si procede.'),
(84, 'URBANA COMERCIO 022 S.L. - RRHH', '2025-08-09', 'sent', NULL),
(85, 'EXPERTA COMERCIO 027 S.L. - RRHH', '2025-01-12', 'sent', NULL),
(86, 'EXPERTA GESTIÓN 007 S.L. - RRHH', '2025-11-09', 'sent', NULL),
(87, 'URBANA HOSTELERÍA 011 S.L. - RRHH', '2025-07-19', 'sent', NULL),
(88, 'URBANA HOSTELERÍA 011 S.L. - RRHH', '2025-08-03', 'sent', NULL),
(89, 'ALFA GESTIÓN 003 S.L. - RRHH', '2025-03-11', 'sent', NULL),
(89, 'NUEVA GESTIÓN 009 S.L. - RRHH', '2025-05-29', 'attended', NULL),
(90, 'NORTE SOLUCIONES 008 S.L. - RRHH', '2025-10-26', 'no_show', 'No asistió. Reprogramar si procede.'),
(90, 'GLOBAL DISTRIBUCIÓN 013 S.L. - RRHH', '2025-11-14', 'attended', NULL),
(90, 'NUEVA COMERCIO 020 S.L. - RRHH', '2025-09-12', 'attended', NULL),
(91, 'CENTRAL LOGÍSTICA 010 S.L. - RRHH', '2026-01-01', 'sent', NULL),
(92, 'NUEVA COMERCIO 020 S.L. - RRHH', '2025-06-08', 'sent', NULL),
(93, 'IBÉRICA COMERCIO 004 S.L. - RRHH', '2025-04-15', 'attended', NULL),
(94, 'URBANA SERVICIOS 023 S.L. - RRHH', '2025-05-02', 'sent', NULL),
(94, 'NORTE TECNOLOGÍA 015 S.L. - RRHH', '2025-12-26', 'attended', NULL),
(95, 'URBANA SERVICIOS 023 S.L. - RRHH', '2025-05-25', 'attended', NULL),
(96, 'NORTE TECNOLOGÍA 005 S.L. - RRHH', '2025-05-16', 'no_show', 'No asistió. Reprogramar si procede.'),
(96, 'CENTRAL DISTRIBUCIÓN 018 S.L. - RRHH', '2025-05-28', 'sent', NULL),
(96, 'EXPERTA COMERCIO 027 S.L. - RRHH', '2025-10-25', 'attended', NULL),
(97, 'ALFA DISTRIBUCIÓN 029 S.L. - RRHH', '2025-05-11', 'sent', NULL),
(97, 'NUEVA GESTIÓN 028 S.L. - RRHH', '2025-08-07', 'sent', NULL),
(98, 'IBÉRICA COMERCIO 004 S.L. - RRHH', '2026-01-13', 'sent', NULL),
(98, 'IBÉRICA LOGÍSTICA 012 S.L. - RRHH', '2025-04-23', 'sent', NULL),
(99, 'GLOBAL DISTRIBUCIÓN 013 S.L. - RRHH', '2025-08-28', 'sent', NULL),
(100, 'URBANA SERVICIOS 023 S.L. - RRHH', '2025-07-30', 'sent', NULL),
(100, 'EXPERTA SERVICIOS 024 S.L. - RRHH', '2025-05-21', 'sent', NULL);

INSERT INTO employment_contracts (expediente, sector_id, position, company_id, is_itinerary_company_contract, contract_code, attached_contract, attached_work_life, observations, start_date, end_date) VALUES
('26EMHA11_0001', 9, 'Operario/a limpieza', 17, 'SI', 100, 'SI', 'SI', 'Contrato largo (dataset) para pruebas de liquidación.', '2025-01-15', '2025-09-15'),
('26EMHA11_0001', 10, 'Vigilante (sin arma)', 4, 'SI', 550, 'SI', 'SI', 'Contrato para seguimiento de inserción.', '2026-01-06', NULL),
('26EMHA11_0001', 2, 'Visual merchandiser junior', 10, 'NO', 401, 'SI', 'SI', NULL, '2024-07-19', '2024-11-26'),
('26EMHA11_0001', 10, 'Control de accesos', 26, 'SI', 552, 'SI', 'NO', NULL, '2024-12-27', '2025-06-20'),
('26EMHA11_0001', 9, 'Operario/a limpieza', 18, 'SI', 209, 'SI', 'SI', NULL, '2025-12-20', NULL),
('26EMHA11_0001', 5, 'Auxiliar de clínica', 25, 'SI', 408, 'SI', 'SI', NULL, '2025-06-12', '2025-10-09'),
('25EMHA07_0002', 7, 'Operador/a de datos', 30, 'SI', 100, 'SI', 'SI', 'Contrato largo (dataset) para pruebas de liquidación.', '2025-01-15', '2025-09-15'),
('25EMHA07_0002', 1, 'Recepcionista hotel', 28, 'NO', 389, 'SI', 'SI', NULL, '2025-04-18', '2025-09-17'),
('25EMHA07_0002', 7, 'Operador/a de datos', 30, 'SI', 540, 'NO', 'NO', NULL, '2024-11-01', '2025-05-09'),
('26EMHA10_0003', 7, 'Soporte técnico', 19, 'SI', 100, 'SI', 'SI', 'Contrato largo (dataset) para pruebas de liquidación.', '2025-01-15', '2025-09-15'),
('26EMHA10_0003', 9, 'Operario/a limpieza', 17, 'NO', 410, 'SI', 'SI', NULL, '2024-11-03', '2025-02-10'),
('25EMHA06_0004', 3, 'Operario/a de almacén', 7, 'NO', 389, 'NO', 'NO', NULL, '2024-01-11', '2024-04-18'),
('26EMHA08_0006', 9, 'Operario/a limpieza', 17, 'SI', 100, 'SI', 'SI', 'Contrato largo (dataset) para pruebas de liquidación.', '2025-01-15', '2025-09-15'),
('26EMHA08_0006', 9, 'Operario/a limpieza', 14, 'SI', 430, 'SI', 'SI', NULL, '2025-07-23', '2025-12-25'),
('25EMHA20_0005', 2, 'Dependiente/a', 12, 'NO', 502, 'SI', 'SI', NULL, '2025-04-15', '2025-08-10'),
('25EMHA20_0005', 4, 'Back office', 16, 'NO', 401, 'SI', 'SI', NULL, '2024-10-27', '2025-01-13'),
('25EMHA20_0005', 10, 'Vigilante (sin arma)', 22, 'SI', 139, 'NO', 'SI', NULL, '2025-05-30', '2025-07-16'),
('25EMHA20_0005', 9, 'Operario/a limpieza', 14, 'SI', 508, 'SI', 'SI', NULL, '2024-07-24', '2025-03-03'),
('26EMHA08_0006', 5, 'Recepcionista centro médico', 25, 'NO', 441, 'NO', 'SI', NULL, '2024-10-30', '2025-03-30'),
('26EMHA05_0007', 6, 'Operario/a', 3, 'SI', 100, 'SI', 'SI', 'Contrato largo (dataset) para pruebas de liquidación.', '2025-01-15', '2025-09-15'),
('26EMHA05_0007', 2, 'Visual merchandiser junior', 21, 'NO', 339, 'SI', 'SI', 'Contrato para seguimiento de inserción.', '2024-04-18', '2024-07-25'),
('26EMHA05_0007', 9, 'Cristalero/a', 14, 'NO', 300, 'NO', 'SI', NULL, '2024-01-18', '2024-09-07'),
('26EMHA05_0007', 3, 'Repartidor/a', 15, 'NO', 410, 'NO', 'SI', NULL, '2025-07-20', '2025-12-17'),
('26EMHA05_0007', 2, 'Dependiente/a', 10, 'NO', 441, 'SI', 'SI', 'Contrato para seguimiento de inserción.', '2024-10-03', '2024-12-11'),
('26EMHA05_0007', 9, 'Operario/a limpieza', 24, 'NO', 150, 'NO', 'SI', NULL, '2024-10-26', '2025-05-16'),
('26EMHA05_0007', 7, 'Helpdesk', 30, 'SI', 510, 'SI', 'SI', 'Contrato para seguimiento de inserción.', '2024-02-25', '2024-05-13'),
('26EMHA05_0007', 7, 'Soporte técnico', 19, 'NO', 441, 'NO', 'SI', 'Contrato para seguimiento de inserción.', '2025-12-31', NULL),
('25EMHA14_0008', 4, 'Back office', 16, 'SI', 100, 'SI', 'SI', 'Contrato largo (dataset) para pruebas de liquidación.', '2025-01-15', '2025-09-15'),
('25EMHA14_0008', 6, 'Ayudante de mantenimiento', 3, 'SI', 430, 'SI', 'SI', NULL, '2025-02-12', '2025-08-22'),
('25EMHA14_0008', 3, 'Repartidor/a', 6, 'NO', 230, 'NO', 'SI', 'Contrato para seguimiento de inserción.', '2025-04-09', '2025-09-03'),
('25EMHA14_0008', 5, 'Celador/a', 20, 'SI', 540, 'SI', 'NO', NULL, '2025-09-25', NULL),
('26EMHA01_0009', 3, 'Operario/a de almacén', 7, 'SI', 239, 'SI', 'SI', NULL, '2024-03-04', '2024-08-03'),
('26EMHA01_0009', 3, 'Operario/a de almacén', 15, 'SI', 408, 'SI', 'SI', NULL, '2025-01-14', '2025-04-20'),
('25EMHA14_0008', 10, 'Auxiliar de seguridad', 23, 'SI', 200, 'NO', 'SI', NULL, '2024-06-22', '2024-10-14'),
('25EMHA04_0010', 3, 'Operario/a de almacén', 6, 'SI', 100, 'SI', 'SI', 'Contrato largo (dataset) para pruebas de liquidación.', '2025-01-15', '2025-09-15'),
('25EMHA04_0010', 7, 'Soporte técnico', 30, 'SI', 139, 'SI', 'SI', NULL, '2025-11-14', NULL),
('25EMHA04_0010', 5, 'Recepcionista centro médico', 25, 'NO', 550, 'NO', 'SI', 'Contrato para seguimiento de inserción.', '2024-11-22', '2025-02-19'),
('25EMHA04_0010', 3, 'Operario/a de almacén', 6, 'NO', 130, 'NO', 'SI', NULL, '2025-07-14', '2025-10-28'),
('25EMHA04_0010', 3, 'Auxiliar de logística', 15, 'SI', 501, 'NO', 'SI', NULL, '2024-08-15', '2025-01-16'),
('25EMHA04_0010', 3, 'Operario/a de almacén', 6, 'NO', 541, 'SI', 'SI', NULL, '2024-06-04', '2024-11-20'),
('25EMHA26_0011', 5, 'Auxiliar de clínica', 2, 'SI', 100, 'SI', 'SI', 'Contrato largo (dataset) para pruebas de liquidación.', '2025-01-15', '2025-09-15'),
('25EMHA26_0011', 2, 'Dependiente/a', 21, 'SI', 339, 'SI', 'SI', NULL, '2025-09-01', '2025-11-24'),
('25EMHA26_0011', 9, 'Operario/a limpieza', 24, 'SI', 530, 'SI', 'SI', NULL, '2024-11-12', '2025-06-05'),
('25EMHA26_0011', 1, 'Recepcionista hotel', 28, 'SI', 100, 'SI', 'SI', NULL, '2025-08-02', '2025-11-24'),
('25EMHA26_0011', 1, 'Recepcionista hotel', 11, 'NO', 540, 'SI', 'SI', 'Contrato para seguimiento de inserción.', '2024-02-18', '2024-06-07'),
('25EMHA26_0011', 2, 'Visual merchandiser junior', 10, 'NO', 150, 'SI', 'SI', NULL, '2024-01-25', '2024-03-11'),
('25EMHA26_0011', 5, 'Auxiliar de clínica', 2, 'SI', 100, 'SI', 'SI', NULL, '2024-10-13', '2025-03-30'),
('26EMHA05_0012', 5, 'Auxiliar de clínica', 25, 'SI', 100, 'SI', 'SI', 'Contrato largo (dataset) para pruebas de liquidación.', '2025-01-15', '2025-09-15'),
('26EMHA05_0012', 7, 'Operador/a de datos', 27, 'NO', 408, 'SI', 'SI', NULL, '2024-06-16', '2024-11-11'),
('26EMHA05_0012', 9, 'Personal de limpieza', 18, 'NO', 139, 'SI', 'SI', NULL, '2025-09-02', NULL),
('26EMHA05_0012', 10, 'Auxiliar de seguridad', 22, 'NO', 300, 'SI', 'SI', NULL, '2024-02-10', '2024-06-26'),
('26EMHA05_0012', 3, 'Operario/a de almacén', 6, 'NO', 230, 'SI', 'SI', 'Contrato para seguimiento de inserción.', '2024-06-05', '2025-01-24'),
('26EMHA05_0012', 7, 'Helpdesk', 27, 'NO', 250, 'SI', 'NO', NULL, '2024-05-30', '2024-11-02'),
('26EMHA05_0012', 10, 'Auxiliar de seguridad', 23, 'SI', 410, 'SI', 'NO', NULL, '2025-01-23', '2025-09-14'),
('26EMHA05_0012', 2, 'Dependiente/a', 21, 'NO', 418, 'NO', 'SI', NULL, '2026-01-15', NULL),
('26EMHA05_0012', 8, 'Atención al cliente', 1, 'NO', 339, 'SI', 'SI', NULL, '2024-10-17', '2024-11-24'),
('26EMHA05_0012', 6, 'Ayudante de mantenimiento', 5, 'NO', 339, 'NO', 'SI', NULL, '2024-09-05', '2024-12-16'),
('25EMHA22_0013', 7, 'Soporte técnico', 27, 'SI', 100, 'SI', 'SI', 'Contrato largo (dataset) para pruebas de liquidación.', '2025-01-15', '2025-09-15'),
('25EMHA22_0013', 3, 'Repartidor/a', 6, 'SI', 450, 'NO', 'SI', NULL, '2025-10-20', NULL),
('25EMHA22_0013', 9, 'Operario/a limpieza', 24, 'SI', 130, 'NO', 'NO', NULL, '2025-04-08', '2025-05-09'),
('25EMHA22_0013', 5, 'Auxiliar de clínica', 25, 'NO', 520, 'SI', 'NO', NULL, '2024-09-08', '2025-03-29'),
('25EMHA22_0013', 4, 'Auxiliar administrativo/a', 16, 'NO', 250, 'SI', 'SI', NULL, '2025-04-02', '2025-05-26'),
('25EMHA22_0013', 6, 'Peón de obra', 3, 'NO', 200, 'SI', 'NO', NULL, '2024-05-13', '2024-11-23'),
('25EMHA22_0013', 8, 'Gestor/a de incidencias', 9, 'SI', 502, 'SI', 'SI', NULL, '2025-02-13', '2025-08-06'),
('25EMHA22_0013', 9, 'Personal de limpieza', 14, 'SI', 401, 'SI', 'NO', NULL, '2025-09-17', NULL),
('25EMHA04_0015', 2, 'Visual merchandiser junior', 12, 'SI', 402, 'SI', 'NO', NULL, '2025-06-20', '2026-01-28'),
('25EMHA24_0014', 9, 'Cristalero/a', 24, 'SI', 420, 'SI', 'SI', NULL, '2024-07-01', '2024-10-30'),
('25EMHA16_0016', 8, 'Atención al cliente', 29, 'NO', 510, 'NO', 'NO', NULL, '2025-11-11', NULL),
('25EMHA16_0016', 2, 'Visual merchandiser junior', 12, 'SI', 401, 'SI', 'SI', NULL, '2025-01-19', '2025-02-22'),
('25EMHA22_0018', 2, 'Visual merchandiser junior', 12, 'NO', 503, 'SI', 'SI', 'Contrato para seguimiento de inserción.', '2025-12-04', NULL),
('25EMHA22_0018', 9, 'Personal de limpieza', 8, 'NO', 200, 'SI', 'NO', 'Contrato para seguimiento de inserción.', '2024-10-20', '2025-01-02'),
('25EMHA22_0018', 5, 'Recepcionista centro médico', 25, 'NO', 100, 'SI', 'SI', NULL, '2025-04-22', '2025-09-04'),
('25EMHA02_0019', 1, 'Recepcionista hotel', 28, 'SI', 100, 'SI', 'SI', NULL, '2024-12-26', '2025-02-12'),
('25EMHA02_0019', 2, 'Visual merchandiser junior', 12, 'NO', 330, 'SI', 'SI', NULL, '2025-04-18', '2025-05-29'),
('25EMHA18_0020', 3, 'Operario/a de almacén', 7, 'NO', 510, 'SI', 'SI', NULL, '2025-01-15', '2025-05-20'),
('25EMHA18_0020', 10, 'Vigilante (sin arma)', 23, 'SI', 330, 'SI', 'SI', NULL, '2024-04-08', '2024-10-17'),
('25EMHA18_0020', 7, 'Soporte técnico', 19, 'SI', 339, 'NO', 'SI', 'Contrato para seguimiento de inserción.', '2024-07-06', '2024-11-27'),
('25EMHA18_0020', 10, 'Auxiliar de seguridad', 22, 'SI', 408, 'SI', 'SI', NULL, '2024-09-27', '2024-12-24'),
('25EMHA18_0020', 3, 'Auxiliar de logística', 7, 'SI', 450, 'SI', 'NO', NULL, '2025-09-13', '2025-11-27'),
('25EMHA16_0021', 9, 'Cristalero/a', 18, 'NO', 200, 'SI', 'NO', 'Contrato para seguimiento de inserción.', '2025-08-30', '2025-11-03'),
('25EMHA16_0021', 9, 'Cristalero/a', 8, 'SI', 402, 'NO', 'SI', NULL, '2025-02-14', '2025-07-30'),
('25EMHA25_0022', 5, 'Auxiliar de clínica', 13, 'SI', 541, 'SI', 'SI', NULL, '2024-08-13', '2025-01-15'),
('25EMHA25_0022', 7, 'Helpdesk', 30, 'NO', 552, 'SI', 'NO', NULL, '2025-08-25', NULL),
('25EMHA25_0022', 9, 'Personal de limpieza', 24, 'SI', 139, 'SI', 'NO', NULL, '2024-02-29', '2024-09-21'),
('25EMHA25_0022', 9, 'Operario/a limpieza', 8, 'NO', 420, 'NO', 'SI', 'Contrato para seguimiento de inserción.', '2024-01-09', '2024-05-20'),
('25EMHA25_0022', 5, 'Recepcionista centro médico', 2, 'SI', 309, 'SI', 'NO', NULL, '2024-03-20', '2024-09-13'),
('25EMHA25_0022', 1, 'Camarero/a', 11, 'SI', 401, 'SI', 'SI', NULL, '2024-09-19', '2025-03-20'),
('25EMHA25_0022', 5, 'Auxiliar de clínica', 20, 'NO', 309, 'SI', 'SI', NULL, '2024-06-25', '2024-12-15'),
('25EMHA25_0022', 7, 'Helpdesk', 30, 'SI', 389, 'SI', 'NO', 'Contrato para seguimiento de inserción.', '2024-12-30', '2025-04-15'),
('25EMHA25_0022', 2, 'Visual merchandiser junior', 12, 'SI', 200, 'SI', 'SI', NULL, '2025-04-11', '2025-10-15'),
('25EMHA26_0023', 3, 'Auxiliar de logística', 15, 'SI', 408, 'SI', 'SI', NULL, '2024-05-03', '2024-10-15'),
('25EMHA26_0023', 2, 'Visual merchandiser junior', 10, 'SI', 520, 'SI', 'SI', NULL, '2024-05-27', '2025-01-07'),
('25EMHA26_0023', 9, 'Personal de limpieza', 24, 'SI', 450, 'SI', 'NO', 'Contrato para seguimiento de inserción.', '2025-04-16', '2025-10-09'),
('25EMHA26_0023', 9, 'Cristalero/a', 8, 'NO', 518, 'NO', 'SI', NULL, '2025-01-07', '2025-06-15'),
('25EMHA26_0023', 10, 'Auxiliar de seguridad', 22, 'SI', 200, 'SI', 'NO', NULL, '2025-01-12', '2025-08-25'),
('25EMHA26_0023', 9, 'Personal de limpieza', 17, 'NO', 109, 'SI', 'NO', NULL, '2025-05-09', '2025-08-05'),
('25EMHA26_0023', 1, 'Camarero/a', 11, 'NO', 540, 'NO', 'SI', NULL, '2025-08-13', '2025-10-25'),
('25EMHA10_0024', 5, 'Recepcionista centro médico', 20, 'SI', 503, 'SI', 'NO', NULL, '2024-12-15', '2025-03-06'),
('25EMHA10_0024', 9, 'Operario/a limpieza', 8, 'SI', 330, 'SI', 'NO', 'Contrato para seguimiento de inserción.', '2024-06-25', '2025-01-09'),
('25EMHA10_0024', 3, 'Operario/a de almacén', 7, 'SI', 403, 'SI', 'SI', NULL, '2024-11-27', '2025-04-08'),
('25EMHA10_0024', 10, 'Auxiliar de seguridad', 4, 'NO', 410, 'NO', 'NO', NULL, '2025-01-19', '2025-05-30'),
('25EMHA10_0024', 8, 'Atención al cliente', 1, 'SI', 350, 'SI', 'NO', NULL, '2025-08-15', '2025-09-28'),
('25EMHA10_0024', 9, 'Operario/a limpieza', 24, 'NO', 250, 'SI', 'SI', 'Contrato para seguimiento de inserción.', '2025-09-06', '2025-10-21'),
('25EMHA10_0024', 6, 'Operario/a', 5, 'NO', 350, 'SI', 'NO', 'Contrato para seguimiento de inserción.', '2024-08-29', '2025-01-30'),
('25EMHA10_0024', 5, 'Celador/a', 13, 'SI', 508, 'NO', 'SI', NULL, '2025-05-18', '2025-11-09'),
('25EMHA10_0024', 10, 'Auxiliar de seguridad', 26, 'SI', 300, 'SI', 'NO', NULL, '2024-12-22', '2025-05-07'),
('25EMHA10_0024', 3, 'Auxiliar de logística', 15, 'NO', 100, 'SI', 'NO', NULL, '2025-03-15', '2025-09-04'),
('25EMHA17_0025', 3, 'Auxiliar de logística', 7, 'SI', 100, 'SI', 'SI', NULL, '2025-10-01', NULL),
('25EMHA17_0025', 7, 'Soporte técnico', 30, 'SI', 401, 'SI', 'SI', NULL, '2025-09-02', '2026-01-30'),
('25EMHA17_0025', 9, 'Cristalero/a', 24, 'SI', 418, 'SI', 'NO', 'Contrato para seguimiento de inserción.', '2025-07-19', '2025-09-07'),
('25EMHA17_0025', 3, 'Repartidor/a', 15, 'SI', 410, 'NO', 'NO', NULL, '2025-03-22', '2025-06-03'),
('25EMHA17_0025', 9, 'Operario/a limpieza', 14, 'SI', 109, 'SI', 'SI', NULL, '2025-08-20', NULL),
('25EMHA17_0025', 8, 'Gestor/a de incidencias', 29, 'NO', 150, 'SI', 'NO', NULL, '2025-12-20', NULL),
('25EMHA17_0025', 5, 'Recepcionista centro médico', 2, 'SI', 420, 'SI', 'SI', 'Contrato para seguimiento de inserción.', '2025-04-11', '2025-11-17'),
('25EMHA08_0026', 1, 'Ayudante de cocina', 28, 'SI', 508, 'NO', 'NO', NULL, '2025-08-09', NULL),
('25EMHA08_0026', 3, 'Repartidor/a', 15, 'NO', 421, 'SI', 'SI', 'Contrato para seguimiento de inserción.', '2024-10-02', '2024-11-16'),
('25EMHA08_0026', 3, 'Operario/a de almacén', 7, 'SI', 100, 'NO', 'SI', NULL, '2024-04-25', '2024-11-06'),
('25EMHA08_0026', 10, 'Auxiliar de seguridad', 26, 'SI', 501, 'SI', 'SI', 'Contrato para seguimiento de inserción.', '2025-03-08', '2025-04-26'),
('25EMHA08_0026', 8, 'Gestor/a de incidencias', 9, 'SI', 441, 'SI', 'SI', NULL, '2025-07-04', '2026-02-01'),
('25EMHA08_0026', 6, 'Ayudante de mantenimiento', 3, 'SI', 239, 'NO', 'SI', NULL, '2024-07-01', '2024-09-18'),
('25EMHA08_0026', 7, 'Soporte técnico', 19, 'SI', 130, 'SI', 'SI', 'Contrato para seguimiento de inserción.', '2025-07-28', NULL),
('25EMHA14_0027', 3, 'Repartidor/a', 7, 'SI', 502, 'SI', 'NO', NULL, '2025-12-20', NULL),
('25EMHA14_0027', 9, 'Personal de limpieza', 24, 'NO', 350, 'NO', 'SI', NULL, '2025-05-19', '2025-09-05'),
('25EMHA16_0028', 5, 'Auxiliar de clínica', 20, 'NO', 289, 'SI', 'SI', 'Contrato para seguimiento de inserción.', '2025-02-12', '2025-07-08'),
('25EMHA24_0029', 5, 'Recepcionista centro médico', 25, 'SI', 520, 'SI', 'SI', NULL, '2025-04-13', '2025-09-19'),
('25EMHA16_0028', 9, 'Operario/a limpieza', 17, 'SI', 520, 'SI', 'NO', NULL, '2025-06-27', NULL),
('25EMHA16_0028', 8, 'Teleoperador/a', 1, 'NO', 339, 'SI', 'NO', NULL, '2025-12-19', NULL),
('26EMHA07_0031', 5, 'Recepcionista centro médico', 13, 'NO', 230, 'SI', 'SI', 'Contrato para seguimiento de inserción.', '2025-10-03', '2025-11-06'),
('26EMHA07_0031', 10, 'Vigilante (sin arma)', 4, 'SI', 250, 'SI', 'SI', NULL, '2024-10-05', '2025-01-19'),
('26EMHA07_0031', 1, 'Recepcionista hotel', 28, 'NO', 510, 'SI', 'NO', NULL, '2024-09-09', '2024-10-25'),
('25EMHA10_0030', 9, 'Operario/a limpieza', 18, 'SI', 350, 'NO', 'NO', 'Contrato para seguimiento de inserción.', '2024-04-19', '2024-08-04'),
('25EMHA10_0030', 5, 'Recepcionista centro médico', 13, 'SI', 421, 'SI', 'NO', NULL, '2025-01-30', '2025-03-22'),
('26EMHA04_0032', 9, 'Operario/a limpieza', 18, 'SI', 250, 'NO', 'SI', 'Contrato para seguimiento de inserción.', '2024-06-05', '2024-11-17'),
('26EMHA04_0032', 5, 'Auxiliar de clínica', 2, 'SI', 109, 'SI', 'SI', NULL, '2025-11-06', NULL),
('26EMHA04_0032', 10, 'Control de accesos', 23, 'SI', 441, 'SI', 'SI', NULL, '2024-12-29', '2025-08-13'),
('26EMHA01_0034', 2, 'Visual merchandiser junior', 21, 'SI', 421, 'SI', 'SI', NULL, '2026-01-06', NULL),
('25EMHA05_0033', 10, 'Auxiliar de seguridad', 23, 'NO', 518, 'SI', 'SI', NULL, '2024-05-04', '2024-07-01'),
('25EMHA05_0033', 3, 'Repartidor/a', 15, 'NO', 401, 'SI', 'SI', NULL, '2024-10-09', '2025-05-18'),
('25EMHA05_0033', 10, 'Auxiliar de seguridad', 23, 'NO', 502, 'NO', 'NO', NULL, '2024-05-15', '2024-10-26'),
('26EMHA01_0034', 5, 'Auxiliar de clínica', 25, 'NO', 402, 'SI', 'SI', NULL, '2025-03-27', '2025-05-06'),
('26EMHA01_0034', 5, 'Celador/a', 20, 'NO', 552, 'NO', 'SI', NULL, '2024-10-08', '2024-11-15'),
('25EMHA05_0033', 1, 'Recepcionista hotel', 28, 'SI', 501, 'NO', 'SI', NULL, '2025-08-18', '2025-09-16'),
('25EMHA05_0033', 2, 'Mozo/a almacén', 12, 'SI', 309, 'SI', 'SI', NULL, '2024-07-29', '2025-02-17'),
('26EMHA01_0034', 4, 'Auxiliar administrativo/a', 16, 'SI', 139, 'SI', 'SI', 'Contrato para seguimiento de inserción.', '2025-07-07', '2026-01-06'),
('25EMHA05_0033', 5, 'Celador/a', 20, 'NO', 330, 'NO', 'SI', 'Contrato para seguimiento de inserción.', '2024-02-15', '2024-06-20'),
('26EMHA06_0035', 9, 'Personal de limpieza', 8, 'SI', 289, 'NO', 'NO', NULL, '2024-03-28', '2024-07-05'),
('26EMHA06_0035', 7, 'Soporte técnico', 30, 'SI', 550, 'NO', 'SI', NULL, '2024-01-08', '2024-04-28'),
('26EMHA06_0035', 3, 'Auxiliar de logística', 7, 'NO', 421, 'SI', 'SI', NULL, '2025-04-04', '2025-07-10'),
('25EMHA18_0036', 8, 'Atención al cliente', 29, 'NO', 139, 'SI', 'SI', 'Contrato para seguimiento de inserción.', '2024-09-26', '2025-05-05'),
('26EMHA06_0035', 8, 'Gestor/a de incidencias', 29, 'SI', 501, 'SI', 'NO', NULL, '2025-05-24', '2025-09-15'),
('25EMHA18_0036', 5, 'Auxiliar de clínica', 25, 'NO', 441, 'SI', 'NO', NULL, '2025-07-24', '2025-10-19'),
('26EMHA06_0035', 3, 'Operario/a de almacén', 6, 'NO', 389, 'SI', 'NO', NULL, '2024-07-10', '2024-08-19'),
('25EMHA18_0036', 10, 'Vigilante (sin arma)', 26, 'NO', 150, 'SI', 'NO', NULL, '2025-11-12', NULL),
('25EMHA18_0036', 5, 'Recepcionista centro médico', 25, 'SI', 402, 'SI', 'NO', NULL, '2025-08-31', NULL),
('26EMHA06_0035', 8, 'Teleoperador/a', 9, 'SI', 350, 'SI', 'NO', NULL, '2025-07-08', '2025-12-18'),
('26EMHA08_0037', 9, 'Operario/a limpieza', 14, 'NO', 209, 'SI', 'SI', NULL, '2026-01-08', NULL),
('26EMHA08_0037', 9, 'Operario/a limpieza', 8, 'NO', 300, 'SI', 'SI', 'Contrato para seguimiento de inserción.', '2024-03-13', '2024-05-05'),
('26EMHA08_0037', 2, 'Dependiente/a', 10, 'SI', 420, 'SI', 'SI', NULL, '2024-01-10', '2024-02-24'),
('26EMHA08_0037', 7, 'Operador/a de datos', 19, 'SI', 518, 'SI', 'SI', NULL, '2024-05-18', '2024-10-25'),
('26EMHA08_0037', 10, 'Auxiliar de seguridad', 22, 'SI', 401, 'SI', 'SI', NULL, '2024-11-17', '2025-04-05'),
('26EMHA08_0037', 8, 'Gestor/a de incidencias', 1, 'SI', 408, 'SI', 'SI', NULL, '2025-01-24', '2025-07-25'),
('25EMHA25_0038', 6, 'Ayudante de mantenimiento', 5, 'NO', 150, 'SI', 'SI', 'Contrato para seguimiento de inserción.', '2025-02-12', '2025-08-13'),
('26EMHA02_0039', 10, 'Auxiliar de seguridad', 22, 'SI', 430, 'SI', 'NO', 'Contrato para seguimiento de inserción.', '2025-09-05', '2025-10-21'),
('25EMHA25_0038', 2, 'Visual merchandiser junior', 21, 'NO', 401, 'SI', 'NO', NULL, '2024-12-21', '2025-02-23'),
('25EMHA25_0038', 7, 'Operador/a de datos', 19, 'SI', 503, 'SI', 'NO', NULL, '2025-11-03', NULL),
('25EMHA10_0040', 8, 'Atención al cliente', 9, 'NO', 450, 'NO', 'NO', NULL, '2024-04-02', '2024-05-20'),
('25EMHA10_0040', 9, 'Cristalero/a', 14, 'SI', 503, 'SI', 'NO', NULL, '2024-12-15', '2025-04-28'),
('25EMHA10_0040', 9, 'Personal de limpieza', 18, 'NO', 452, 'SI', 'SI', 'Contrato para seguimiento de inserción.', '2025-02-15', '2025-08-01'),
('25EMHA10_0040', 2, 'Mozo/a almacén', 21, 'NO', 518, 'SI', 'SI', 'Contrato para seguimiento de inserción.', '2025-09-27', '2025-11-07'),
('25EMHA10_0040', 2, 'Mozo/a almacén', 21, 'NO', 401, 'SI', 'NO', NULL, '2024-07-05', '2024-11-19'),
('25EMHA10_0040', 1, 'Recepcionista hotel', 11, 'SI', 330, 'NO', 'SI', NULL, '2024-06-25', '2024-09-16'),
('25EMHA10_0040', 5, 'Auxiliar de clínica', 20, 'SI', 520, 'SI', 'SI', 'Contrato para seguimiento de inserción.', '2024-08-31', '2025-03-14'),
('25EMHA10_0040', 4, 'Recepcionista', 16, 'SI', 421, 'SI', 'SI', 'Contrato para seguimiento de inserción.', '2025-03-28', '2025-09-03'),
('25EMHA10_0040', 7, 'Operador/a de datos', 30, 'NO', 189, 'NO', 'NO', NULL, '2024-12-18', '2025-06-11'),
('25EMHA10_0040', 8, 'Atención al cliente', 29, 'SI', 552, 'SI', 'SI', NULL, '2024-03-25', '2024-07-24'),
('26EMHA06_0042', 2, 'Mozo/a almacén', 10, 'NO', 501, 'NO', 'NO', NULL, '2025-06-26', '2025-11-25'),
('26EMHA06_0042', 9, 'Cristalero/a', 14, 'NO', 230, 'NO', 'NO', 'Contrato para seguimiento de inserción.', '2025-10-14', NULL),
('26EMHA06_0042', 3, 'Auxiliar de logística', 6, 'NO', 410, 'SI', 'SI', 'Contrato para seguimiento de inserción.', '2024-06-28', '2025-02-16'),
('26EMHA06_0044', 1, 'Ayudante de cocina', 28, 'NO', 309, 'SI', 'NO', NULL, '2025-02-25', '2025-09-24'),
('25EMHA27_0043', 8, 'Atención al cliente', 29, 'NO', 300, 'SI', 'NO', 'Contrato para seguimiento de inserción.', '2024-10-01', '2025-02-15'),
('25EMHA27_0043', 10, 'Control de accesos', 4, 'SI', 541, 'SI', 'SI', NULL, '2025-11-16', NULL),
('25EMHA27_0043', 9, 'Cristalero/a', 8, 'NO', 239, 'SI', 'SI', NULL, '2024-04-25', '2024-08-18'),
('26EMHA06_0044', 3, 'Repartidor/a', 15, 'NO', 189, 'SI', 'NO', 'Contrato para seguimiento de inserción.', '2024-03-31', '2024-09-02'),
('26EMHA06_0044', 7, 'Operador/a de datos', 27, 'SI', 410, 'SI', 'SI', NULL, '2024-06-07', '2024-12-16'),
('25EMHA08_0045', 10, 'Auxiliar de seguridad', 26, 'NO', 441, 'SI', 'SI', NULL, '2026-01-06', NULL),
('25EMHA08_0045', 8, 'Atención al cliente', 9, 'SI', 452, 'SI', 'SI', NULL, '2025-08-11', '2025-11-24'),
('25EMHA08_0045', 6, 'Peón de obra', 3, 'SI', 501, 'SI', 'SI', 'Contrato para seguimiento de inserción.', '2024-09-15', '2024-11-12'),
('25EMHA08_0045', 10, 'Control de accesos', 26, 'SI', 452, 'SI', 'SI', NULL, '2025-03-29', '2025-10-08'),
('25EMHA08_0046', 10, 'Auxiliar de seguridad', 23, 'SI', 200, 'SI', 'NO', NULL, '2024-11-04', '2025-06-25'),
('25EMHA08_0046', 5, 'Auxiliar de clínica', 2, 'SI', 441, 'SI', 'SI', NULL, '2024-08-21', '2025-01-31'),
('25EMHA08_0046', 8, 'Teleoperador/a', 9, 'SI', 530, 'SI', 'SI', NULL, '2025-01-11', '2025-05-09'),
('25EMHA08_0046', 7, 'Operador/a de datos', 27, 'NO', 418, 'NO', 'SI', NULL, '2024-04-13', '2024-08-17'),
('25EMHA08_0046', 9, 'Personal de limpieza', 17, 'NO', 330, 'SI', 'SI', 'Contrato para seguimiento de inserción.', '2025-03-09', '2025-10-22'),
('26EMHA01_0047', 9, 'Operario/a limpieza', 17, 'SI', 250, 'SI', 'SI', NULL, '2024-11-09', '2025-06-10'),
('26EMHA01_0047', 9, 'Personal de limpieza', 17, 'SI', 402, 'SI', 'SI', NULL, '2025-01-20', '2025-02-24'),
('26EMHA01_0047', 9, 'Personal de limpieza', 24, 'NO', 130, 'SI', 'NO', NULL, '2026-01-14', NULL),
('26EMHA01_0047', 8, 'Teleoperador/a', 9, 'NO', 139, 'SI', 'SI', NULL, '2026-01-01', NULL),
('26EMHA01_0047', 5, 'Auxiliar de clínica', 2, 'NO', 540, 'SI', 'SI', NULL, '2024-08-22', '2025-01-02'),
('25EMHA01_0049', 2, 'Dependiente/a', 10, 'NO', 508, 'SI', 'SI', NULL, '2025-07-28', NULL),
('25EMHA01_0049', 7, 'Helpdesk', 27, 'SI', 552, 'SI', 'SI', NULL, '2025-01-29', '2025-06-24');

INSERT INTO employment_contracts (expediente, sector_id, position, company_id, is_itinerary_company_contract, contract_code, attached_contract, attached_work_life, observations, start_date, end_date) VALUES
('26EMHA01_0048', 7, 'Operador/a de datos', 30, 'SI', 189, 'SI', 'SI', NULL, '2024-08-02', '2024-11-23'),
('25EMHA01_0049', 8, 'Atención al cliente', 1, 'NO', 508, 'SI', 'NO', NULL, '2024-07-04', '2025-01-29'),
('25EMHA13_0051', 3, 'Auxiliar de logística', 7, 'NO', 150, 'SI', 'NO', NULL, '2025-09-06', '2025-12-06'),
('25EMHA13_0051', 9, 'Cristalero/a', 17, 'NO', 403, 'SI', 'NO', NULL, '2024-03-29', '2024-07-25'),
('25EMHA25_0050', 10, 'Control de accesos', 4, 'SI', 520, 'SI', 'NO', NULL, '2025-01-22', '2025-08-26'),
('25EMHA25_0050', 5, 'Recepcionista centro médico', 13, 'NO', 540, 'SI', 'SI', NULL, '2024-04-19', '2024-06-04'),
('25EMHA13_0051', 9, 'Operario/a limpieza', 18, 'NO', 403, 'SI', 'SI', NULL, '2026-01-15', NULL),
('25EMHA13_0051', 5, 'Auxiliar de clínica', 20, 'SI', 518, 'SI', 'NO', NULL, '2024-12-05', '2025-03-04'),
('26EMHA07_0052', 10, 'Auxiliar de seguridad', 22, 'SI', 503, 'SI', 'SI', NULL, '2024-04-28', '2024-05-30'),
('26EMHA07_0052', 9, 'Personal de limpieza', 17, 'SI', 520, 'NO', 'SI', NULL, '2025-10-03', '2025-11-10'),
('26EMHA07_0052', 2, 'Visual merchandiser junior', 10, 'NO', 421, 'SI', 'SI', NULL, '2025-10-05', NULL),
('26EMHA03_0053', 7, 'Helpdesk', 30, 'SI', 420, 'SI', 'NO', NULL, '2024-12-29', '2025-05-15'),
('26EMHA03_0053', 2, 'Mozo/a almacén', 12, 'NO', 403, 'SI', 'NO', NULL, '2024-08-23', '2025-03-29'),
('26EMHA03_0053', 2, 'Mozo/a almacén', 12, 'SI', 541, 'SI', 'NO', NULL, '2025-04-06', '2025-08-18'),
('26EMHA03_0053', 6, 'Peón de obra', 3, 'NO', 309, 'SI', 'NO', NULL, '2025-11-17', NULL),
('25EMHA01_0055', 5, 'Auxiliar de clínica', 25, 'SI', 230, 'SI', 'NO', 'Contrato para seguimiento de inserción.', '2025-10-08', NULL),
('25EMHA10_0054', 6, 'Operario/a', 5, 'SI', 150, 'SI', 'SI', NULL, '2025-12-30', NULL),
('25EMHA01_0055', 9, 'Cristalero/a', 8, 'NO', 250, 'SI', 'NO', 'Contrato para seguimiento de inserción.', '2024-01-05', '2024-06-28'),
('25EMHA10_0054', 6, 'Ayudante de mantenimiento', 5, 'NO', 350, 'SI', 'NO', NULL, '2024-08-06', '2025-01-10'),
('25EMHA10_0054', 7, 'Operador/a de datos', 30, 'SI', 501, 'SI', 'SI', 'Contrato para seguimiento de inserción.', '2025-05-01', '2025-08-01'),
('25EMHA10_0054', 1, 'Camarero/a', 11, 'SI', 150, 'SI', 'SI', NULL, '2025-02-03', '2025-09-15'),
('26EMHA09_0056', 9, 'Personal de limpieza', 18, 'SI', 350, 'SI', 'SI', 'Contrato para seguimiento de inserción.', '2025-08-27', '2025-11-12'),
('26EMHA09_0056', 5, 'Celador/a', 25, 'SI', 502, 'SI', 'SI', NULL, '2025-03-23', '2025-09-25'),
('25EMHA20_0057', 3, 'Auxiliar de logística', 6, 'NO', 420, 'SI', 'SI', NULL, '2025-09-21', NULL),
('25EMHA20_0057', 8, 'Gestor/a de incidencias', 29, 'SI', 300, 'NO', 'SI', 'Contrato para seguimiento de inserción.', '2025-11-29', '2026-01-17'),
('25EMHA20_0057', 2, 'Dependiente/a', 21, 'NO', 420, 'SI', 'SI', 'Contrato para seguimiento de inserción.', '2024-02-10', '2024-08-15'),
('25EMHA20_0058', 6, 'Operario/a', 5, 'SI', 550, 'SI', 'SI', NULL, '2025-10-30', '2026-01-20'),
('25EMHA20_0058', 10, 'Control de accesos', 23, 'SI', 389, 'SI', 'NO', NULL, '2024-03-17', '2024-09-06'),
('25EMHA20_0058', 4, 'Auxiliar administrativo/a', 16, 'NO', 418, 'SI', 'NO', NULL, '2024-04-13', '2024-07-18'),
('25EMHA20_0058', 1, 'Ayudante de cocina', 11, 'NO', 401, 'SI', 'SI', 'Contrato para seguimiento de inserción.', '2024-01-03', '2024-08-08'),
('26EMHA07_0059', 3, 'Repartidor/a', 6, 'SI', 139, 'SI', 'SI', NULL, '2024-10-11', '2025-03-27'),
('26EMHA03_0060', 6, 'Ayudante de mantenimiento', 5, 'NO', 541, 'SI', 'NO', NULL, '2024-09-23', '2025-03-08'),
('26EMHA03_0060', 6, 'Ayudante de mantenimiento', 5, 'NO', 518, 'SI', 'SI', NULL, '2024-06-22', '2024-12-22'),
('26EMHA07_0059', 1, 'Camarero/a', 28, 'NO', 430, 'NO', 'NO', NULL, '2024-05-27', '2024-11-17'),
('26EMHA03_0060', 9, 'Cristalero/a', 17, 'SI', 520, 'SI', 'NO', 'Contrato para seguimiento de inserción.', '2024-02-26', '2024-10-04'),
('25EMHA20_0061', 8, 'Teleoperador/a', 29, 'SI', 552, 'SI', 'SI', NULL, '2024-08-16', '2025-03-08'),
('25EMHA20_0061', 10, 'Control de accesos', 22, 'SI', 550, 'NO', 'NO', NULL, '2024-03-05', '2024-04-23'),
('25EMHA01_0062', 7, 'Operador/a de datos', 19, 'NO', 520, 'SI', 'NO', NULL, '2024-04-10', '2024-06-30'),
('25EMHA01_0062', 1, 'Camarero/a', 11, 'NO', 100, 'NO', 'SI', NULL, '2025-11-07', NULL),
('25EMHA20_0061', 3, 'Repartidor/a', 7, 'NO', 200, 'NO', 'NO', NULL, '2024-02-21', '2024-07-30'),
('25EMHA20_0061', 10, 'Vigilante (sin arma)', 23, 'NO', 339, 'SI', 'SI', 'Contrato para seguimiento de inserción.', '2024-12-10', '2025-06-04'),
('25EMHA20_0061', 10, 'Auxiliar de seguridad', 26, 'SI', 508, 'SI', 'SI', NULL, '2025-09-12', '2025-11-18'),
('25EMHA20_0061', 6, 'Peón de obra', 5, 'NO', 350, 'SI', 'NO', NULL, '2025-09-05', NULL),
('25EMHA29_0063', 7, 'Helpdesk', 30, 'NO', 339, 'SI', 'SI', NULL, '2024-04-17', '2024-06-05'),
('25EMHA29_0063', 9, 'Operario/a limpieza', 18, 'SI', 100, 'SI', 'SI', NULL, '2025-11-15', '2026-01-25'),
('25EMHA29_0063', 9, 'Operario/a limpieza', 17, 'NO', 200, 'NO', 'SI', NULL, '2024-02-05', '2024-07-14'),
('25EMHA29_0063', 5, 'Auxiliar de clínica', 25, 'SI', 518, 'SI', 'SI', NULL, '2025-11-29', '2026-01-01'),
('25EMHA29_0063', 10, 'Vigilante (sin arma)', 26, 'SI', 420, 'NO', 'NO', NULL, '2024-07-04', '2024-10-28'),
('25EMHA29_0063', 10, 'Auxiliar de seguridad', 23, 'NO', 139, 'SI', 'SI', NULL, '2024-06-04', '2024-12-19'),
('25EMHA03_0065', 8, 'Teleoperador/a', 29, 'SI', 150, 'SI', 'SI', NULL, '2024-01-01', '2024-03-12'),
('26EMHA09_0064', 5, 'Celador/a', 25, 'NO', 109, 'NO', 'SI', NULL, '2024-12-02', '2025-06-16'),
('25EMHA03_0065', 4, 'Auxiliar administrativo/a', 16, 'SI', 289, 'SI', 'NO', NULL, '2025-09-27', NULL),
('26EMHA09_0064', 9, 'Cristalero/a', 8, 'NO', 401, 'SI', 'SI', NULL, '2024-02-02', '2024-05-27'),
('26EMHA09_0064', 8, 'Atención al cliente', 29, 'NO', 389, 'SI', 'NO', NULL, '2025-06-22', '2025-12-31'),
('26EMHA09_0064', 10, 'Control de accesos', 22, 'SI', 389, 'NO', 'NO', NULL, '2024-04-04', '2024-09-09'),
('25EMHA03_0065', 5, 'Celador/a', 20, 'NO', 209, 'NO', 'SI', NULL, '2024-02-11', '2024-06-20'),
('26EMHA09_0064', 10, 'Vigilante (sin arma)', 26, 'SI', 530, 'SI', 'SI', NULL, '2025-03-04', '2025-09-12'),
('25EMHA03_0065', 8, 'Teleoperador/a', 9, 'SI', 421, 'NO', 'NO', NULL, '2025-01-21', '2025-08-15'),
('26EMHA09_0064', 9, 'Operario/a limpieza', 14, 'NO', 350, 'SI', 'SI', NULL, '2025-05-27', '2025-09-27'),
('26EMHA10_0066', 9, 'Cristalero/a', 8, 'SI', 289, 'SI', 'SI', NULL, '2024-04-14', '2024-06-14'),
('26EMHA10_0066', 2, 'Dependiente/a', 21, 'SI', 402, 'NO', 'SI', NULL, '2024-05-19', '2024-10-14'),
('26EMHA10_0066', 8, 'Atención al cliente', 1, 'SI', 503, 'SI', 'SI', NULL, '2025-04-05', '2025-07-09'),
('26EMHA10_0066', 1, 'Ayudante de cocina', 11, 'NO', 501, 'SI', 'SI', NULL, '2024-10-25', '2025-03-23'),
('25EMHA13_0067', 6, 'Operario/a', 3, 'SI', 501, 'SI', 'NO', NULL, '2025-12-16', NULL),
('25EMHA13_0067', 7, 'Helpdesk', 30, 'NO', 450, 'SI', 'NO', 'Contrato para seguimiento de inserción.', '2024-04-24', '2024-12-05'),
('25EMHA13_0067', 7, 'Helpdesk', 30, 'SI', 421, 'SI', 'NO', NULL, '2025-09-15', NULL),
('25EMHA13_0067', 7, 'Operador/a de datos', 27, 'NO', 289, 'SI', 'NO', 'Contrato para seguimiento de inserción.', '2024-01-17', '2024-06-30'),
('25EMHA13_0067', 2, 'Dependiente/a', 10, 'SI', 450, 'SI', 'SI', NULL, '2025-08-14', '2026-01-05'),
('25EMHA04_0068', 9, 'Personal de limpieza', 14, 'SI', 403, 'SI', 'SI', NULL, '2024-08-01', '2024-12-27'),
('25EMHA04_0068', 8, 'Gestor/a de incidencias', 1, 'SI', 100, 'SI', 'SI', NULL, '2025-10-13', '2026-01-08'),
('25EMHA04_0068', 10, 'Control de accesos', 4, 'NO', 189, 'NO', 'SI', NULL, '2025-11-10', NULL),
('25EMHA02_0069', 10, 'Control de accesos', 22, 'NO', 450, 'SI', 'SI', NULL, '2024-07-21', '2024-10-29'),
('25EMHA02_0069', 6, 'Ayudante de mantenimiento', 3, 'NO', 502, 'SI', 'SI', NULL, '2025-07-10', '2026-01-25'),
('25EMHA02_0069', 7, 'Soporte técnico', 30, 'SI', 418, 'NO', 'NO', NULL, '2024-08-21', '2024-10-25'),
('25EMHA02_0069', 10, 'Vigilante (sin arma)', 23, 'SI', 518, 'SI', 'SI', NULL, '2025-10-27', '2025-12-10'),
('25EMHA02_0069', 1, 'Recepcionista hotel', 28, 'NO', 518, 'SI', 'NO', 'Contrato para seguimiento de inserción.', '2025-02-09', '2025-05-04'),
('25EMHA02_0069', 10, 'Auxiliar de seguridad', 23, 'NO', 403, 'SI', 'SI', 'Contrato para seguimiento de inserción.', '2024-07-31', '2025-02-02'),
('25EMHA02_0069', 8, 'Teleoperador/a', 9, 'SI', 541, 'NO', 'SI', NULL, '2024-10-09', '2025-04-21'),
('25EMHA02_0069', 1, 'Ayudante de cocina', 28, 'SI', 550, 'NO', 'SI', 'Contrato para seguimiento de inserción.', '2025-01-27', '2025-03-27'),
('25EMHA02_0069', 8, 'Gestor/a de incidencias', 9, 'SI', 420, 'SI', 'SI', 'Contrato para seguimiento de inserción.', '2024-03-04', '2024-09-21'),
('26EMHA04_0070', 5, 'Auxiliar de clínica', 2, 'NO', 408, 'SI', 'SI', 'Contrato para seguimiento de inserción.', '2024-07-19', '2024-08-30'),
('26EMHA04_0070', 9, 'Cristalero/a', 17, 'SI', 309, 'SI', 'SI', NULL, '2024-07-11', '2024-09-04'),
('26EMHA04_0070', 6, 'Operario/a', 3, 'SI', 230, 'SI', 'SI', NULL, '2024-02-15', '2024-03-30'),
('26EMHA04_0070', 6, 'Ayudante de mantenimiento', 5, 'NO', 430, 'SI', 'SI', NULL, '2024-04-06', '2024-06-06'),
('26EMHA04_0070', 5, 'Auxiliar de clínica', 13, 'NO', 408, 'SI', 'SI', NULL, '2024-05-13', '2025-01-02'),
('26EMHA04_0070', 10, 'Control de accesos', 26, 'SI', 552, 'SI', 'SI', NULL, '2024-03-29', '2024-10-21'),
('25EMHA08_0071', 6, 'Operario/a', 5, 'SI', 550, 'SI', 'SI', NULL, '2025-07-20', '2025-09-20'),
('25EMHA08_0071', 9, 'Personal de limpieza', 17, 'NO', 230, 'SI', 'SI', NULL, '2024-05-08', '2024-09-15'),
('25EMHA08_0071', 5, 'Auxiliar de clínica', 13, 'NO', 502, 'SI', 'SI', 'Contrato para seguimiento de inserción.', '2024-05-05', '2024-11-28'),
('25EMHA14_0072', 9, 'Operario/a limpieza', 18, 'NO', 518, 'SI', 'SI', NULL, '2024-10-06', '2024-11-09'),
('25EMHA14_0072', 1, 'Ayudante de cocina', 11, 'NO', 530, 'SI', 'SI', NULL, '2025-05-11', '2025-10-01'),
('25EMHA14_0072', 5, 'Recepcionista centro médico', 2, 'SI', 401, 'SI', 'SI', 'Contrato para seguimiento de inserción.', '2024-08-26', '2025-01-15'),
('25EMHA14_0072', 10, 'Auxiliar de seguridad', 22, 'NO', 450, 'SI', 'SI', NULL, '2025-01-20', '2025-07-26'),
('25EMHA14_0072', 10, 'Auxiliar de seguridad', 22, 'NO', 230, 'SI', 'SI', 'Contrato para seguimiento de inserción.', '2024-06-07', '2024-10-17'),
('25EMHA14_0072', 2, 'Mozo/a almacén', 12, 'NO', 420, 'NO', 'SI', 'Contrato para seguimiento de inserción.', '2025-11-03', NULL),
('25EMHA14_0072', 9, 'Personal de limpieza', 24, 'NO', 150, 'SI', 'SI', NULL, '2025-05-21', '2025-08-30'),
('25EMHA14_0072', 1, 'Ayudante de cocina', 28, 'SI', 330, 'SI', 'SI', NULL, '2025-09-30', NULL),
('25EMHA14_0072', 10, 'Control de accesos', 23, 'SI', 418, 'SI', 'SI', NULL, '2025-02-04', '2025-08-08'),
('25EMHA14_0072', 10, 'Control de accesos', 22, 'NO', 339, 'NO', 'NO', NULL, '2024-02-27', '2024-10-13'),
('25EMHA27_0073', 10, 'Vigilante (sin arma)', 23, 'NO', 209, 'SI', 'NO', NULL, '2024-10-21', '2025-01-04'),
('25EMHA27_0073', 6, 'Ayudante de mantenimiento', 3, 'SI', 501, 'SI', 'SI', 'Contrato para seguimiento de inserción.', '2024-12-06', '2025-07-29'),
('25EMHA27_0073', 3, 'Auxiliar de logística', 15, 'SI', 401, 'NO', 'SI', 'Contrato para seguimiento de inserción.', '2025-04-22', '2025-07-11'),
('25EMHA27_0073', 9, 'Cristalero/a', 24, 'NO', 502, 'SI', 'SI', NULL, '2024-01-02', '2024-06-10'),
('25EMHA27_0073', 8, 'Atención al cliente', 1, 'NO', 510, 'SI', 'SI', NULL, '2025-09-18', NULL),
('25EMHA14_0074', 7, 'Operador/a de datos', 19, 'SI', 441, 'NO', 'NO', NULL, '2025-03-08', '2025-05-09'),
('25EMHA14_0074', 8, 'Teleoperador/a', 29, 'SI', 541, 'SI', 'SI', NULL, '2024-07-17', '2025-01-22'),
('25EMHA14_0074', 9, 'Cristalero/a', 18, 'NO', 139, 'NO', 'NO', 'Contrato para seguimiento de inserción.', '2024-04-04', '2024-08-21'),
('25EMHA14_0074', 8, 'Teleoperador/a', 9, 'NO', 418, 'SI', 'SI', NULL, '2024-01-20', '2024-07-20'),
('25EMHA14_0074', 8, 'Gestor/a de incidencias', 29, 'SI', 502, 'SI', 'SI', 'Contrato para seguimiento de inserción.', '2025-12-21', NULL),
('25EMHA14_0074', 10, 'Control de accesos', 26, 'SI', 150, 'SI', 'NO', NULL, '2024-04-04', '2024-10-25'),
('25EMHA14_0074', 3, 'Repartidor/a', 7, 'NO', 450, 'SI', 'SI', NULL, '2024-07-12', '2025-01-09'),
('25EMHA14_0074', 8, 'Teleoperador/a', 29, 'SI', 150, 'NO', 'SI', 'Contrato para seguimiento de inserción.', '2024-12-17', '2025-05-17'),
('25EMHA14_0076', 10, 'Auxiliar de seguridad', 4, 'SI', 130, 'SI', 'NO', NULL, '2024-10-22', '2025-05-18'),
('25EMHA14_0076', 8, 'Teleoperador/a', 9, 'NO', 418, 'SI', 'SI', NULL, '2025-05-03', '2025-06-19'),
('26EMHA08_0075', 5, 'Celador/a', 2, 'SI', 330, 'NO', 'SI', NULL, '2025-03-20', '2025-06-26'),
('25EMHA14_0076', 3, 'Repartidor/a', 15, 'NO', 403, 'NO', 'NO', 'Contrato para seguimiento de inserción.', '2024-02-24', '2024-06-27'),
('25EMHA13_0077', 6, 'Peón de obra', 5, 'SI', 540, 'SI', 'NO', NULL, '2025-11-08', NULL),
('25EMHA13_0077', 2, 'Dependiente/a', 10, 'NO', 130, 'SI', 'NO', NULL, '2024-11-17', '2025-06-30'),
('25EMHA13_0077', 9, 'Cristalero/a', 14, 'SI', 189, 'SI', 'SI', NULL, '2025-01-18', '2025-03-31'),
('25EMHA13_0077', 7, 'Helpdesk', 30, 'SI', 450, 'NO', 'SI', 'Contrato para seguimiento de inserción.', '2024-01-05', '2024-03-08'),
('25EMHA13_0077', 7, 'Helpdesk', 19, 'NO', 150, 'SI', 'SI', NULL, '2025-11-25', NULL),
('25EMHA08_0078', 2, 'Dependiente/a', 12, 'NO', 502, 'NO', 'NO', NULL, '2025-04-01', '2025-11-13'),
('25EMHA24_0079', 7, 'Soporte técnico', 27, 'SI', 430, 'SI', 'NO', NULL, '2025-07-29', NULL),
('25EMHA08_0078', 7, 'Soporte técnico', 27, 'NO', 130, 'NO', 'SI', NULL, '2025-06-30', '2025-12-27'),
('25EMHA08_0078', 2, 'Mozo/a almacén', 21, 'NO', 250, 'SI', 'SI', NULL, '2025-11-16', NULL),
('25EMHA08_0078', 3, 'Repartidor/a', 15, 'SI', 289, 'SI', 'SI', NULL, '2024-03-03', '2024-05-18'),
('25EMHA08_0078', 9, 'Personal de limpieza', 18, 'NO', 250, 'SI', 'SI', NULL, '2025-04-15', '2025-06-27'),
('26EMHA05_0080', 10, 'Vigilante (sin arma)', 23, 'NO', 350, 'SI', 'SI', NULL, '2025-12-04', '2026-01-24'),
('26EMHA05_0080', 10, 'Vigilante (sin arma)', 26, 'SI', 139, 'SI', 'SI', 'Contrato para seguimiento de inserción.', '2025-01-30', '2025-07-06'),
('26EMHA05_0080', 5, 'Recepcionista centro médico', 20, 'SI', 420, 'SI', 'SI', NULL, '2024-04-19', '2024-11-03'),
('26EMHA05_0080', 5, 'Recepcionista centro médico', 2, 'SI', 510, 'SI', 'SI', NULL, '2024-07-23', '2024-12-01'),
('26EMHA05_0080', 2, 'Mozo/a almacén', 10, 'NO', 402, 'SI', 'NO', 'Contrato para seguimiento de inserción.', '2025-09-07', NULL),
('26EMHA05_0080', 2, 'Visual merchandiser junior', 12, 'NO', 518, 'SI', 'NO', NULL, '2024-08-16', '2024-10-07'),
('26EMHA05_0080', 5, 'Auxiliar de clínica', 2, 'SI', 230, 'SI', 'SI', NULL, '2024-08-03', '2025-01-22'),
('26EMHA05_0080', 7, 'Helpdesk', 27, 'SI', 541, 'NO', 'SI', 'Contrato para seguimiento de inserción.', '2024-02-04', '2024-08-16'),
('26EMHA05_0080', 10, 'Control de accesos', 26, 'NO', 421, 'SI', 'SI', NULL, '2025-02-25', '2025-08-21'),
('25EMHA24_0081', 8, 'Atención al cliente', 9, 'NO', 200, 'SI', 'NO', NULL, '2025-04-09', '2025-10-22'),
('25EMHA24_0081', 7, 'Helpdesk', 27, 'SI', 520, 'SI', 'SI', NULL, '2025-08-27', '2026-01-11'),
('25EMHA24_0081', 5, 'Recepcionista centro médico', 13, 'SI', 150, 'SI', 'SI', NULL, '2025-07-10', '2025-08-17'),
('26EMHA07_0082', 9, 'Personal de limpieza', 8, 'NO', 403, 'SI', 'NO', NULL, '2024-02-28', '2024-05-05'),
('26EMHA07_0082', 8, 'Gestor/a de incidencias', 29, 'NO', 109, 'SI', 'NO', NULL, '2025-10-18', '2025-11-29'),
('26EMHA07_0082', 10, 'Control de accesos', 23, 'SI', 552, 'SI', 'SI', NULL, '2025-07-09', '2025-10-19'),
('26EMHA11_0083', 9, 'Personal de limpieza', 17, 'SI', 402, 'SI', 'SI', NULL, '2025-02-20', '2025-10-06'),
('26EMHA11_0083', 5, 'Recepcionista centro médico', 20, 'NO', 300, 'SI', 'SI', NULL, '2025-11-26', NULL),
('26EMHA11_0083', 7, 'Soporte técnico', 30, 'SI', 420, 'SI', 'NO', NULL, '2024-10-20', '2025-02-18'),
('26EMHA11_0083', 10, 'Vigilante (sin arma)', 26, 'NO', 309, 'NO', 'SI', 'Contrato para seguimiento de inserción.', '2025-02-14', '2025-06-12'),
('26EMHA11_0083', 6, 'Ayudante de mantenimiento', 3, 'SI', 530, 'SI', 'SI', NULL, '2025-11-24', NULL),
('26EMHA11_0083', 9, 'Cristalero/a', 17, 'NO', 401, 'SI', 'SI', NULL, '2024-04-19', '2024-05-24'),
('26EMHA11_0083', 3, 'Repartidor/a', 6, 'SI', 552, 'SI', 'SI', NULL, '2024-08-30', '2024-11-30'),
('25EMHA06_0084', 4, 'Auxiliar administrativo/a', 16, 'SI', 239, 'NO', 'SI', NULL, '2025-11-07', '2026-01-12'),
('25EMHA06_0084', 2, 'Dependiente/a', 12, 'SI', 510, 'SI', 'NO', NULL, '2024-04-07', '2024-10-15'),
('25EMHA06_0084', 5, 'Auxiliar de clínica', 20, 'NO', 420, 'SI', 'NO', 'Contrato para seguimiento de inserción.', '2026-01-06', NULL),
('26EMHA03_0086', 2, 'Mozo/a almacén', 10, 'NO', 540, 'SI', 'SI', NULL, '2025-04-17', '2025-12-10'),
('25EMHA04_0085', 9, 'Cristalero/a', 14, 'SI', 130, 'SI', 'SI', NULL, '2024-08-18', '2024-11-15'),
('26EMHA03_0086', 10, 'Vigilante (sin arma)', 4, 'SI', 408, 'SI', 'NO', 'Contrato para seguimiento de inserción.', '2025-06-11', '2025-10-26'),
('26EMHA03_0086', 10, 'Auxiliar de seguridad', 26, 'NO', 520, 'SI', 'SI', NULL, '2025-11-19', NULL),
('25EMHA04_0085', 1, 'Recepcionista hotel', 11, 'NO', 403, 'SI', 'SI', NULL, '2024-01-14', '2024-03-04'),
('26EMHA03_0086', 1, 'Recepcionista hotel', 28, 'NO', 503, 'SI', 'SI', 'Contrato para seguimiento de inserción.', '2024-11-17', '2025-01-05'),
('26EMHA03_0086', 2, 'Visual merchandiser junior', 12, 'NO', 418, 'NO', 'SI', NULL, '2024-04-20', '2024-09-23'),
('26EMHA03_0086', 4, 'Auxiliar administrativo/a', 16, 'SI', 421, 'SI', 'SI', NULL, '2025-09-08', NULL),
('26EMHA03_0086', 3, 'Auxiliar de logística', 6, 'NO', 289, 'NO', 'SI', NULL, '2025-04-08', '2025-10-19'),
('26EMHA03_0086', 4, 'Back office', 16, 'NO', 421, 'SI', 'SI', NULL, '2025-10-28', '2025-12-05'),
('25EMHA28_0087', 8, 'Atención al cliente', 9, 'NO', 501, 'SI', 'SI', NULL, '2024-07-04', '2025-01-29'),
('25EMHA28_0087', 5, 'Auxiliar de clínica', 13, 'SI', 189, 'SI', 'SI', NULL, '2024-03-07', '2024-08-09'),
('25EMHA28_0087', 3, 'Operario/a de almacén', 15, 'NO', 330, 'SI', 'SI', NULL, '2025-11-11', NULL),
('25EMHA28_0087', 8, 'Atención al cliente', 1, 'NO', 150, 'SI', 'SI', 'Contrato para seguimiento de inserción.', '2025-10-25', '2025-11-28'),
('25EMHA28_0087', 9, 'Operario/a limpieza', 14, 'NO', 401, 'SI', 'SI', 'Contrato para seguimiento de inserción.', '2024-09-21', '2024-11-24'),
('25EMHA28_0087', 6, 'Peón de obra', 5, 'NO', 250, 'NO', 'SI', NULL, '2024-09-24', '2025-04-29'),
('25EMHA28_0087', 10, 'Auxiliar de seguridad', 4, 'NO', 300, 'SI', 'NO', NULL, '2025-04-27', '2025-12-14'),
('25EMHA28_0087', 9, 'Cristalero/a', 24, 'NO', 520, 'SI', 'SI', 'Contrato para seguimiento de inserción.', '2025-06-07', '2025-08-10'),
('25EMHA28_0087', 5, 'Auxiliar de clínica', 2, 'SI', 450, 'SI', 'SI', 'Contrato para seguimiento de inserción.', '2024-11-10', '2025-01-14'),
('25EMHA28_0087', 6, 'Peón de obra', 5, 'SI', 508, 'SI', 'SI', NULL, '2024-10-01', '2025-05-14'),
('26EMHA12_0088', 7, 'Operador/a de datos', 30, 'SI', 410, 'SI', 'SI', NULL, '2024-10-06', '2025-02-28'),
('26EMHA12_0088', 2, 'Visual merchandiser junior', 21, 'SI', 540, 'SI', 'SI', 'Contrato para seguimiento de inserción.', '2025-06-26', '2025-08-27'),
('26EMHA12_0088', 5, 'Auxiliar de clínica', 25, 'NO', 410, 'SI', 'SI', 'Contrato para seguimiento de inserción.', '2025-04-14', '2025-07-05'),
('26EMHA12_0088', 8, 'Gestor/a de incidencias', 29, 'SI', 309, 'SI', 'SI', 'Contrato para seguimiento de inserción.', '2024-09-04', '2024-11-07'),
('26EMHA12_0088', 9, 'Cristalero/a', 14, 'SI', 550, 'SI', 'NO', NULL, '2024-04-25', '2024-10-17'),
('26EMHA08_0089', 5, 'Auxiliar de clínica', 2, 'SI', 541, 'SI', 'SI', 'Contrato para seguimiento de inserción.', '2024-03-15', '2024-05-07'),
('26EMHA08_0089', 6, 'Operario/a', 3, 'NO', 410, 'SI', 'SI', 'Contrato para seguimiento de inserción.', '2024-02-11', '2024-05-16'),
('26EMHA08_0089', 9, 'Cristalero/a', 14, 'SI', 130, 'SI', 'SI', 'Contrato para seguimiento de inserción.', '2025-02-02', '2025-03-04'),
('26EMHA08_0089', 8, 'Teleoperador/a', 1, 'NO', 139, 'NO', 'SI', NULL, '2024-05-17', '2024-08-21'),
('26EMHA08_0089', 7, 'Soporte técnico', 30, 'NO', 450, 'SI', 'SI', NULL, '2024-04-05', '2024-09-14'),
('26EMHA08_0089', 3, 'Auxiliar de logística', 7, 'NO', 230, 'SI', 'NO', NULL, '2024-05-31', '2024-09-24'),
('26EMHA08_0089', 8, 'Gestor/a de incidencias', 9, 'NO', 309, 'SI', 'SI', NULL, '2024-09-27', '2025-03-17'),
('25EMHA29_0091', 9, 'Cristalero/a', 8, 'NO', 250, 'SI', 'SI', 'Contrato para seguimiento de inserción.', '2025-09-06', '2026-01-20'),
('25EMHA29_0091', 3, 'Repartidor/a', 7, 'SI', 541, 'NO', 'NO', NULL, '2025-05-17', '2025-09-30'),
('25EMHA16_0090', 7, 'Operador/a de datos', 19, 'SI', 530, 'SI', 'SI', NULL, '2025-07-29', '2025-12-02'),
('25EMHA29_0091', 7, 'Soporte técnico', 19, 'SI', 530, 'SI', 'SI', 'Contrato para seguimiento de inserción.', '2024-05-23', '2024-10-02'),
('25EMHA16_0090', 5, 'Recepcionista centro médico', 20, 'SI', 209, 'NO', 'SI', 'Contrato para seguimiento de inserción.', '2025-04-25', '2025-07-13'),
('25EMHA16_0090', 5, 'Celador/a', 25, 'SI', 403, 'SI', 'SI', NULL, '2024-05-04', '2024-09-20'),
('25EMHA16_0090', 7, 'Operador/a de datos', 30, 'NO', 150, 'SI', 'NO', NULL, '2025-12-05', '2026-01-20'),
('25EMHA29_0091', 8, 'Atención al cliente', 29, 'NO', 389, 'NO', 'NO', NULL, '2024-10-28', '2024-12-03'),
('25EMHA16_0090', 5, 'Recepcionista centro médico', 13, 'NO', 230, 'SI', 'NO', NULL, '2024-04-12', '2024-10-11'),
('26EMHA11_0093', 6, 'Ayudante de mantenimiento', 5, 'SI', 418, 'NO', 'SI', 'Contrato para seguimiento de inserción.', '2025-10-03', '2025-11-08'),
('26EMHA11_0093', 9, 'Cristalero/a', 24, 'NO', 410, 'SI', 'SI', NULL, '2026-01-04', NULL),
('25EMHA23_0094', 6, 'Operario/a', 5, 'SI', 520, 'SI', 'NO', 'Contrato para seguimiento de inserción.', '2024-09-17', '2025-02-18'),
('25EMHA23_0094', 9, 'Personal de limpieza', 18, 'NO', 230, 'NO', 'SI', NULL, '2024-01-22', '2024-06-05'),
('25EMHA23_0094', 8, 'Atención al cliente', 9, 'SI', 540, 'NO', 'SI', NULL, '2025-11-16', NULL),
('25EMHA23_0094', 8, 'Gestor/a de incidencias', 1, 'SI', 189, 'SI', 'SI', 'Contrato para seguimiento de inserción.', '2024-12-15', '2025-04-03'),
('25EMHA23_0094', 9, 'Cristalero/a', 14, 'NO', 501, 'NO', 'SI', 'Contrato para seguimiento de inserción.', '2024-11-09', '2025-06-30');

INSERT INTO employment_contracts (expediente, sector_id, position, company_id, is_itinerary_company_contract, contract_code, attached_contract, attached_work_life, observations, start_date, end_date) VALUES
('25EMHA10_0095', 10, 'Control de accesos', 4, 'NO', 189, 'SI', 'SI', NULL, '2026-01-06', NULL),
('25EMHA10_0095', 3, 'Operario/a de almacén', 7, 'SI', 401, 'SI', 'SI', NULL, '2024-10-09', '2024-11-13'),
('25EMHA10_0095', 3, 'Operario/a de almacén', 6, 'NO', 510, 'SI', 'SI', NULL, '2024-10-14', '2024-12-21'),
('25EMHA10_0095', 8, 'Atención al cliente', 29, 'SI', 410, 'SI', 'SI', NULL, '2025-07-12', '2025-10-01'),
('25EMHA10_0095', 3, 'Auxiliar de logística', 7, 'SI', 530, 'SI', 'SI', NULL, '2025-07-08', '2025-12-17'),
('25EMHA10_0095', 10, 'Control de accesos', 4, 'NO', 389, 'NO', 'SI', NULL, '2024-05-20', '2024-09-18'),
('25EMHA10_0095', 8, 'Teleoperador/a', 9, 'NO', 209, 'SI', 'SI', NULL, '2024-09-03', '2024-12-01'),
('25EMHA10_0095', 2, 'Visual merchandiser junior', 12, 'SI', 150, 'SI', 'SI', NULL, '2025-07-22', '2026-01-10'),
('25EMHA02_0096', 9, 'Personal de limpieza', 14, 'NO', 501, 'SI', 'SI', NULL, '2024-09-30', '2025-05-05'),
('26EMHA11_0097', 10, 'Control de accesos', 26, 'NO', 350, 'SI', 'SI', NULL, '2024-07-19', '2025-03-05'),
('26EMHA11_0097', 1, 'Ayudante de cocina', 28, 'NO', 109, 'SI', 'SI', NULL, '2025-02-08', '2025-03-09'),
('25EMHA02_0096', 3, 'Operario/a de almacén', 15, 'SI', 520, 'NO', 'SI', NULL, '2024-12-26', '2025-06-28'),
('25EMHA02_0096', 6, 'Peón de obra', 5, 'SI', 309, 'SI', 'SI', 'Contrato para seguimiento de inserción.', '2024-02-29', '2024-08-24'),
('25EMHA02_0096', 4, 'Recepcionista', 16, 'SI', 518, 'SI', 'NO', NULL, '2024-07-18', '2024-12-15'),
('25EMHA02_0096', 2, 'Visual merchandiser junior', 10, 'SI', 189, 'SI', 'SI', NULL, '2024-07-06', '2025-02-15'),
('25EMHA02_0096', 6, 'Peón de obra', 3, 'NO', 250, 'SI', 'SI', NULL, '2025-08-08', NULL),
('25EMHA09_0098', 9, 'Cristalero/a', 18, 'SI', 530, 'SI', 'SI', 'Contrato para seguimiento de inserción.', '2024-04-24', '2024-09-04'),
('25EMHA01_0099', 5, 'Recepcionista centro médico', 2, 'NO', 200, 'SI', 'SI', NULL, '2025-02-09', '2025-05-21'),
('25EMHA01_0099', 10, 'Vigilante (sin arma)', 23, 'SI', 209, 'NO', 'NO', 'Contrato para seguimiento de inserción.', '2025-07-19', '2025-10-04'),
('25EMHA09_0098', 10, 'Auxiliar de seguridad', 23, 'NO', 250, 'SI', 'NO', NULL, '2024-12-08', '2025-03-25'),
('25EMHA09_0098', 10, 'Control de accesos', 26, 'NO', 420, 'SI', 'SI', 'Contrato para seguimiento de inserción.', '2025-03-17', '2025-06-05'),
('25EMHA01_0099', 3, 'Operario/a de almacén', 6, 'SI', 408, 'SI', 'NO', NULL, '2024-03-13', '2024-10-16'),
('25EMHA01_0099', 10, 'Auxiliar de seguridad', 4, 'SI', 520, 'SI', 'SI', NULL, '2024-09-04', '2024-11-30'),
('26EMHA05_0100', 9, 'Cristalero/a', 24, 'NO', 389, 'SI', 'SI', 'Contrato para seguimiento de inserción.', '2025-03-22', '2025-09-30'),
('26EMHA05_0100', 3, 'Repartidor/a', 7, 'SI', 552, 'NO', 'SI', NULL, '2025-06-06', '2025-08-02'),
('26EMHA05_0100', 3, 'Operario/a de almacén', 15, 'SI', 389, 'SI', 'SI', 'Contrato para seguimiento de inserción.', '2024-11-25', '2025-05-07'),
('26EMHA05_0100', 10, 'Vigilante (sin arma)', 26, 'SI', 430, 'SI', 'SI', NULL, '2025-10-01', NULL),
('26EMHA01_0101', 7, 'Soporte técnico', 27, 'SI', 420, 'SI', 'NO', NULL, '2025-09-08', NULL),
('26EMHA01_0101', 9, 'Cristalero/a', 8, 'SI', 109, 'SI', 'SI', NULL, '2025-08-11', '2025-10-24'),
('26EMHA01_0103', 10, 'Vigilante (sin arma)', 22, 'NO', 239, 'SI', 'SI', NULL, '2025-03-18', '2025-06-27'),
('26EMHA01_0103', 9, 'Operario/a limpieza', 18, 'SI', 540, 'SI', 'SI', NULL, '2024-09-16', '2025-04-26'),
('26EMHA01_0103', 9, 'Personal de limpieza', 17, 'SI', 109, 'NO', 'SI', NULL, '2025-05-30', '2025-07-23'),
('26EMHA01_0103', 3, 'Repartidor/a', 6, 'SI', 518, 'SI', 'SI', NULL, '2025-04-10', '2025-08-24'),
('26EMHA01_0103', 7, 'Operador/a de datos', 19, 'SI', 450, 'SI', 'SI', 'Contrato para seguimiento de inserción.', '2024-12-23', '2025-04-04'),
('26EMHA01_0103', 7, 'Helpdesk', 27, 'SI', 250, 'SI', 'NO', NULL, '2024-08-18', '2025-01-31'),
('26EMHA01_0103', 5, 'Auxiliar de clínica', 25, 'SI', 530, 'SI', 'SI', NULL, '2025-08-30', NULL),
('25EMHA22_0104', 5, 'Celador/a', 13, 'NO', 289, 'NO', 'SI', 'Contrato para seguimiento de inserción.', '2024-08-21', '2025-02-23'),
('25EMHA22_0104', 10, 'Control de accesos', 23, 'SI', 452, 'SI', 'SI', NULL, '2024-02-13', '2024-04-21'),
('25EMHA06_0105', 3, 'Operario/a de almacén', 6, 'SI', 139, 'SI', 'SI', NULL, '2024-03-27', '2024-11-08'),
('25EMHA06_0105', 6, 'Peón de obra', 3, 'SI', 503, 'SI', 'SI', NULL, '2024-05-03', '2024-07-04'),
('26EMHA12_0106', 2, 'Visual merchandiser junior', 21, 'NO', 389, 'SI', 'NO', NULL, '2026-01-03', NULL),
('26EMHA12_0106', 5, 'Recepcionista centro médico', 25, 'SI', 402, 'SI', 'SI', NULL, '2025-06-08', '2025-12-26'),
('26EMHA12_0106', 3, 'Operario/a de almacén', 7, 'SI', 389, 'SI', 'SI', NULL, '2024-08-16', '2025-01-15'),
('26EMHA12_0106', 8, 'Gestor/a de incidencias', 9, 'SI', 300, 'NO', 'NO', NULL, '2025-11-05', NULL),
('25EMHA02_0107', 10, 'Control de accesos', 22, 'SI', 100, 'SI', 'SI', 'Contrato para seguimiento de inserción.', '2024-09-02', '2025-03-27'),
('25EMHA02_0107', 4, 'Auxiliar administrativo/a', 16, 'NO', 109, 'SI', 'SI', NULL, '2025-01-24', '2025-06-03'),
('25EMHA02_0107', 3, 'Repartidor/a', 6, 'SI', 209, 'SI', 'SI', NULL, '2025-03-31', '2025-11-04'),
('25EMHA02_0107', 8, 'Teleoperador/a', 1, 'NO', 401, 'SI', 'NO', NULL, '2025-11-23', NULL),
('26EMHA11_0109', 2, 'Dependiente/a', 12, 'SI', 330, 'SI', 'SI', NULL, '2024-08-07', '2024-11-14'),
('26EMHA04_0108', 9, 'Personal de limpieza', 18, 'SI', 502, 'SI', 'SI', NULL, '2024-04-16', '2024-07-12'),
('26EMHA11_0109', 9, 'Personal de limpieza', 8, 'SI', 520, 'SI', 'SI', NULL, '2024-11-10', '2025-02-15'),
('26EMHA04_0108', 9, 'Cristalero/a', 14, 'NO', 109, 'NO', 'SI', 'Contrato para seguimiento de inserción.', '2025-07-29', '2025-11-17'),
('26EMHA04_0108', 7, 'Soporte técnico', 27, 'SI', 402, 'SI', 'NO', NULL, '2025-10-12', NULL),
('26EMHA11_0109', 9, 'Personal de limpieza', 24, 'SI', 150, 'NO', 'SI', NULL, '2024-08-18', '2025-03-12'),
('26EMHA11_0109', 4, 'Auxiliar administrativo/a', 16, 'SI', 452, 'SI', 'NO', NULL, '2024-02-06', '2024-07-06'),
('26EMHA11_0109', 2, 'Visual merchandiser junior', 10, 'NO', 250, 'NO', 'SI', NULL, '2025-05-26', '2025-08-12'),
('26EMHA11_0109', 9, 'Operario/a limpieza', 18, 'SI', 550, 'SI', 'NO', NULL, '2025-01-23', '2025-03-19'),
('26EMHA10_0110', 9, 'Cristalero/a', 17, 'SI', 339, 'SI', 'SI', NULL, '2025-10-13', NULL),
('26EMHA10_0110', 5, 'Celador/a', 13, 'NO', 510, 'NO', 'SI', NULL, '2026-01-15', NULL),
('25EMHA28_0111', 7, 'Soporte técnico', 30, 'SI', 530, 'NO', 'SI', NULL, '2025-03-28', '2025-05-13'),
('25EMHA28_0111', 3, 'Operario/a de almacén', 6, 'NO', 552, 'SI', 'NO', NULL, '2025-06-16', '2025-11-20'),
('25EMHA28_0111', 9, 'Cristalero/a', 8, 'SI', 408, 'SI', 'SI', NULL, '2024-01-13', '2024-03-10'),
('25EMHA28_0111', 2, 'Visual merchandiser junior', 12, 'SI', 540, 'SI', 'NO', NULL, '2024-08-26', '2025-04-16'),
('25EMHA28_0111', 3, 'Repartidor/a', 7, 'NO', 540, 'SI', 'SI', NULL, '2025-06-13', '2025-12-13'),
('25EMHA28_0111', 3, 'Operario/a de almacén', 15, 'NO', 408, 'SI', 'SI', 'Contrato para seguimiento de inserción.', '2024-01-25', '2024-04-24'),
('25EMHA18_0112', 1, 'Recepcionista hotel', 28, 'NO', 441, 'NO', 'SI', 'Contrato para seguimiento de inserción.', '2025-06-14', '2025-07-20'),
('25EMHA18_0112', 3, 'Repartidor/a', 15, 'NO', 403, 'SI', 'SI', 'Contrato para seguimiento de inserción.', '2025-03-19', '2025-06-17'),
('25EMHA18_0112', 5, 'Recepcionista centro médico', 20, 'NO', 421, 'SI', 'SI', NULL, '2026-01-12', NULL),
('25EMHA18_0112', 9, 'Operario/a limpieza', 17, 'NO', 510, 'SI', 'SI', NULL, '2024-08-12', '2024-11-02'),
('25EMHA18_0112', 1, 'Recepcionista hotel', 11, 'SI', 410, 'SI', 'SI', NULL, '2024-05-22', '2024-11-08'),
('25EMHA18_0112', 9, 'Cristalero/a', 17, 'SI', 402, 'NO', 'SI', NULL, '2025-01-15', '2025-03-29'),
('25EMHA18_0112', 3, 'Repartidor/a', 7, 'NO', 309, 'SI', 'SI', NULL, '2024-02-07', '2024-03-17'),
('25EMHA18_0112', 5, 'Recepcionista centro médico', 20, 'NO', 339, 'SI', 'SI', NULL, '2025-05-25', '2025-07-02'),
('25EMHA18_0112', 10, 'Vigilante (sin arma)', 26, 'SI', 139, 'SI', 'SI', NULL, '2025-05-04', '2025-07-10'),
('25EMHA05_0113', 7, 'Helpdesk', 19, 'SI', 402, 'SI', 'SI', NULL, '2025-07-02', '2025-10-17'),
('26EMHA04_0114', 6, 'Operario/a', 5, 'SI', 408, 'SI', 'SI', NULL, '2025-07-04', '2025-09-05'),
('25EMHA05_0113', 9, 'Operario/a limpieza', 17, 'SI', 139, 'SI', 'SI', NULL, '2025-10-11', NULL),
('26EMHA04_0114', 4, 'Recepcionista', 16, 'NO', 520, 'NO', 'SI', NULL, '2025-04-25', '2025-10-22'),
('26EMHA04_0114', 9, 'Cristalero/a', 17, 'SI', 150, 'NO', 'SI', NULL, '2025-07-07', '2025-10-31'),
('26EMHA04_0114', 9, 'Cristalero/a', 17, 'SI', 139, 'SI', 'NO', NULL, '2025-11-19', '2026-01-29'),
('26EMHA04_0114', 3, 'Auxiliar de logística', 7, 'SI', 300, 'SI', 'SI', NULL, '2024-06-28', '2024-09-23'),
('25EMHA05_0113', 6, 'Ayudante de mantenimiento', 5, 'NO', 441, 'SI', 'NO', NULL, '2025-08-09', '2025-10-13'),
('25EMHA29_0115', 10, 'Control de accesos', 26, 'NO', 289, 'SI', 'SI', 'Contrato para seguimiento de inserción.', '2025-03-15', '2025-05-24'),
('25EMHA29_0115', 4, 'Recepcionista', 16, 'SI', 552, 'SI', 'NO', 'Contrato para seguimiento de inserción.', '2025-10-01', NULL),
('25EMHA29_0115', 2, 'Dependiente/a', 21, 'NO', 550, 'SI', 'SI', NULL, '2024-03-16', '2024-05-13'),
('26EMHA11_0116', 6, 'Ayudante de mantenimiento', 5, 'SI', 209, 'SI', 'SI', 'Contrato para seguimiento de inserción.', '2024-03-12', '2024-06-30'),
('25EMHA29_0115', 3, 'Repartidor/a', 15, 'SI', 408, 'SI', 'SI', NULL, '2025-02-22', '2025-05-28'),
('25EMHA29_0115', 3, 'Repartidor/a', 6, 'SI', 552, 'NO', 'NO', NULL, '2024-01-26', '2024-06-11'),
('26EMHA11_0116', 5, 'Celador/a', 20, 'SI', 330, 'SI', 'SI', NULL, '2024-06-18', '2024-08-01'),
('26EMHA11_0116', 5, 'Auxiliar de clínica', 2, 'SI', 150, 'NO', 'NO', NULL, '2025-05-24', '2025-06-28'),
('26EMHA05_0117', 3, 'Operario/a de almacén', 7, 'SI', 239, 'SI', 'SI', NULL, '2024-03-02', '2024-09-06'),
('26EMHA05_0117', 4, 'Back office', 16, 'SI', 452, 'SI', 'NO', NULL, '2024-07-15', '2025-01-19'),
('26EMHA05_0117', 2, 'Visual merchandiser junior', 12, 'SI', 100, 'SI', 'SI', NULL, '2025-06-18', '2025-08-17'),
('26EMHA05_0117', 8, 'Teleoperador/a', 29, 'SI', 402, 'NO', 'NO', NULL, '2025-01-07', '2025-04-24'),
('26EMHA05_0117', 9, 'Cristalero/a', 24, 'NO', 339, 'SI', 'SI', NULL, '2024-06-02', '2024-08-09'),
('25EMHA16_0118', 8, 'Gestor/a de incidencias', 29, 'NO', 420, 'SI', 'NO', NULL, '2024-08-19', '2025-01-12'),
('25EMHA16_0118', 8, 'Gestor/a de incidencias', 1, 'SI', 350, 'SI', 'NO', NULL, '2024-09-25', '2025-02-03'),
('25EMHA16_0118', 6, 'Operario/a', 3, 'SI', 501, 'SI', 'SI', NULL, '2025-07-27', NULL),
('25EMHA16_0118', 2, 'Visual merchandiser junior', 10, 'SI', 421, 'SI', 'SI', NULL, '2025-07-27', NULL),
('25EMHA16_0118', 5, 'Recepcionista centro médico', 25, 'NO', 541, 'NO', 'NO', 'Contrato para seguimiento de inserción.', '2025-01-12', '2025-04-24'),
('25EMHA08_0119', 7, 'Helpdesk', 30, 'SI', 530, 'SI', 'NO', NULL, '2024-04-14', '2024-11-14'),
('25EMHA08_0119', 5, 'Auxiliar de clínica', 13, 'SI', 520, 'SI', 'NO', NULL, '2025-04-16', '2025-10-16'),
('25EMHA08_0119', 10, 'Auxiliar de seguridad', 22, 'SI', 150, 'SI', 'SI', NULL, '2025-09-29', NULL),
('25EMHA08_0119', 10, 'Vigilante (sin arma)', 4, 'SI', 552, 'SI', 'SI', NULL, '2024-11-24', '2025-06-04'),
('25EMHA08_0119', 7, 'Soporte técnico', 19, 'SI', 200, 'NO', 'SI', NULL, '2024-03-28', '2024-10-05'),
('25EMHA08_0119', 7, 'Operador/a de datos', 30, 'SI', 330, 'SI', 'SI', NULL, '2025-10-28', '2025-12-12'),
('25EMHA08_0119', 7, 'Helpdesk', 19, 'NO', 408, 'SI', 'NO', 'Contrato para seguimiento de inserción.', '2024-04-30', '2024-07-08'),
('25EMHA13_0120', 10, 'Auxiliar de seguridad', 23, 'NO', 510, 'SI', 'SI', NULL, '2024-08-03', '2025-01-11'),
('25EMHA13_0120', 9, 'Personal de limpieza', 17, 'SI', 518, 'SI', 'SI', NULL, '2025-03-13', '2025-07-09'),
('25EMHA13_0120', 2, 'Mozo/a almacén', 12, 'SI', 552, 'SI', 'SI', 'Contrato para seguimiento de inserción.', '2024-03-11', '2024-07-31'),
('25EMHA13_0120', 3, 'Repartidor/a', 7, 'NO', 100, 'NO', 'NO', NULL, '2025-06-15', '2025-07-22'),
('25EMHA13_0120', 7, 'Helpdesk', 30, 'NO', 230, 'NO', 'SI', NULL, '2025-09-05', '2025-11-20'),
('25EMHA13_0120', 6, 'Operario/a', 5, 'SI', 450, 'NO', 'SI', 'Contrato para seguimiento de inserción.', '2024-12-12', '2025-07-23'),
('25EMHA05_0121', 9, 'Cristalero/a', 24, 'SI', 300, 'SI', 'NO', NULL, '2024-10-12', '2024-12-07'),
('25EMHA05_0121', 5, 'Auxiliar de clínica', 2, 'SI', 530, 'NO', 'SI', NULL, '2025-11-30', NULL),
('25EMHA05_0121', 2, 'Dependiente/a', 21, 'SI', 541, 'SI', 'SI', 'Contrato para seguimiento de inserción.', '2025-06-08', '2025-12-23'),
('25EMHA05_0121', 10, 'Vigilante (sin arma)', 4, 'NO', 130, 'SI', 'SI', 'Contrato para seguimiento de inserción.', '2025-08-31', NULL),
('25EMHA05_0121', 9, 'Cristalero/a', 17, 'NO', 450, 'SI', 'SI', NULL, '2025-05-18', '2025-09-13'),
('25EMHA05_0121', 9, 'Operario/a limpieza', 14, 'NO', 230, 'NO', 'SI', NULL, '2024-05-25', '2024-09-27'),
('25EMHA05_0121', 2, 'Mozo/a almacén', 12, 'NO', 541, 'SI', 'NO', 'Contrato para seguimiento de inserción.', '2024-03-25', '2024-08-22'),
('25EMHA05_0121', 9, 'Cristalero/a', 14, 'NO', 508, 'SI', 'SI', NULL, '2025-11-15', NULL),
('26EMHA07_0122', 10, 'Control de accesos', 22, 'SI', 100, 'SI', 'SI', NULL, '2024-07-05', '2024-09-16'),
('26EMHA07_0122', 5, 'Recepcionista centro médico', 2, 'SI', 541, 'SI', 'NO', NULL, '2024-04-07', '2024-07-22'),
('26EMHA07_0122', 8, 'Teleoperador/a', 29, 'SI', 550, 'NO', 'SI', NULL, '2024-05-26', '2025-01-04'),
('26EMHA07_0122', 8, 'Gestor/a de incidencias', 1, 'NO', 139, 'SI', 'NO', NULL, '2024-12-26', '2025-08-17'),
('26EMHA07_0122', 9, 'Operario/a limpieza', 8, 'NO', 239, 'SI', 'SI', NULL, '2024-04-06', '2024-05-31'),
('26EMHA07_0122', 1, 'Recepcionista hotel', 28, 'NO', 109, 'SI', 'SI', NULL, '2024-07-15', '2024-12-12'),
('26EMHA07_0122', 10, 'Control de accesos', 4, 'SI', 150, 'SI', 'SI', NULL, '2024-02-20', '2024-06-23'),
('26EMHA07_0122', 2, 'Mozo/a almacén', 21, 'NO', 420, 'SI', 'SI', NULL, '2025-01-24', '2025-03-27'),
('26EMHA07_0122', 3, 'Repartidor/a', 15, 'NO', 289, 'NO', 'SI', NULL, '2025-10-03', NULL),
('26EMHA07_0122', 8, 'Gestor/a de incidencias', 1, 'SI', 239, 'SI', 'NO', NULL, '2024-05-06', '2024-06-07'),
('25EMHA11_0123', 5, 'Recepcionista centro médico', 20, 'NO', 230, 'SI', 'NO', NULL, '2025-10-26', NULL),
('25EMHA11_0123', 5, 'Recepcionista centro médico', 2, 'NO', 230, 'SI', 'SI', 'Contrato para seguimiento de inserción.', '2024-09-30', '2024-11-28'),
('25EMHA11_0123', 7, 'Operador/a de datos', 19, 'NO', 130, 'SI', 'SI', NULL, '2024-12-09', '2025-05-31'),
('25EMHA27_0124', 9, 'Personal de limpieza', 18, 'NO', 209, 'SI', 'NO', NULL, '2025-05-13', '2025-11-24'),
('25EMHA27_0124', 5, 'Recepcionista centro médico', 2, 'NO', 300, 'SI', 'SI', NULL, '2024-07-24', '2024-11-02'),
('25EMHA27_0124', 8, 'Atención al cliente', 9, 'SI', 420, 'SI', 'NO', NULL, '2025-09-19', '2026-01-25'),
('25EMHA27_0124', 1, 'Camarero/a', 11, 'NO', 350, 'SI', 'SI', NULL, '2024-05-05', '2024-08-03'),
('25EMHA27_0124', 2, 'Visual merchandiser junior', 21, 'SI', 518, 'SI', 'SI', NULL, '2024-02-10', '2024-08-14'),
('25EMHA27_0124', 1, 'Ayudante de cocina', 28, 'SI', 502, 'SI', 'NO', NULL, '2025-06-26', '2025-12-06'),
('25EMHA26_0125', 8, 'Teleoperador/a', 1, 'SI', 541, 'NO', 'NO', NULL, '2024-08-08', '2024-12-24'),
('25EMHA26_0125', 2, 'Visual merchandiser junior', 12, 'SI', 403, 'SI', 'SI', NULL, '2024-08-19', '2025-02-16'),
('25EMHA26_0125', 10, 'Control de accesos', 23, 'SI', 239, 'SI', 'SI', NULL, '2024-01-05', '2024-05-24'),
('25EMHA26_0125', 1, 'Camarero/a', 28, 'SI', 502, 'SI', 'SI', NULL, '2025-12-06', NULL),
('25EMHA26_0125', 3, 'Operario/a de almacén', 6, 'NO', 508, 'NO', 'SI', NULL, '2025-03-03', '2025-04-24'),
('25EMHA07_0127', 6, 'Ayudante de mantenimiento', 5, 'NO', 402, 'SI', 'NO', NULL, '2024-09-27', '2025-01-02'),
('25EMHA07_0127', 1, 'Recepcionista hotel', 11, 'NO', 350, 'SI', 'SI', NULL, '2025-08-10', '2025-10-11'),
('25EMHA08_0126', 10, 'Auxiliar de seguridad', 23, 'SI', 289, 'SI', 'SI', 'Contrato para seguimiento de inserción.', '2024-01-24', '2024-03-05'),
('25EMHA08_0126', 5, 'Recepcionista centro médico', 20, 'NO', 350, 'SI', 'NO', NULL, '2024-08-05', '2024-09-12'),
('25EMHA07_0127', 8, 'Atención al cliente', 1, 'SI', 503, 'SI', 'SI', NULL, '2024-07-06', '2024-12-26'),
('25EMHA08_0126', 8, 'Gestor/a de incidencias', 9, 'SI', 508, 'SI', 'NO', NULL, '2025-05-05', '2025-07-17'),
('25EMHA08_0126', 3, 'Operario/a de almacén', 6, 'SI', 510, 'SI', 'SI', NULL, '2024-12-05', '2025-04-17'),
('26EMHA02_0128', 10, 'Control de accesos', 26, 'SI', 350, 'SI', 'NO', NULL, '2024-05-14', '2024-12-04'),
('26EMHA02_0128', 6, 'Operario/a', 5, 'SI', 150, 'SI', 'NO', NULL, '2024-06-06', '2025-01-07'),
('26EMHA02_0128', 2, 'Mozo/a almacén', 21, 'NO', 540, 'SI', 'SI', NULL, '2024-01-17', '2024-03-28'),
('26EMHA02_0128', 5, 'Celador/a', 13, 'SI', 541, 'SI', 'NO', NULL, '2025-07-02', '2025-11-15'),
('26EMHA02_0128', 7, 'Helpdesk', 19, 'SI', 420, 'SI', 'SI', NULL, '2024-08-01', '2024-12-10'),
('25EMHA08_0129', 6, 'Peón de obra', 3, 'NO', 402, 'SI', 'NO', NULL, '2024-08-02', '2024-09-05'),
('25EMHA08_0129', 7, 'Soporte técnico', 27, 'SI', 209, 'SI', 'SI', NULL, '2025-06-07', '2025-12-12'),
('25EMHA08_0129', 10, 'Auxiliar de seguridad', 23, 'NO', 350, 'SI', 'NO', NULL, '2025-08-23', '2025-11-01'),
('25EMHA26_0130', 3, 'Auxiliar de logística', 7, 'NO', 450, 'SI', 'SI', NULL, '2025-12-27', NULL),
('25EMHA26_0130', 8, 'Gestor/a de incidencias', 1, 'SI', 518, 'SI', 'SI', NULL, '2025-01-10', '2025-07-01'),
('25EMHA26_0130', 6, 'Ayudante de mantenimiento', 3, 'SI', 520, 'NO', 'SI', 'Contrato para seguimiento de inserción.', '2025-10-21', '2025-12-24'),
('26EMHA11_0131', 2, 'Visual merchandiser junior', 10, 'SI', 541, 'SI', 'SI', 'Contrato para seguimiento de inserción.', '2024-09-16', '2025-03-04'),
('26EMHA11_0131', 2, 'Visual merchandiser junior', 10, 'SI', 402, 'SI', 'SI', 'Contrato para seguimiento de inserción.', '2024-10-30', '2025-05-01'),
('25EMHA21_0132', 5, 'Recepcionista centro médico', 25, 'SI', 452, 'SI', 'NO', NULL, '2025-04-03', '2025-10-10'),
('25EMHA21_0132', 7, 'Operador/a de datos', 30, 'SI', 239, 'SI', 'SI', NULL, '2025-02-18', '2025-08-20'),
('25EMHA21_0132', 5, 'Recepcionista centro médico', 2, 'NO', 230, 'NO', 'SI', NULL, '2025-01-09', '2025-09-03'),
('25EMHA21_0132', 9, 'Personal de limpieza', 24, 'NO', 510, 'SI', 'SI', NULL, '2024-12-20', '2025-08-10'),
('25EMHA21_0132', 7, 'Soporte técnico', 27, 'SI', 309, 'SI', 'NO', 'Contrato para seguimiento de inserción.', '2024-12-04', '2025-01-25'),
('25EMHA14_0133', 3, 'Repartidor/a', 15, 'SI', 109, 'SI', 'SI', NULL, '2025-07-30', NULL),
('25EMHA14_0133', 10, 'Auxiliar de seguridad', 26, 'NO', 510, 'SI', 'SI', NULL, '2024-12-10', '2025-03-23'),
('25EMHA14_0133', 2, 'Dependiente/a', 10, 'SI', 200, 'SI', 'NO', NULL, '2024-07-05', '2025-02-19'),
('25EMHA14_0133', 10, 'Control de accesos', 4, 'SI', 109, 'NO', 'SI', NULL, '2025-09-18', '2025-11-15'),
('25EMHA14_0133', 6, 'Peón de obra', 3, 'NO', 550, 'SI', 'SI', NULL, '2025-04-24', '2025-06-06'),
('25EMHA14_0133', 6, 'Ayudante de mantenimiento', 5, 'SI', 518, 'SI', 'NO', NULL, '2025-10-25', NULL),
('25EMHA14_0133', 3, 'Auxiliar de logística', 7, 'SI', 402, 'SI', 'SI', NULL, '2024-03-21', '2024-11-08'),
('25EMHA14_0133', 3, 'Auxiliar de logística', 7, 'SI', 502, 'NO', 'SI', 'Contrato para seguimiento de inserción.', '2025-11-29', NULL),
('25EMHA14_0133', 7, 'Soporte técnico', 27, 'NO', 552, 'SI', 'SI', 'Contrato para seguimiento de inserción.', '2025-06-17', '2025-08-17'),
('25EMHA14_0133', 2, 'Visual merchandiser junior', 12, 'SI', 550, 'SI', 'SI', NULL, '2025-09-10', NULL),
('25EMHA11_0134', 1, 'Recepcionista hotel', 28, 'SI', 289, 'SI', 'NO', NULL, '2025-05-18', '2025-11-26'),
('25EMHA11_0134', 8, 'Atención al cliente', 9, 'SI', 389, 'SI', 'SI', 'Contrato para seguimiento de inserción.', '2024-07-12', '2024-12-08'),
('25EMHA11_0134', 10, 'Vigilante (sin arma)', 23, 'SI', 139, 'NO', 'SI', NULL, '2024-02-27', '2024-10-20'),
('25EMHA11_0134', 6, 'Peón de obra', 5, 'NO', 552, 'SI', 'NO', NULL, '2024-06-09', '2024-12-02'),
('25EMHA11_0134', 5, 'Recepcionista centro médico', 13, 'NO', 309, 'SI', 'NO', NULL, '2025-07-22', '2025-11-11'),
('25EMHA25_0135', 7, 'Operador/a de datos', 30, 'SI', 552, 'SI', 'NO', NULL, '2024-06-13', '2024-12-22'),
('25EMHA25_0135', 9, 'Cristalero/a', 17, 'SI', 420, 'SI', 'SI', NULL, '2025-08-04', '2025-10-12');

INSERT INTO invitations (vacancy_id, student_id, status, sent_at, responded_at) VALUES
(57, 1, 'accepted', '2025-11-21 17:17:10', '2026-02-01 14:11:08'),
(6, 1, 'sent', '2025-08-05 08:46:09', NULL),
(8, 1, 'sent', '2025-09-08 11:21:27', NULL),
(55, 2, 'accepted', '2026-01-05 17:58:44', '2026-01-25 13:01:42'),
(56, 2, 'sent', '2025-11-26 12:52:33', NULL),
(70, 2, 'accepted', '2025-11-30 09:43:25', '2025-12-22 13:14:56'),
(48, 2, 'accepted', '2025-09-27 14:36:10', '2026-01-07 08:44:45'),
(46, 3, 'accepted', '2025-08-19 15:40:49', '2025-09-12 09:02:33'),
(18, 3, 'sent', '2025-12-03 09:42:07', NULL),
(17, 3, 'rejected', '2026-01-14 10:34:25', '2026-01-16 17:42:57'),
(13, 3, 'rejected', '2025-09-02 13:58:42', '2025-11-16 09:36:19'),
(25, 3, 'sent', '2025-10-19 16:19:02', NULL),
(24, 3, 'sent', '2025-09-23 11:14:40', NULL),
(67, 4, 'sent', '2026-01-30 16:52:50', NULL),
(48, 4, 'sent', '2025-07-27 15:08:02', NULL),
(61, 4, 'rejected', '2025-12-31 09:20:13', '2026-01-31 14:51:54'),
(31, 5, 'sent', '2025-07-29 13:30:58', NULL),
(34, 5, 'accepted', '2025-09-27 09:56:40', '2025-11-09 15:23:43'),
(49, 5, 'sent', '2025-07-02 08:08:07', NULL),
(13, 5, 'sent', '2025-11-28 13:49:08', NULL),
(59, 5, 'sent', '2025-07-24 13:47:57', NULL),
(68, 5, 'sent', '2025-06-04 17:05:25', NULL),
(71, 6, 'accepted', '2026-01-04 10:55:18', '2026-01-11 08:02:46'),
(9, 6, 'sent', '2025-12-30 18:44:07', NULL),
(17, 6, 'rejected', '2026-01-31 15:35:49', '2026-01-31 16:50:21'),
(51, 6, 'sent', '2026-01-31 16:23:03', NULL),
(7, 6, 'sent', '2025-08-16 08:39:30', NULL),
(50, 6, 'expired', '2025-12-25 14:51:02', '2026-01-22 11:20:35'),
(40, 7, 'accepted', '2025-11-20 13:00:44', '2025-12-24 16:48:27'),
(10, 7, 'sent', '2025-10-03 08:20:33', NULL),
(42, 7, 'sent', '2025-12-16 14:47:15', NULL),
(19, 7, 'sent', '2025-10-12 17:47:27', NULL),
(51, 7, 'sent', '2025-09-01 15:21:27', NULL),
(39, 7, 'rejected', '2026-01-14 16:10:18', '2026-02-01 08:53:13'),
(58, 8, 'sent', '2025-06-01 16:55:11', NULL),
(67, 8, 'sent', '2025-06-09 18:25:05', NULL),
(15, 8, 'sent', '2025-12-18 17:52:00', NULL),
(55, 8, 'sent', '2025-09-26 13:42:57', NULL),
(18, 9, 'rejected', '2026-01-19 18:41:56', '2026-01-29 10:07:43'),
(15, 9, 'sent', '2025-07-29 18:21:47', NULL),
(52, 9, 'accepted', '2025-06-20 11:15:43', '2025-11-21 17:24:22'),
(43, 9, 'rejected', '2025-06-18 11:38:37', '2025-07-20 16:34:49'),
(25, 9, 'sent', '2025-11-08 13:58:43', NULL),
(47, 9, 'sent', '2026-01-21 13:04:29', NULL),
(57, 9, 'accepted', '2025-08-29 08:32:49', '2025-12-12 16:45:51'),
(22, 10, 'sent', '2025-10-24 15:54:06', NULL),
(33, 10, 'accepted', '2025-06-02 13:02:59', '2025-07-23 16:05:54'),
(60, 10, 'sent', '2025-07-24 13:38:43', NULL),
(53, 10, 'accepted', '2026-01-13 18:10:04', '2026-01-13 15:59:45'),
(73, 11, 'accepted', '2025-09-24 16:18:27', '2025-09-24 11:00:59'),
(31, 11, 'accepted', '2025-07-28 12:48:06', '2026-01-10 16:25:33'),
(24, 11, 'sent', '2025-07-09 10:14:54', NULL),
(41, 11, 'sent', '2025-10-03 15:03:29', NULL),
(64, 11, 'rejected', '2025-08-06 15:44:44', '2025-08-21 14:58:48'),
(61, 11, 'accepted', '2025-10-26 09:42:58', '2025-11-01 18:23:59'),
(75, 12, 'rejected', '2025-10-12 16:23:25', '2025-10-24 18:58:24'),
(52, 12, 'sent', '2025-07-31 10:22:18', NULL),
(30, 12, 'accepted', '2025-10-08 09:46:21', '2026-01-16 18:36:50'),
(68, 12, 'sent', '2026-01-04 12:23:42', NULL),
(14, 12, 'sent', '2025-08-11 16:52:36', NULL),
(34, 12, 'sent', '2025-07-08 12:30:18', NULL),
(35, 13, 'sent', '2025-12-27 17:34:12', NULL),
(5, 13, 'sent', '2025-09-04 17:25:21', NULL),
(9, 13, 'sent', '2025-06-29 16:52:55', NULL),
(72, 14, 'rejected', '2025-08-23 17:38:52', '2026-01-13 08:53:00'),
(26, 14, 'sent', '2025-06-20 12:57:31', NULL),
(38, 14, 'sent', '2025-12-05 13:58:18', NULL),
(7, 14, 'sent', '2025-09-20 16:39:50', NULL),
(56, 14, 'sent', '2026-01-21 11:25:24', NULL),
(2, 14, 'sent', '2025-11-12 11:21:39', NULL),
(75, 14, 'sent', '2025-12-01 12:00:08', NULL),
(6, 15, 'sent', '2025-12-17 08:20:14', NULL),
(62, 15, 'accepted', '2025-10-22 09:19:49', '2025-10-28 14:40:17'),
(31, 15, 'expired', '2025-06-13 16:02:27', '2025-09-27 15:45:07'),
(44, 15, 'sent', '2026-01-18 09:12:08', NULL),
(64, 15, 'accepted', '2025-09-16 17:18:11', '2025-10-23 14:48:46'),
(48, 15, 'rejected', '2025-06-08 10:51:29', '2025-12-27 10:02:53'),
(11, 15, 'sent', '2025-06-20 14:10:01', NULL),
(45, 16, 'sent', '2025-09-30 11:47:47', NULL),
(22, 16, 'accepted', '2025-10-05 10:34:21', '2025-10-17 16:49:16'),
(32, 16, 'rejected', '2025-08-16 15:00:20', '2025-08-29 11:08:45'),
(71, 17, 'rejected', '2025-10-23 17:52:12', '2025-10-24 16:17:56'),
(60, 17, 'sent', '2026-01-29 18:53:57', NULL),
(33, 17, 'rejected', '2026-02-01 08:07:51', '2026-02-01 12:17:13'),
(64, 17, 'expired', '2025-10-17 12:02:52', '2026-01-12 16:34:16'),
(52, 17, 'sent', '2025-12-24 14:37:36', NULL),
(37, 17, 'sent', '2025-11-09 12:38:21', NULL),
(39, 18, 'expired', '2025-07-03 11:47:58', '2026-01-06 08:59:58'),
(40, 18, 'sent', '2025-10-30 16:45:45', NULL),
(61, 18, 'rejected', '2026-01-12 08:24:54', '2026-01-27 15:18:39'),
(70, 18, 'sent', '2025-09-03 12:14:17', NULL),
(2, 18, 'sent', '2025-08-23 17:48:40', NULL),
(54, 18, 'expired', '2026-01-07 15:42:41', '2026-01-31 17:31:07'),
(18, 19, 'accepted', '2025-06-11 12:55:13', '2025-12-09 08:15:28'),
(50, 19, 'sent', '2025-10-29 14:16:50', NULL),
(46, 19, 'sent', '2025-11-12 14:06:29', NULL),
(69, 19, 'accepted', '2025-09-25 14:14:32', '2025-12-27 14:24:45'),
(5, 19, 'sent', '2025-09-10 12:02:19', NULL),
(20, 20, 'sent', '2026-01-10 12:30:15', NULL),
(1, 20, 'accepted', '2025-08-13 13:03:56', '2026-01-07 12:35:17'),
(43, 20, 'sent', '2025-12-27 12:44:40', NULL),
(68, 20, 'accepted', '2025-07-11 12:39:14', '2025-08-08 09:50:22'),
(6, 20, 'sent', '2026-01-18 10:53:31', NULL),
(23, 21, 'sent', '2025-11-01 14:44:36', NULL),
(11, 21, 'sent', '2025-06-25 16:53:01', NULL),
(71, 21, 'sent', '2026-01-12 14:23:40', NULL),
(53, 21, 'accepted', '2025-07-05 12:20:31', '2025-10-30 13:33:52'),
(29, 21, 'sent', '2025-07-24 18:04:40', NULL),
(62, 21, 'sent', '2025-11-03 10:06:15', NULL),
(35, 22, 'sent', '2025-06-24 12:11:44', NULL),
(70, 22, 'accepted', '2025-08-28 13:21:19', '2026-01-01 13:16:24'),
(65, 22, 'sent', '2025-12-19 17:10:44', NULL),
(5, 22, 'sent', '2025-10-05 09:53:10', NULL),
(20, 22, 'sent', '2025-08-14 12:24:39', NULL),
(45, 22, 'sent', '2026-01-23 18:55:29', NULL),
(13, 22, 'sent', '2025-10-05 18:55:37', NULL),
(31, 23, 'sent', '2025-06-04 15:12:14', NULL),
(16, 23, 'accepted', '2025-11-08 17:21:40', '2025-12-16 12:09:52'),
(36, 23, 'rejected', '2025-10-19 08:26:32', '2025-12-12 10:43:10'),
(70, 23, 'sent', '2025-09-19 11:16:31', NULL),
(32, 24, 'rejected', '2025-07-28 16:15:44', '2026-01-25 10:29:22'),
(67, 24, 'sent', '2025-07-04 15:54:35', NULL),
(65, 24, 'sent', '2025-07-01 15:48:51', NULL),
(17, 25, 'sent', '2025-06-16 08:18:14', NULL),
(56, 25, 'accepted', '2025-09-25 08:46:02', '2025-12-02 11:42:45'),
(15, 25, 'rejected', '2025-09-17 17:43:39', '2026-01-04 13:55:29'),
(51, 25, 'accepted', '2026-01-31 16:49:06', '2026-02-01 10:41:55'),
(4, 25, 'sent', '2025-06-09 18:13:02', NULL),
(14, 25, 'sent', '2025-07-06 17:24:03', NULL),
(28, 25, 'rejected', '2025-12-21 12:19:51', '2026-01-25 11:19:15'),
(59, 26, 'sent', '2025-09-29 16:15:47', NULL),
(22, 26, 'accepted', '2025-11-26 18:20:05', '2026-01-29 13:27:26'),
(1, 26, 'sent', '2025-06-28 11:31:53', NULL),
(38, 26, 'expired', '2025-07-27 14:10:41', '2025-11-14 11:02:10'),
(37, 27, 'accepted', '2025-06-07 09:14:44', '2025-11-12 17:18:47'),
(74, 27, 'sent', '2025-06-06 09:20:42', NULL),
(5, 27, 'sent', '2025-12-12 10:25:10', NULL),
(63, 27, 'sent', '2025-09-13 10:34:16', NULL),
(37, 28, 'sent', '2025-06-11 17:49:58', NULL),
(8, 28, 'sent', '2025-07-19 12:51:22', NULL),
(69, 28, 'sent', '2026-01-01 14:09:52', NULL),
(15, 28, 'sent', '2025-06-19 17:26:35', NULL),
(2, 28, 'sent', '2025-11-09 12:47:42', NULL),
(17, 29, 'sent', '2025-07-07 16:57:15', NULL),
(65, 29, 'sent', '2025-11-20 16:42:40', NULL),
(45, 29, 'sent', '2025-11-30 08:34:46', NULL),
(65, 30, 'accepted', '2025-09-24 16:27:04', '2026-01-01 09:10:08'),
(4, 30, 'sent', '2025-07-13 16:57:40', NULL),
(23, 30, 'sent', '2025-09-08 15:22:19', NULL),
(56, 30, 'accepted', '2025-06-22 18:56:55', '2026-01-08 08:59:03'),
(75, 30, 'rejected', '2025-10-16 13:44:59', '2025-10-16 08:08:18'),
(45, 30, 'sent', '2025-08-04 10:11:57', NULL),
(62, 30, 'sent', '2025-12-22 09:04:33', NULL),
(46, 31, 'accepted', '2025-06-05 18:53:59', '2026-01-03 12:19:17'),
(44, 31, 'sent', '2025-10-28 14:18:46', NULL),
(68, 31, 'rejected', '2025-12-08 14:09:07', '2025-12-14 13:18:56'),
(50, 31, 'sent', '2025-12-07 15:22:41', NULL),
(11, 31, 'sent', '2026-01-03 17:01:24', NULL),
(71, 31, 'expired', '2025-07-04 08:31:33', '2025-07-08 14:39:03'),
(39, 31, 'sent', '2025-07-19 18:32:40', NULL),
(41, 32, 'sent', '2025-08-25 14:18:27', NULL),
(28, 32, 'accepted', '2025-10-27 08:57:48', '2026-02-01 17:22:34'),
(59, 32, 'accepted', '2025-06-27 16:36:01', '2025-09-01 14:53:20'),
(7, 32, 'sent', '2025-08-27 08:09:11', NULL),
(37, 32, 'sent', '2025-08-16 10:29:05', NULL),
(27, 33, 'sent', '2025-06-23 18:44:00', NULL),
(35, 33, 'rejected', '2026-01-10 15:37:21', '2026-01-14 14:56:50'),
(15, 33, 'expired', '2025-12-02 16:01:12', '2026-01-15 14:15:23'),
(41, 34, 'sent', '2025-08-31 08:12:39', NULL),
(49, 34, 'sent', '2025-12-07 15:55:27', NULL),
(18, 34, 'sent', '2025-10-07 10:25:29', NULL),
(32, 34, 'sent', '2025-10-21 14:58:49', NULL),
(28, 34, 'sent', '2025-12-05 18:10:46', NULL),
(69, 34, 'sent', '2025-11-11 16:25:11', NULL),
(12, 35, 'sent', '2025-06-17 12:36:31', NULL),
(20, 35, 'sent', '2025-06-25 18:45:44', NULL),
(2, 35, 'accepted', '2025-08-21 15:27:30', '2025-10-26 17:08:23'),
(36, 35, 'rejected', '2025-06-25 15:12:16', '2026-01-08 17:14:41'),
(69, 36, 'rejected', '2025-10-12 09:19:47', '2025-10-12 18:44:11'),
(47, 36, 'sent', '2025-07-16 15:05:33', NULL),
(5, 36, 'accepted', '2025-06-02 08:10:24', '2025-06-11 11:21:21'),
(30, 36, 'sent', '2025-07-19 15:37:48', NULL),
(5, 37, 'expired', '2026-01-04 09:42:24', '2026-01-19 18:10:08'),
(17, 37, 'accepted', '2025-09-12 17:16:06', '2025-11-24 12:15:23'),
(34, 37, 'sent', '2025-12-24 14:54:17', NULL),
(23, 38, 'accepted', '2025-08-05 16:14:04', '2025-08-10 11:29:11'),
(52, 38, 'accepted', '2026-01-19 10:54:04', '2026-01-25 08:57:03'),
(10, 38, 'expired', '2025-08-05 09:16:01', '2025-11-26 09:04:52'),
(20, 39, 'sent', '2025-08-01 10:24:17', NULL),
(71, 39, 'sent', '2025-12-14 13:32:49', NULL),
(63, 39, 'accepted', '2025-11-29 15:08:45', '2025-12-30 11:29:16'),
(57, 39, 'accepted', '2026-01-14 14:20:13', '2026-01-16 16:55:45'),
(69, 39, 'accepted', '2025-07-17 16:33:25', '2025-10-16 09:28:41'),
(43, 39, 'accepted', '2026-01-20 13:56:53', '2026-01-22 09:40:49'),
(37, 39, 'expired', '2025-09-05 08:38:51', '2026-01-31 18:17:33'),
(54, 40, 'accepted', '2025-10-29 16:53:29', '2025-11-01 15:56:57'),
(19, 40, 'expired', '2025-07-06 13:15:55', '2025-12-16 13:54:23'),
(5, 40, 'sent', '2025-07-15 16:27:32', NULL),
(26, 40, 'accepted', '2025-12-15 13:37:11', '2026-01-15 16:27:05'),
(69, 40, 'sent', '2025-11-17 18:10:10', NULL),
(24, 40, 'rejected', '2025-07-26 12:04:24', '2025-12-12 09:08:58'),
(66, 40, 'sent', '2025-09-27 15:33:20', NULL),
(2, 41, 'sent', '2026-01-30 14:07:55', NULL),
(11, 41, 'sent', '2025-09-05 09:06:52', NULL),
(24, 41, 'accepted', '2025-12-12 15:53:37', '2026-01-25 15:53:03'),
(39, 41, 'sent', '2025-08-17 17:25:52', NULL),
(56, 41, 'sent', '2025-06-28 18:23:29', NULL),
(71, 41, 'sent', '2025-10-27 16:53:50', NULL),
(61, 41, 'expired', '2025-07-06 09:37:20', '2025-08-19 12:44:10'),
(68, 42, 'accepted', '2025-11-02 18:49:10', '2026-01-14 11:59:26'),
(32, 42, 'expired', '2026-01-04 15:36:12', '2026-01-29 11:40:45'),
(19, 42, 'sent', '2025-06-19 14:18:33', NULL),
(59, 42, 'sent', '2025-12-25 08:37:19', NULL),
(58, 42, 'rejected', '2025-06-05 14:23:56', '2025-08-24 08:27:11'),
(65, 42, 'rejected', '2025-09-23 12:54:51', '2025-12-01 14:27:01'),
(3, 42, 'sent', '2026-01-02 10:03:43', NULL),
(15, 43, 'sent', '2025-11-03 09:45:14', NULL),
(35, 43, 'sent', '2025-10-27 13:55:25', NULL),
(63, 43, 'sent', '2025-07-30 15:07:04', NULL),
(31, 43, 'sent', '2025-08-16 14:16:22', NULL),
(58, 43, 'sent', '2025-10-22 14:00:21', NULL),
(50, 43, 'accepted', '2025-07-02 16:15:37', '2025-09-05 16:01:30'),
(34, 43, 'accepted', '2025-09-08 12:03:53', '2025-11-05 15:58:51'),
(15, 44, 'sent', '2025-07-15 12:04:03', NULL),
(14, 44, 'sent', '2025-08-14 10:07:23', NULL),
(12, 44, 'accepted', '2025-06-26 13:38:12', '2025-12-10 17:01:14'),
(6, 44, 'sent', '2025-12-11 14:37:02', NULL),
(65, 44, 'sent', '2025-09-04 13:46:46', NULL),
(54, 44, 'sent', '2025-08-27 15:05:34', NULL),
(69, 44, 'sent', '2025-07-14 13:02:00', NULL),
(9, 45, 'rejected', '2025-12-09 15:34:14', '2026-01-19 11:11:49'),
(73, 45, 'accepted', '2025-09-29 08:10:47', '2026-01-01 18:33:45'),
(17, 45, 'accepted', '2025-09-13 08:40:15', '2025-10-22 11:58:51'),
(51, 46, 'sent', '2025-09-12 10:51:09', NULL),
(60, 46, 'sent', '2025-07-05 16:01:16', NULL),
(22, 46, 'accepted', '2025-08-23 15:11:04', '2026-01-18 16:44:12'),
(42, 46, 'accepted', '2025-06-24 18:38:14', '2025-12-11 14:26:15'),
(40, 46, 'sent', '2025-10-21 09:13:02', NULL),
(31, 46, 'sent', '2025-11-17 08:41:49', NULL),
(14, 46, 'sent', '2025-08-22 11:49:08', NULL),
(43, 47, 'sent', '2025-07-11 16:35:09', NULL),
(41, 47, 'sent', '2025-07-13 13:03:40', NULL),
(23, 47, 'sent', '2025-07-01 13:32:20', NULL),
(33, 47, 'accepted', '2025-11-19 10:04:37', '2025-11-25 13:40:52'),
(44, 47, 'rejected', '2025-09-26 12:07:07', '2025-12-06 13:01:55'),
(11, 47, 'expired', '2025-09-23 15:46:01', '2025-12-21 12:45:16'),
(34, 47, 'sent', '2025-07-05 18:29:22', NULL),
(3, 48, 'rejected', '2025-09-18 15:02:56', '2026-01-18 15:26:21'),
(27, 48, 'sent', '2025-10-14 08:31:13', NULL),
(39, 48, 'sent', '2025-12-29 11:41:21', NULL);

INSERT INTO invitations (vacancy_id, student_id, status, sent_at, responded_at) VALUES
(61, 48, 'sent', '2025-11-08 14:11:58', NULL),
(17, 48, 'sent', '2025-07-02 16:55:14', NULL),
(69, 49, 'rejected', '2025-09-08 08:02:08', '2025-10-08 08:47:19'),
(48, 49, 'rejected', '2026-01-31 13:09:20', '2026-02-01 12:37:37'),
(12, 49, 'sent', '2025-10-28 10:56:45', NULL),
(23, 49, 'rejected', '2025-06-13 15:02:05', '2025-07-28 16:23:40'),
(40, 49, 'rejected', '2025-06-18 17:09:09', '2025-12-07 17:16:13'),
(53, 49, 'sent', '2025-10-03 17:26:39', NULL),
(16, 50, 'sent', '2025-08-18 09:19:24', NULL),
(56, 50, 'rejected', '2025-10-09 15:53:23', '2025-11-21 08:40:58'),
(11, 50, 'rejected', '2025-12-09 09:40:36', '2026-01-07 17:11:29'),
(37, 51, 'sent', '2025-07-07 09:44:15', NULL),
(73, 51, 'accepted', '2025-09-02 17:16:32', '2026-01-29 12:25:40'),
(21, 51, 'rejected', '2025-08-18 13:56:44', '2026-01-24 12:02:35'),
(44, 51, 'sent', '2025-06-09 13:50:51', NULL),
(6, 52, 'accepted', '2025-08-27 09:55:15', '2026-01-29 12:58:38'),
(60, 52, 'sent', '2025-08-02 14:58:06', NULL),
(38, 52, 'rejected', '2025-08-24 10:07:06', '2025-09-05 15:51:08'),
(36, 52, 'sent', '2025-06-14 13:30:51', NULL),
(29, 52, 'sent', '2025-08-08 12:53:16', NULL),
(58, 52, 'expired', '2025-10-21 15:47:55', '2025-10-26 13:16:30'),
(21, 53, 'rejected', '2025-08-09 08:24:48', '2025-11-25 12:44:39'),
(15, 53, 'accepted', '2025-08-25 10:09:26', '2026-01-31 09:42:12'),
(18, 53, 'rejected', '2025-10-24 17:49:12', '2026-01-21 17:05:57'),
(9, 53, 'sent', '2025-08-13 10:19:26', NULL),
(3, 53, 'sent', '2025-08-15 08:07:50', NULL),
(58, 54, 'rejected', '2025-11-28 10:24:50', '2026-01-31 16:51:19'),
(32, 54, 'rejected', '2025-11-15 15:23:55', '2025-12-20 10:45:18'),
(40, 54, 'sent', '2025-09-17 18:27:44', NULL),
(45, 54, 'sent', '2025-10-06 17:17:27', NULL),
(12, 54, 'expired', '2025-09-04 10:55:33', '2025-11-08 10:15:27'),
(34, 54, 'sent', '2025-11-26 17:01:52', NULL),
(50, 54, 'rejected', '2025-08-17 17:49:47', '2025-12-06 11:40:50'),
(16, 55, 'sent', '2025-07-24 18:31:29', NULL),
(18, 55, 'accepted', '2025-09-10 12:59:11', '2025-11-19 18:25:42'),
(1, 55, 'sent', '2025-08-29 08:25:02', NULL),
(21, 55, 'accepted', '2025-06-15 16:32:59', '2025-12-01 18:37:18'),
(62, 56, 'sent', '2025-07-04 16:41:50', NULL),
(47, 56, 'expired', '2025-10-28 17:17:52', '2025-11-04 12:19:48'),
(13, 56, 'accepted', '2025-08-08 15:58:43', '2025-12-21 13:51:59'),
(1, 56, 'sent', '2026-01-10 09:47:27', NULL),
(9, 57, 'rejected', '2025-06-30 11:26:51', '2025-12-28 08:25:24'),
(57, 57, 'accepted', '2025-12-06 17:56:30', '2026-01-19 16:36:58'),
(2, 57, 'sent', '2025-08-17 15:59:37', NULL),
(40, 58, 'rejected', '2025-10-04 14:57:32', '2026-01-17 08:57:40'),
(74, 58, 'expired', '2025-10-06 15:28:15', '2025-12-09 10:37:12'),
(69, 58, 'sent', '2025-11-01 09:08:34', NULL),
(1, 58, 'sent', '2025-06-08 09:03:59', NULL),
(4, 59, 'sent', '2026-01-31 16:22:08', NULL),
(14, 59, 'sent', '2026-01-09 12:24:04', NULL),
(2, 59, 'sent', '2025-12-15 13:23:49', NULL),
(6, 59, 'sent', '2025-09-13 15:12:57', NULL),
(61, 60, 'accepted', '2025-07-13 15:26:33', '2025-10-22 12:41:53'),
(15, 60, 'accepted', '2025-11-04 12:01:19', '2025-11-23 09:56:12'),
(39, 60, 'sent', '2025-09-05 16:52:26', NULL),
(42, 60, 'sent', '2026-01-02 18:33:16', NULL),
(7, 61, 'accepted', '2026-01-22 14:28:20', '2026-01-23 09:59:55'),
(3, 61, 'sent', '2025-06-14 18:37:19', NULL),
(39, 61, 'sent', '2025-10-01 14:02:12', NULL),
(73, 61, 'sent', '2025-09-12 15:16:46', NULL),
(22, 62, 'sent', '2025-12-09 18:24:11', NULL),
(24, 62, 'rejected', '2025-08-18 10:43:40', '2026-01-07 18:01:34'),
(70, 62, 'accepted', '2025-06-13 12:23:48', '2025-07-24 13:04:27'),
(74, 62, 'sent', '2025-10-21 17:25:18', NULL),
(49, 62, 'accepted', '2026-01-16 09:25:07', '2026-01-16 09:43:06'),
(9, 63, 'accepted', '2025-12-10 09:25:02', '2025-12-11 08:10:52'),
(3, 63, 'accepted', '2025-12-12 10:44:39', '2025-12-24 17:13:34'),
(1, 63, 'sent', '2026-01-24 17:56:35', NULL),
(4, 63, 'sent', '2025-08-09 14:23:47', NULL),
(69, 63, 'sent', '2026-01-24 08:55:02', NULL),
(14, 63, 'expired', '2025-07-31 15:04:31', '2025-08-07 09:23:51'),
(50, 63, 'sent', '2026-01-04 12:07:45', NULL),
(21, 64, 'sent', '2025-09-02 08:43:17', NULL),
(26, 64, 'sent', '2025-07-27 13:10:37', NULL),
(29, 64, 'sent', '2025-06-02 18:14:53', NULL),
(68, 64, 'sent', '2025-08-21 18:43:33', NULL),
(75, 65, 'sent', '2025-11-21 08:25:25', NULL),
(73, 65, 'sent', '2025-11-29 11:27:27', NULL),
(27, 65, 'rejected', '2025-12-05 12:53:12', '2025-12-21 13:50:09'),
(47, 65, 'sent', '2025-12-05 17:50:44', NULL),
(30, 65, 'accepted', '2025-08-08 15:44:56', '2025-11-26 18:21:28'),
(55, 65, 'sent', '2025-07-12 17:20:17', NULL),
(24, 66, 'sent', '2025-11-11 11:29:52', NULL),
(58, 66, 'sent', '2025-06-10 11:25:08', NULL),
(5, 66, 'accepted', '2025-09-17 09:58:09', '2025-12-10 10:01:39'),
(6, 67, 'sent', '2025-10-11 11:13:11', NULL),
(51, 67, 'accepted', '2025-06-30 17:13:36', '2025-10-31 08:39:50'),
(4, 67, 'expired', '2026-01-29 11:08:34', '2026-02-01 08:29:02'),
(36, 67, 'sent', '2026-01-06 18:25:15', NULL),
(11, 67, 'accepted', '2025-10-18 14:29:05', '2026-01-29 17:53:52'),
(12, 67, 'sent', '2025-12-22 11:28:11', NULL),
(49, 67, 'accepted', '2025-06-24 11:16:49', '2025-11-09 14:21:56'),
(51, 68, 'sent', '2025-08-11 16:05:35', NULL),
(68, 68, 'sent', '2025-07-21 11:40:14', NULL),
(36, 68, 'sent', '2025-07-19 08:44:47', NULL),
(72, 68, 'sent', '2025-07-03 13:21:39', NULL),
(35, 68, 'rejected', '2025-12-29 17:43:45', '2026-01-07 15:30:33'),
(37, 68, 'sent', '2025-09-07 14:14:18', NULL),
(33, 69, 'sent', '2025-09-12 18:24:50', NULL),
(44, 69, 'rejected', '2025-08-13 16:44:00', '2025-08-13 09:09:20'),
(52, 69, 'sent', '2026-01-22 09:07:53', NULL),
(65, 69, 'sent', '2025-08-20 15:43:40', NULL),
(69, 69, 'sent', '2025-08-02 12:59:24', NULL),
(21, 70, 'sent', '2025-10-21 12:04:01', NULL),
(64, 70, 'sent', '2026-01-27 09:00:08', NULL),
(25, 70, 'accepted', '2025-07-26 16:14:09', '2025-09-13 13:28:18'),
(59, 70, 'accepted', '2025-09-21 17:16:29', '2026-01-03 13:05:18'),
(27, 70, 'accepted', '2025-11-10 11:20:30', '2025-11-28 12:49:31'),
(19, 70, 'sent', '2025-10-11 16:22:38', NULL),
(75, 70, 'accepted', '2025-12-13 13:17:41', '2025-12-16 09:05:44'),
(46, 71, 'sent', '2025-11-09 17:29:30', NULL),
(65, 71, 'sent', '2025-11-09 17:42:12', NULL),
(67, 71, 'sent', '2025-06-23 10:01:12', NULL),
(69, 72, 'sent', '2025-11-10 17:24:55', NULL),
(51, 72, 'accepted', '2026-01-24 15:20:31', '2026-01-29 11:18:47'),
(13, 72, 'sent', '2025-06-12 09:41:46', NULL),
(53, 73, 'accepted', '2026-01-29 15:16:46', '2026-01-29 13:29:40'),
(45, 73, 'accepted', '2025-10-11 09:15:03', '2026-01-20 13:02:00'),
(57, 73, 'sent', '2026-01-13 13:04:37', NULL),
(17, 73, 'accepted', '2025-07-07 10:30:56', '2025-07-30 14:56:23'),
(30, 73, 'rejected', '2025-09-08 18:49:19', '2025-12-19 16:01:15'),
(14, 73, 'sent', '2025-10-19 11:22:28', NULL),
(36, 74, 'sent', '2025-12-15 09:20:13', NULL),
(44, 74, 'sent', '2025-06-07 14:59:47', NULL),
(48, 74, 'accepted', '2025-12-10 11:18:39', '2026-01-24 14:01:30'),
(13, 75, 'sent', '2025-10-30 12:34:28', NULL),
(6, 75, 'accepted', '2026-01-16 11:00:35', '2026-01-26 15:40:14'),
(37, 75, 'rejected', '2025-06-01 15:07:38', '2025-10-03 13:09:16'),
(15, 75, 'sent', '2025-06-25 15:46:18', NULL),
(68, 75, 'accepted', '2025-08-19 13:52:38', '2025-09-29 11:08:13'),
(57, 75, 'sent', '2025-06-06 12:17:24', NULL),
(19, 76, 'sent', '2025-11-04 13:25:27', NULL),
(72, 76, 'rejected', '2025-07-14 15:45:56', '2026-01-01 12:31:56'),
(42, 76, 'sent', '2025-06-25 15:36:25', NULL),
(51, 76, 'sent', '2025-08-13 11:27:50', NULL),
(65, 76, 'sent', '2025-09-18 10:33:10', NULL),
(43, 76, 'accepted', '2025-07-15 08:13:24', '2025-08-28 18:11:27'),
(19, 77, 'sent', '2025-10-31 09:00:39', NULL),
(11, 77, 'rejected', '2026-01-07 13:38:36', '2026-01-16 14:11:20'),
(58, 77, 'sent', '2025-06-22 12:00:36', NULL),
(18, 78, 'rejected', '2025-08-31 11:48:10', '2025-12-24 16:54:01'),
(44, 78, 'sent', '2025-07-06 14:22:26', NULL),
(45, 78, 'accepted', '2025-09-26 11:29:51', '2026-01-06 14:50:20'),
(48, 78, 'sent', '2025-12-06 11:54:02', NULL),
(63, 78, 'sent', '2025-11-21 16:36:46', NULL),
(13, 78, 'expired', '2025-07-26 13:06:50', '2025-10-10 10:40:10'),
(11, 78, 'sent', '2025-12-10 18:27:11', NULL),
(48, 79, 'sent', '2025-11-18 09:42:41', NULL),
(46, 79, 'rejected', '2025-10-29 08:13:42', '2025-12-22 12:56:55'),
(59, 79, 'sent', '2025-07-06 12:47:50', NULL),
(57, 79, 'sent', '2025-07-18 15:01:52', NULL),
(73, 79, 'sent', '2025-10-16 08:08:02', NULL),
(30, 80, 'accepted', '2025-07-11 16:59:37', '2025-09-23 15:43:50'),
(58, 80, 'sent', '2026-01-19 17:33:04', NULL),
(64, 80, 'sent', '2026-01-02 09:04:34', NULL),
(70, 80, 'sent', '2025-07-10 16:33:39', NULL),
(10, 80, 'expired', '2025-07-13 16:36:02', '2025-11-16 11:49:07'),
(74, 80, 'accepted', '2025-11-13 18:00:20', '2026-01-29 12:27:28'),
(22, 80, 'sent', '2025-08-10 11:24:53', NULL),
(28, 81, 'sent', '2025-11-07 15:54:46', NULL),
(32, 81, 'expired', '2025-11-20 13:40:10', '2025-11-23 18:24:04'),
(73, 81, 'accepted', '2025-10-08 14:06:12', '2026-01-03 09:25:19'),
(52, 81, 'accepted', '2026-01-12 14:21:52', '2026-01-14 18:13:36'),
(56, 81, 'sent', '2025-07-03 13:16:48', NULL),
(55, 81, 'expired', '2025-06-03 12:24:57', '2025-06-23 18:23:03'),
(31, 82, 'accepted', '2025-10-27 14:46:08', '2025-12-14 16:58:41'),
(61, 82, 'sent', '2025-09-25 16:26:10', NULL),
(46, 82, 'sent', '2025-08-17 08:44:27', NULL),
(26, 82, 'accepted', '2025-07-18 11:02:48', '2025-08-27 16:02:59'),
(3, 82, 'expired', '2025-12-02 11:46:54', '2025-12-04 18:38:08'),
(22, 82, 'sent', '2025-10-05 08:52:00', NULL),
(25, 82, 'sent', '2025-11-04 11:03:33', NULL),
(1, 83, 'accepted', '2025-08-04 17:25:09', '2026-01-02 08:50:11'),
(73, 83, 'rejected', '2025-07-21 10:26:28', '2025-12-28 12:09:53'),
(41, 83, 'sent', '2025-11-02 09:18:26', NULL),
(8, 83, 'sent', '2025-12-11 18:48:06', NULL),
(21, 84, 'sent', '2025-07-23 10:58:47', NULL),
(11, 84, 'sent', '2025-12-29 09:31:51', NULL),
(37, 84, 'expired', '2025-08-02 17:22:22', '2025-08-30 12:21:33'),
(29, 84, 'sent', '2025-12-01 17:31:35', NULL),
(31, 85, 'sent', '2025-08-27 14:14:41', NULL),
(19, 85, 'accepted', '2025-10-23 08:32:34', '2026-01-10 13:20:32'),
(51, 85, 'sent', '2025-10-21 13:36:24', NULL),
(71, 86, 'sent', '2025-06-14 11:42:38', NULL),
(9, 86, 'sent', '2025-11-14 08:31:29', NULL),
(55, 86, 'accepted', '2025-10-22 17:04:47', '2026-01-20 15:49:11'),
(39, 86, 'rejected', '2025-09-11 13:53:16', '2025-10-15 15:36:57'),
(3, 86, 'expired', '2025-07-10 10:38:40', '2025-08-12 09:11:11'),
(48, 86, 'expired', '2025-09-08 08:16:52', '2026-01-22 16:30:36'),
(40, 87, 'sent', '2025-08-29 16:51:25', NULL),
(8, 87, 'sent', '2026-01-16 09:09:11', NULL),
(31, 87, 'rejected', '2025-09-07 10:44:16', '2025-10-29 16:48:06'),
(13, 87, 'sent', '2025-09-27 09:13:44', NULL),
(35, 88, 'sent', '2026-01-02 09:23:06', NULL),
(30, 88, 'sent', '2025-06-21 09:56:20', NULL),
(23, 88, 'sent', '2025-06-01 17:05:13', NULL),
(27, 88, 'sent', '2025-08-21 08:55:32', NULL),
(43, 88, 'accepted', '2025-10-07 15:51:24', '2026-01-02 17:23:32'),
(52, 89, 'sent', '2025-08-01 09:22:00', NULL),
(32, 89, 'accepted', '2025-10-28 14:57:54', '2026-01-06 17:50:03'),
(37, 89, 'accepted', '2026-01-07 11:53:30', '2026-01-17 13:33:35'),
(33, 89, 'sent', '2025-12-01 10:55:31', NULL),
(66, 89, 'sent', '2025-10-12 11:52:06', NULL),
(65, 89, 'rejected', '2025-12-03 08:58:37', '2026-01-24 08:58:00'),
(3, 89, 'accepted', '2026-01-07 17:07:17', '2026-01-26 12:11:33'),
(45, 90, 'accepted', '2025-08-07 10:51:07', '2025-09-25 11:46:00'),
(23, 90, 'accepted', '2026-01-15 16:04:00', '2026-01-19 10:21:43'),
(1, 90, 'sent', '2025-07-12 16:49:05', NULL),
(72, 90, 'sent', '2025-10-04 16:53:06', NULL),
(74, 91, 'accepted', '2025-06-17 17:45:42', '2025-10-29 16:59:22'),
(14, 91, 'sent', '2025-07-01 18:42:37', NULL),
(6, 91, 'accepted', '2025-11-16 17:46:32', '2026-01-02 12:55:35'),
(66, 91, 'rejected', '2025-07-09 10:45:19', '2025-09-02 14:47:19'),
(32, 91, 'rejected', '2025-09-25 17:31:30', '2025-11-09 16:38:59'),
(30, 91, 'sent', '2025-09-29 16:21:31', NULL),
(9, 92, 'expired', '2025-11-16 18:58:18', '2025-12-06 15:57:50'),
(71, 92, 'accepted', '2025-06-09 11:42:48', '2025-10-23 13:00:37'),
(38, 92, 'accepted', '2025-12-09 08:18:04', '2025-12-14 17:40:10'),
(29, 92, 'sent', '2026-01-29 10:06:12', NULL),
(46, 92, 'sent', '2025-06-14 13:09:36', NULL),
(62, 92, 'sent', '2025-12-12 18:40:11', NULL),
(57, 92, 'expired', '2025-08-22 13:04:17', '2025-11-15 14:25:03'),
(65, 93, 'sent', '2025-12-06 09:25:52', NULL),
(6, 93, 'sent', '2025-11-21 13:03:21', NULL),
(45, 93, 'sent', '2025-08-06 10:25:47', NULL),
(11, 93, 'expired', '2025-09-08 11:37:18', '2025-12-06 10:38:55'),
(30, 93, 'expired', '2026-01-18 12:37:30', '2026-02-01 16:44:12'),
(7, 93, 'sent', '2026-01-15 10:37:13', NULL),
(38, 93, 'sent', '2025-11-12 15:19:30', NULL),
(56, 94, 'sent', '2025-10-13 10:19:14', NULL),
(43, 94, 'accepted', '2025-08-09 09:37:32', '2026-01-29 09:44:46'),
(47, 94, 'accepted', '2025-11-01 12:31:46', '2025-11-29 15:00:39'),
(26, 94, 'sent', '2026-01-17 16:14:51', NULL),
(65, 94, 'sent', '2025-09-02 16:43:52', NULL),
(23, 95, 'sent', '2025-12-27 17:23:13', NULL),
(18, 95, 'expired', '2025-10-06 18:40:34', '2026-01-25 10:36:14'),
(47, 95, 'sent', '2025-09-07 12:29:18', NULL),
(6, 95, 'sent', '2025-11-25 09:13:42', NULL),
(11, 95, 'rejected', '2025-09-22 10:15:32', '2025-11-11 11:20:51'),
(68, 95, 'sent', '2025-09-14 17:18:33', NULL),
(58, 95, 'sent', '2025-10-08 13:51:40', NULL),
(69, 96, 'sent', '2025-11-12 15:14:30', NULL),
(70, 96, 'sent', '2025-07-07 11:17:37', NULL),
(31, 96, 'sent', '2026-01-10 17:17:19', NULL),
(24, 97, 'sent', '2026-02-01 12:55:04', NULL),
(7, 97, 'rejected', '2025-11-24 11:32:17', '2025-12-22 10:36:53'),
(58, 97, 'sent', '2025-06-11 15:41:58', NULL),
(17, 97, 'sent', '2025-08-21 16:29:39', NULL),
(25, 97, 'expired', '2025-10-22 15:11:44', '2025-12-20 16:36:22'),
(69, 97, 'accepted', '2025-07-01 14:02:20', '2026-01-28 12:15:17');

INSERT INTO invitations (vacancy_id, student_id, status, sent_at, responded_at) VALUES
(60, 97, 'rejected', '2026-01-17 12:33:10', '2026-02-01 12:18:16'),
(14, 98, 'sent', '2025-06-01 18:18:00', NULL),
(6, 98, 'accepted', '2025-09-24 10:58:33', '2025-11-15 17:52:16'),
(34, 98, 'sent', '2025-09-26 16:07:48', NULL),
(69, 98, 'rejected', '2025-08-23 16:16:50', '2026-01-22 10:47:42'),
(41, 98, 'sent', '2025-10-29 17:12:11', NULL),
(23, 98, 'accepted', '2025-08-07 15:08:47', '2025-09-28 09:42:41'),
(66, 98, 'accepted', '2025-12-04 17:37:34', '2026-01-06 11:00:31'),
(42, 99, 'accepted', '2025-11-08 18:47:43', '2026-01-15 18:38:19'),
(37, 99, 'sent', '2025-11-13 14:43:35', NULL),
(71, 99, 'sent', '2025-07-24 11:38:43', NULL),
(12, 99, 'accepted', '2025-08-20 16:03:06', '2025-10-04 12:50:49'),
(25, 99, 'sent', '2025-09-08 14:09:18', NULL),
(72, 99, 'sent', '2025-10-25 09:02:15', NULL),
(73, 99, 'accepted', '2025-12-16 18:57:56', '2026-01-24 12:27:35'),
(60, 100, 'accepted', '2025-08-02 15:16:09', '2025-09-16 10:34:39'),
(2, 100, 'sent', '2025-09-27 17:25:32', NULL),
(44, 100, 'sent', '2026-01-13 10:23:23', NULL);

