-- Seed grande (determinístico).
-- Generado por contracts-sql/scripts/generate-seed.mjs
-- rng_seed=1337

USE contracts_app;

SET FOREIGN_KEY_CHECKS=0;
TRUNCATE TABLE invitations;
TRUNCATE TABLE interviews;
TRUNCATE TABLE documents;
TRUNCATE TABLE employment_contracts;
TRUNCATE TABLE internships;
TRUNCATE TABLE hiring_contracts;
TRUNCATE TABLE pnl;
TRUNCATE TABLE student_courses;
TRUNCATE TABLE course_itinerary_students;
TRUNCATE TABLE course_itineraries;
TRUNCATE TABLE vacancies;
TRUNCATE TABLE companies;
TRUNCATE TABLE student_liquidation_balances;
TRUNCATE TABLE liquidation_lines;
TRUNCATE TABLE liquidations;
TRUNCATE TABLE students;
TRUNCATE TABLE municipalities;
TRUNCATE TABLE districts;
SET FOREIGN_KEY_CHECKS=1;

INSERT INTO companies (nif, name, company_email, company_phone, sector, contact_name, contact_email, contact_phone, notes) VALUES
('B10000001', 'NORTE COMERCIO 001 S.L.', 'info@norte.comercio.001.s.l.fake', '+34 615 449 311', 'Atención al cliente', 'RRHH', 'rrhh@norte.comercio.001.s.l.fake', '+34 664 536 659', NULL),
('B10000002', 'URBANA HOSTELERÍA 002 S.L.', 'info@urbana.hosteleria.002.s.l.fake', '+34 646 279 684', 'Sanidad', 'RRHH', 'rrhh@urbana.hosteleria.002.s.l.fake', '+34 647 634 591', NULL),
('B10000003', 'ALFA GESTIÓN 003 S.L.', 'info@alfa.gestion.003.s.l.fake', '+34 612 973 966', 'Construcción', 'RRHH', 'rrhh@alfa.gestion.003.s.l.fake', '+34 628 191 226', NULL),
('B10000004', 'IBÉRICA COMERCIO 004 S.L.', 'info@iberica.comercio.004.s.l.fake', '+34 612 280 340', 'Seguridad', 'RRHH', 'rrhh@iberica.comercio.004.s.l.fake', '+34 684 188 199', NULL),
('B10000005', 'NORTE TECNOLOGÍA 005 S.L.', 'info@norte.tecnologia.005.s.l.fake', '+34 694 539 972', 'Construcción', 'RRHH', 'rrhh@norte.tecnologia.005.s.l.fake', '+34 687 415 541', NULL),
('B10000006', 'CENTRAL COMERCIO 006 S.L.', 'info@central.comercio.006.s.l.fake', '+34 649 935 316', 'Logística', 'RRHH', 'rrhh@central.comercio.006.s.l.fake', '+34 685 266 502', 'Empresa colaboradora.'),
('B10000007', 'EXPERTA GESTIÓN 007 S.L.', 'info@experta.gestion.007.s.l.fake', '+34 614 462 353', 'Logística', 'RRHH', 'rrhh@experta.gestion.007.s.l.fake', '+34 687 406 362', NULL),
('B10000008', 'NORTE SOLUCIONES 008 S.L.', 'info@norte.soluciones.008.s.l.fake', '+34 683 951 778', 'Limpieza', 'RRHH', 'rrhh@norte.soluciones.008.s.l.fake', '+34 698 707 499', NULL),
('B10000009', 'NUEVA GESTIÓN 009 S.L.', 'info@nueva.gestion.009.s.l.fake', '+34 633 142 026', 'Atención al cliente', 'RRHH', 'rrhh@nueva.gestion.009.s.l.fake', '+34 695 526 322', NULL),
('B10000010', 'CENTRAL LOGÍSTICA 010 S.L.', 'info@central.logistica.010.s.l.fake', '+34 616 817 488', 'Comercio', 'RRHH', 'rrhh@central.logistica.010.s.l.fake', '+34 689 450 025', NULL),
('B10000011', 'URBANA HOSTELERÍA 011 S.L.', 'info@urbana.hosteleria.011.s.l.fake', '+34 695 633 378', 'Hostelería', 'RRHH', 'rrhh@urbana.hosteleria.011.s.l.fake', '+34 657 669 701', NULL),
('B10000012', 'IBÉRICA LOGÍSTICA 012 S.L.', 'info@iberica.logistica.012.s.l.fake', '+34 615 448 990', 'Comercio', 'RRHH', 'rrhh@iberica.logistica.012.s.l.fake', '+34 688 116 098', 'Empresa colaboradora.'),
('B10000013', 'GLOBAL DISTRIBUCIÓN 013 S.L.', 'info@global.distribucion.013.s.l.fake', '+34 655 866 623', 'Sanidad', 'RRHH', 'rrhh@global.distribucion.013.s.l.fake', '+34 644 144 416', NULL),
('B10000014', 'URBANA COMERCIO 014 S.L.', 'info@urbana.comercio.014.s.l.fake', '+34 608 250 853', 'Limpieza', 'RRHH', 'rrhh@urbana.comercio.014.s.l.fake', '+34 643 685 895', NULL),
('B10000015', 'NORTE TECNOLOGÍA 015 S.L.', 'info@norte.tecnologia.015.s.l.fake', '+34 673 881 035', 'Logística', 'RRHH', 'rrhh@norte.tecnologia.015.s.l.fake', '+34 676 286 861', NULL),
('B10000016', 'NORTE DISTRIBUCIÓN 016 S.L.', 'info@norte.distribucion.016.s.l.fake', '+34 642 136 661', 'Administración', 'RRHH', 'rrhh@norte.distribucion.016.s.l.fake', '+34 610 081 119', NULL),
('B10000017', 'NUEVA TECNOLOGÍA 017 S.L.', 'info@nueva.tecnologia.017.s.l.fake', '+34 684 743 372', 'Limpieza', 'RRHH', 'rrhh@nueva.tecnologia.017.s.l.fake', '+34 643 229 502', NULL),
('B10000018', 'CENTRAL DISTRIBUCIÓN 018 S.L.', 'info@central.distribucion.018.s.l.fake', '+34 695 243 707', 'Limpieza', 'RRHH', 'rrhh@central.distribucion.018.s.l.fake', '+34 697 760 788', NULL),
('B10000019', 'GLOBAL LOGÍSTICA 019 S.L.', 'info@global.logistica.019.s.l.fake', '+34 686 009 081', 'Tecnología', 'RRHH', 'rrhh@global.logistica.019.s.l.fake', '+34 692 565 350', 'Empresa colaboradora.'),
('B10000020', 'NUEVA COMERCIO 020 S.L.', 'info@nueva.comercio.020.s.l.fake', '+34 631 373 593', 'Sanidad', 'RRHH', 'rrhh@nueva.comercio.020.s.l.fake', '+34 650 608 692', NULL),
('B10000021', 'URBANA COMERCIO 021 S.L.', 'info@urbana.comercio.021.s.l.fake', '+34 628 899 098', 'Comercio', 'RRHH', 'rrhh@urbana.comercio.021.s.l.fake', '+34 641 826 725', NULL),
('B10000022', 'URBANA COMERCIO 022 S.L.', 'info@urbana.comercio.022.s.l.fake', '+34 663 431 198', 'Seguridad', 'RRHH', 'rrhh@urbana.comercio.022.s.l.fake', '+34 646 743 044', NULL),
('B10000023', 'URBANA SERVICIOS 023 S.L.', 'info@urbana.servicios.023.s.l.fake', '+34 687 558 334', 'Seguridad', 'RRHH', 'rrhh@urbana.servicios.023.s.l.fake', '+34 634 000 927', NULL),
('B10000024', 'EXPERTA SERVICIOS 024 S.L.', 'info@experta.servicios.024.s.l.fake', '+34 638 355 696', 'Limpieza', 'RRHH', 'rrhh@experta.servicios.024.s.l.fake', '+34 624 051 091', NULL),
('B10000025', 'EXPERTA TECNOLOGÍA 025 S.L.', 'info@experta.tecnologia.025.s.l.fake', '+34 650 045 166', 'Sanidad', 'RRHH', 'rrhh@experta.tecnologia.025.s.l.fake', '+34 649 532 719', NULL),
('B10000026', 'GLOBAL SERVICIOS 026 S.L.', 'info@global.servicios.026.s.l.fake', '+34 676 329 605', 'Seguridad', 'RRHH', 'rrhh@global.servicios.026.s.l.fake', '+34 688 516 697', 'Empresa colaboradora.'),
('B10000027', 'EXPERTA COMERCIO 027 S.L.', 'info@experta.comercio.027.s.l.fake', '+34 657 949 520', 'Tecnología', 'RRHH', 'rrhh@experta.comercio.027.s.l.fake', '+34 628 513 772', NULL),
('B10000028', 'NUEVA GESTIÓN 028 S.L.', 'info@nueva.gestion.028.s.l.fake', '+34 625 273 044', 'Hostelería', 'RRHH', 'rrhh@nueva.gestion.028.s.l.fake', '+34 645 690 166', NULL),
('B10000029', 'ALFA DISTRIBUCIÓN 029 S.L.', 'info@alfa.distribucion.029.s.l.fake', '+34 662 769 363', 'Atención al cliente', 'RRHH', 'rrhh@alfa.distribucion.029.s.l.fake', '+34 688 016 431', 'Empresa colaboradora.'),
('B10000030', 'CENTRAL TECNOLOGÍA 030 S.L.', 'info@central.tecnologia.030.s.l.fake', '+34 699 891 673', 'Tecnología', 'RRHH', 'rrhh@central.tecnologia.030.s.l.fake', '+34 663 879 821', NULL);

INSERT INTO vacancies (company_id, title, sector, description, requirements, status, created_at) VALUES
(1, 'Atención al cliente', 'Atención al cliente', 'Atención al cliente en NORTE COMERCIO 001 S.L.. Incorporación inmediata.', NULL, 'open', '2025-12-07 10:26:41'),
(1, 'Atención al cliente', 'Atención al cliente', 'Atención al cliente en NORTE COMERCIO 001 S.L.. Incorporación inmediata.', NULL, 'open', '2025-01-05 15:33:05'),
(2, 'Celador/a', 'Sanidad', 'Celador/a en URBANA HOSTELERÍA 002 S.L.. Incorporación inmediata.', 'Responsabilidad, puntualidad y ganas de aprender.', 'open', '2025-11-16 09:08:26'),
(2, 'Auxiliar de clínica', 'Sanidad', 'Auxiliar de clínica en URBANA HOSTELERÍA 002 S.L.. Incorporación inmediata.', 'Responsabilidad, puntualidad y ganas de aprender.', 'closed', '2025-07-27 11:41:36'),
(2, 'Recepcionista centro médico', 'Sanidad', 'Recepcionista centro médico en URBANA HOSTELERÍA 002 S.L.. Incorporación inmediata.', NULL, 'open', '2024-12-23 17:42:23'),
(3, 'Peón de obra', 'Construcción', 'Peón de obra en ALFA GESTIÓN 003 S.L.. Incorporación inmediata.', NULL, 'open', '2024-09-20 12:18:47'),
(3, 'Peón de obra', 'Construcción', 'Peón de obra en ALFA GESTIÓN 003 S.L.. Incorporación inmediata.', 'Responsabilidad, puntualidad y ganas de aprender.', 'open', '2024-10-07 13:51:43'),
(4, 'Auxiliar de seguridad', 'Seguridad', 'Auxiliar de seguridad en IBÉRICA COMERCIO 004 S.L.. Incorporación inmediata.', NULL, 'open', '2025-10-13 12:53:38'),
(4, 'Control de accesos', 'Seguridad', 'Control de accesos en IBÉRICA COMERCIO 004 S.L.. Incorporación inmediata.', 'Responsabilidad, puntualidad y ganas de aprender.', 'open', '2025-02-07 12:59:12'),
(5, 'Peón de obra', 'Construcción', 'Peón de obra en NORTE TECNOLOGÍA 005 S.L.. Incorporación inmediata.', 'Responsabilidad, puntualidad y ganas de aprender.', 'open', '2025-12-24 11:05:46'),
(5, 'Ayudante de mantenimiento', 'Construcción', 'Ayudante de mantenimiento en NORTE TECNOLOGÍA 005 S.L.. Incorporación inmediata.', 'Responsabilidad, puntualidad y ganas de aprender.', 'open', '2025-11-12 16:14:27'),
(5, 'Peón de obra', 'Construcción', 'Peón de obra en NORTE TECNOLOGÍA 005 S.L.. Incorporación inmediata.', 'Responsabilidad, puntualidad y ganas de aprender.', 'open', '2025-08-21 11:17:27'),
(6, 'Repartidor/a', 'Logística', 'Repartidor/a en CENTRAL COMERCIO 006 S.L.. Incorporación inmediata.', 'Responsabilidad, puntualidad y ganas de aprender.', 'closed', '2024-12-29 14:16:33'),
(6, 'Operario/a de almacén', 'Logística', 'Operario/a de almacén en CENTRAL COMERCIO 006 S.L.. Incorporación inmediata.', 'Responsabilidad, puntualidad y ganas de aprender.', 'open', '2025-07-08 17:04:56'),
(6, 'Repartidor/a', 'Logística', 'Repartidor/a en CENTRAL COMERCIO 006 S.L.. Incorporación inmediata.', 'Responsabilidad, puntualidad y ganas de aprender.', 'open', '2025-01-14 16:44:16'),
(7, 'Auxiliar de logística', 'Logística', 'Auxiliar de logística en EXPERTA GESTIÓN 007 S.L.. Incorporación inmediata.', 'Responsabilidad, puntualidad y ganas de aprender.', 'open', '2025-01-30 11:09:06'),
(7, 'Repartidor/a', 'Logística', 'Repartidor/a en EXPERTA GESTIÓN 007 S.L.. Incorporación inmediata.', 'Responsabilidad, puntualidad y ganas de aprender.', 'open', '2025-11-15 11:55:21'),
(8, 'Cristalero/a', 'Limpieza', 'Cristalero/a en NORTE SOLUCIONES 008 S.L.. Incorporación inmediata.', 'Responsabilidad, puntualidad y ganas de aprender.', 'open', '2025-01-23 16:26:45'),
(8, 'Personal de limpieza', 'Limpieza', 'Personal de limpieza en NORTE SOLUCIONES 008 S.L.. Incorporación inmediata.', 'Responsabilidad, puntualidad y ganas de aprender.', 'open', '2025-07-09 18:18:22'),
(8, 'Cristalero/a', 'Limpieza', 'Cristalero/a en NORTE SOLUCIONES 008 S.L.. Incorporación inmediata.', 'Responsabilidad, puntualidad y ganas de aprender.', 'open', '2025-06-07 14:05:50'),
(9, 'Atención al cliente', 'Atención al cliente', 'Atención al cliente en NUEVA GESTIÓN 009 S.L.. Incorporación inmediata.', 'Responsabilidad, puntualidad y ganas de aprender.', 'open', '2025-10-20 14:35:28'),
(9, 'Gestor/a de incidencias', 'Atención al cliente', 'Gestor/a de incidencias en NUEVA GESTIÓN 009 S.L.. Incorporación inmediata.', 'Responsabilidad, puntualidad y ganas de aprender.', 'open', '2025-04-14 14:24:51'),
(10, 'Mozo/a almacén', 'Comercio', 'Mozo/a almacén en CENTRAL LOGÍSTICA 010 S.L.. Incorporación inmediata.', NULL, 'closed', '2025-02-15 14:29:37'),
(10, 'Visual merchandiser junior', 'Comercio', 'Visual merchandiser junior en CENTRAL LOGÍSTICA 010 S.L.. Incorporación inmediata.', 'Responsabilidad, puntualidad y ganas de aprender.', 'open', '2025-04-30 14:51:58'),
(11, 'Ayudante de cocina', 'Hostelería', 'Ayudante de cocina en URBANA HOSTELERÍA 011 S.L.. Incorporación inmediata.', 'Responsabilidad, puntualidad y ganas de aprender.', 'open', '2024-11-28 10:06:49'),
(11, 'Recepcionista hotel', 'Hostelería', 'Recepcionista hotel en URBANA HOSTELERÍA 011 S.L.. Incorporación inmediata.', 'Responsabilidad, puntualidad y ganas de aprender.', 'open', '2024-10-12 10:38:43'),
(11, 'Camarero/a', 'Hostelería', 'Camarero/a en URBANA HOSTELERÍA 011 S.L.. Incorporación inmediata.', NULL, 'open', '2025-10-25 13:40:04'),
(12, 'Mozo/a almacén', 'Comercio', 'Mozo/a almacén en IBÉRICA LOGÍSTICA 012 S.L.. Incorporación inmediata.', 'Responsabilidad, puntualidad y ganas de aprender.', 'open', '2025-01-19 12:46:44'),
(12, 'Dependiente/a', 'Comercio', 'Dependiente/a en IBÉRICA LOGÍSTICA 012 S.L.. Incorporación inmediata.', NULL, 'open', '2026-01-27 14:45:55'),
(13, 'Recepcionista centro médico', 'Sanidad', 'Recepcionista centro médico en GLOBAL DISTRIBUCIÓN 013 S.L.. Incorporación inmediata.', NULL, 'open', '2025-03-20 13:31:50'),
(13, 'Celador/a', 'Sanidad', 'Celador/a en GLOBAL DISTRIBUCIÓN 013 S.L.. Incorporación inmediata.', 'Responsabilidad, puntualidad y ganas de aprender.', 'open', '2024-08-29 15:11:29'),
(13, 'Auxiliar de clínica', 'Sanidad', 'Auxiliar de clínica en GLOBAL DISTRIBUCIÓN 013 S.L.. Incorporación inmediata.', 'Responsabilidad, puntualidad y ganas de aprender.', 'open', '2025-06-10 13:07:04'),
(14, 'Personal de limpieza', 'Limpieza', 'Personal de limpieza en URBANA COMERCIO 014 S.L.. Incorporación inmediata.', 'Responsabilidad, puntualidad y ganas de aprender.', 'closed', '2025-11-01 15:59:39'),
(14, 'Operario/a limpieza', 'Limpieza', 'Operario/a limpieza en URBANA COMERCIO 014 S.L.. Incorporación inmediata.', NULL, 'closed', '2025-12-08 13:39:35'),
(15, 'Auxiliar de logística', 'Logística', 'Auxiliar de logística en NORTE TECNOLOGÍA 015 S.L.. Incorporación inmediata.', 'Responsabilidad, puntualidad y ganas de aprender.', 'open', '2026-01-01 12:27:41'),
(15, 'Operario/a de almacén', 'Logística', 'Operario/a de almacén en NORTE TECNOLOGÍA 015 S.L.. Incorporación inmediata.', 'Responsabilidad, puntualidad y ganas de aprender.', 'open', '2025-03-12 11:58:30'),
(16, 'Recepcionista', 'Administración', 'Recepcionista en NORTE DISTRIBUCIÓN 016 S.L.. Incorporación inmediata.', 'Responsabilidad, puntualidad y ganas de aprender.', 'open', '2025-11-11 16:24:46'),
(16, 'Auxiliar administrativo/a', 'Administración', 'Auxiliar administrativo/a en NORTE DISTRIBUCIÓN 016 S.L.. Incorporación inmediata.', 'Responsabilidad, puntualidad y ganas de aprender.', 'open', '2025-07-29 16:12:12'),
(16, 'Recepcionista', 'Administración', 'Recepcionista en NORTE DISTRIBUCIÓN 016 S.L.. Incorporación inmediata.', NULL, 'open', '2025-09-13 14:49:31'),
(17, 'Cristalero/a', 'Limpieza', 'Cristalero/a en NUEVA TECNOLOGÍA 017 S.L.. Incorporación inmediata.', 'Responsabilidad, puntualidad y ganas de aprender.', 'open', '2025-06-11 14:24:26'),
(17, 'Cristalero/a', 'Limpieza', 'Cristalero/a en NUEVA TECNOLOGÍA 017 S.L.. Incorporación inmediata.', 'Responsabilidad, puntualidad y ganas de aprender.', 'closed', '2025-06-09 10:12:52'),
(17, 'Cristalero/a', 'Limpieza', 'Cristalero/a en NUEVA TECNOLOGÍA 017 S.L.. Incorporación inmediata.', NULL, 'open', '2024-09-04 18:23:32'),
(18, 'Personal de limpieza', 'Limpieza', 'Personal de limpieza en CENTRAL DISTRIBUCIÓN 018 S.L.. Incorporación inmediata.', 'Responsabilidad, puntualidad y ganas de aprender.', 'open', '2024-12-19 10:37:43'),
(18, 'Personal de limpieza', 'Limpieza', 'Personal de limpieza en CENTRAL DISTRIBUCIÓN 018 S.L.. Incorporación inmediata.', NULL, 'closed', '2025-05-08 14:48:13'),
(18, 'Operario/a limpieza', 'Limpieza', 'Operario/a limpieza en CENTRAL DISTRIBUCIÓN 018 S.L.. Incorporación inmediata.', 'Responsabilidad, puntualidad y ganas de aprender.', 'open', '2025-01-08 09:07:25'),
(19, 'Soporte técnico', 'Tecnología', 'Soporte técnico en GLOBAL LOGÍSTICA 019 S.L.. Incorporación inmediata.', NULL, 'open', '2024-12-09 12:05:15'),
(19, 'Soporte técnico', 'Tecnología', 'Soporte técnico en GLOBAL LOGÍSTICA 019 S.L.. Incorporación inmediata.', NULL, 'open', '2025-08-04 18:29:44'),
(20, 'Auxiliar de clínica', 'Sanidad', 'Auxiliar de clínica en NUEVA COMERCIO 020 S.L.. Incorporación inmediata.', 'Responsabilidad, puntualidad y ganas de aprender.', 'open', '2025-09-01 18:51:38'),
(20, 'Recepcionista centro médico', 'Sanidad', 'Recepcionista centro médico en NUEVA COMERCIO 020 S.L.. Incorporación inmediata.', NULL, 'closed', '2024-11-10 08:13:31'),
(21, 'Dependiente/a', 'Comercio', 'Dependiente/a en URBANA COMERCIO 021 S.L.. Incorporación inmediata.', NULL, 'open', '2025-01-12 16:27:55'),
(21, 'Visual merchandiser junior', 'Comercio', 'Visual merchandiser junior en URBANA COMERCIO 021 S.L.. Incorporación inmediata.', 'Responsabilidad, puntualidad y ganas de aprender.', 'closed', '2025-06-05 08:51:14'),
(21, 'Dependiente/a', 'Comercio', 'Dependiente/a en URBANA COMERCIO 021 S.L.. Incorporación inmediata.', 'Responsabilidad, puntualidad y ganas de aprender.', 'open', '2025-09-17 13:27:05'),
(22, 'Control de accesos', 'Seguridad', 'Control de accesos en URBANA COMERCIO 022 S.L.. Incorporación inmediata.', 'Responsabilidad, puntualidad y ganas de aprender.', 'closed', '2024-12-14 14:27:15'),
(22, 'Control de accesos', 'Seguridad', 'Control de accesos en URBANA COMERCIO 022 S.L.. Incorporación inmediata.', NULL, 'closed', '2025-06-10 10:59:49'),
(22, 'Control de accesos', 'Seguridad', 'Control de accesos en URBANA COMERCIO 022 S.L.. Incorporación inmediata.', 'Responsabilidad, puntualidad y ganas de aprender.', 'closed', '2025-10-11 15:10:00'),
(23, 'Vigilante (sin arma)', 'Seguridad', 'Vigilante (sin arma) en URBANA SERVICIOS 023 S.L.. Incorporación inmediata.', 'Responsabilidad, puntualidad y ganas de aprender.', 'open', '2025-12-18 11:22:32'),
(23, 'Auxiliar de seguridad', 'Seguridad', 'Auxiliar de seguridad en URBANA SERVICIOS 023 S.L.. Incorporación inmediata.', NULL, 'closed', '2024-12-04 17:40:34'),
(23, 'Vigilante (sin arma)', 'Seguridad', 'Vigilante (sin arma) en URBANA SERVICIOS 023 S.L.. Incorporación inmediata.', NULL, 'open', '2024-08-21 16:17:41'),
(24, 'Personal de limpieza', 'Limpieza', 'Personal de limpieza en EXPERTA SERVICIOS 024 S.L.. Incorporación inmediata.', 'Responsabilidad, puntualidad y ganas de aprender.', 'open', '2024-08-14 11:02:26'),
(24, 'Personal de limpieza', 'Limpieza', 'Personal de limpieza en EXPERTA SERVICIOS 024 S.L.. Incorporación inmediata.', NULL, 'open', '2024-11-13 15:05:11'),
(24, 'Operario/a limpieza', 'Limpieza', 'Operario/a limpieza en EXPERTA SERVICIOS 024 S.L.. Incorporación inmediata.', 'Responsabilidad, puntualidad y ganas de aprender.', 'closed', '2025-09-26 08:30:56'),
(25, 'Recepcionista centro médico', 'Sanidad', 'Recepcionista centro médico en EXPERTA TECNOLOGÍA 025 S.L.. Incorporación inmediata.', NULL, 'open', '2024-09-13 17:47:21'),
(25, 'Recepcionista centro médico', 'Sanidad', 'Recepcionista centro médico en EXPERTA TECNOLOGÍA 025 S.L.. Incorporación inmediata.', 'Responsabilidad, puntualidad y ganas de aprender.', 'open', '2025-07-26 15:52:10'),
(26, 'Auxiliar de seguridad', 'Seguridad', 'Auxiliar de seguridad en GLOBAL SERVICIOS 026 S.L.. Incorporación inmediata.', 'Responsabilidad, puntualidad y ganas de aprender.', 'open', '2024-10-27 12:35:53'),
(26, 'Vigilante (sin arma)', 'Seguridad', 'Vigilante (sin arma) en GLOBAL SERVICIOS 026 S.L.. Incorporación inmediata.', NULL, 'open', '2025-12-24 14:54:32'),
(27, 'Helpdesk', 'Tecnología', 'Helpdesk en EXPERTA COMERCIO 027 S.L.. Incorporación inmediata.', NULL, 'open', '2024-11-25 16:01:08'),
(27, 'Helpdesk', 'Tecnología', 'Helpdesk en EXPERTA COMERCIO 027 S.L.. Incorporación inmediata.', 'Responsabilidad, puntualidad y ganas de aprender.', 'open', '2024-08-14 13:22:11'),
(27, 'Soporte técnico', 'Tecnología', 'Soporte técnico en EXPERTA COMERCIO 027 S.L.. Incorporación inmediata.', NULL, 'open', '2025-04-02 08:51:39'),
(28, 'Recepcionista hotel', 'Hostelería', 'Recepcionista hotel en NUEVA GESTIÓN 028 S.L.. Incorporación inmediata.', NULL, 'open', '2024-08-14 18:35:35'),
(28, 'Ayudante de cocina', 'Hostelería', 'Ayudante de cocina en NUEVA GESTIÓN 028 S.L.. Incorporación inmediata.', 'Responsabilidad, puntualidad y ganas de aprender.', 'closed', '2025-10-30 18:21:49'),
(29, 'Gestor/a de incidencias', 'Atención al cliente', 'Gestor/a de incidencias en ALFA DISTRIBUCIÓN 029 S.L.. Incorporación inmediata.', NULL, 'closed', '2025-09-14 08:47:15'),
(29, 'Teleoperador/a', 'Atención al cliente', 'Teleoperador/a en ALFA DISTRIBUCIÓN 029 S.L.. Incorporación inmediata.', 'Responsabilidad, puntualidad y ganas de aprender.', 'open', '2025-11-09 12:46:21'),
(30, 'Operador/a de datos', 'Tecnología', 'Operador/a de datos en CENTRAL TECNOLOGÍA 030 S.L.. Incorporación inmediata.', 'Responsabilidad, puntualidad y ganas de aprender.', 'open', '2024-09-29 08:44:34'),
(30, 'Soporte técnico', 'Tecnología', 'Soporte técnico en CENTRAL TECNOLOGÍA 030 S.L.. Incorporación inmediata.', 'Responsabilidad, puntualidad y ganas de aprender.', 'closed', '2025-12-20 17:40:25'),
(30, 'Operador/a de datos', 'Tecnología', 'Operador/a de datos en CENTRAL TECNOLOGÍA 030 S.L.. Incorporación inmediata.', 'Responsabilidad, puntualidad y ganas de aprender.', 'closed', '2025-09-12 10:05:14');

INSERT INTO course_itineraries (course_code, itinerary_name) VALUES
('25EMHA01', 'AYUDANTE DE CAMARERO'),
('25EMHA02', 'AYUDANTE DE COCINA'),
('25EMHA03', 'AYUDANTE DE COCINA'),
('25EMHA04', 'AYUDANTE DE COCINA'),
('25EMHA05', 'AYUDANTE DE CAMARERO'),
('25EMHA06', 'AYUDANTE DE COCINA'),
('25EMHA07', 'AYUDANTE DE COCINA'),
('25EMHA08', 'ATENCION AL CLIENTE EN BARRA Y TIENDA'),
('25EMHA09', 'CdP OPERACIONES BÁSICAS COCINA'),
('25EMHA10', 'COCINA AVANZADA'),
('25EMHA11', 'SERVICIO DE SALA ESPECIALIZADO'),
('25EMHA13', 'AYUDANTE DE CAMARERO'),
('25EMHA14', 'OPERARIO DE DESPIECE'),
('25EMHA15', 'AYUDANTE DE COCINA'),
('25EMHA16', 'AYUDANTE DE CATERING'),
('25EMHA17', 'OPERARIO DE CARNICERIA'),
('25EMHA18', 'OPERARIO DE PESCADERIA'),
('25EMHA20', 'AYUDANTE BARRA Y SALA PASTELERÍA'),
('25EMHA21', 'AYUDANTE DE COCINA'),
('25EMHA22', 'AYUDANTE DE COCINA'),
('25EMHA23', 'AYUDANTE BARRA PASTELERIA'),
('25EMHA24', 'AYUDANTE BARRA PASTELERIA'),
('25EMHA25', 'AYUDANTE CAMARERO'),
('25EMHA26', 'AYUDANTE PANADERÍA Y PASTELERÍA'),
('25EMHA27', 'AYUDANTE PANADERÍA Y PASTELERÍA'),
('25EMHA28', 'OPERARIO DE CARNICERIA'),
('25EMHA29', 'AYUDANTE COCINA'),
('26EMHA01', 'AYUDANTE COCINA'),
('26EMHA02', 'AYUDANTE COCINA'),
('26EMHA03', 'AYUDANTE PANADERÍA Y PASTELERÍA'),
('26EMHA04', 'AYUDANTE SALA Y BARRA'),
('26EMHA05', 'AYUDANTE DE CARNICERIA'),
('26EMHA06', 'AYUDANTE COCINA Y SERVICIO DE MOSTRADOR'),
('26EMHA07', 'ATENCIÓN AL CLIENTE EN SERVICIO DE BARRA Y TIENDA'),
('26EMHA08', 'ELABORACION DE PLATOS, FAST FOOD Y CATERING'),
('26EMHA09', 'AYUDANTE PANADERIA Y PASTELERIA'),
('26EMHA10', 'AYUDANTE SALA Y BARRA'),
('26EMHA11', 'AYUDANTE COCINA'),
('26EMHA12', 'OPERARIO DE CARNICERIA');

INSERT INTO municipalities (code, name) VALUES
(1, 'Madrid'),
(2, 'Alcalá de Henares'),
(3, 'Móstoles'),
(4, 'Getafe'),
(5, 'Alcorcón'),
(6, 'Leganés'),
(7, 'Fuenlabrada'),
(8, 'Alcobendas');

INSERT INTO districts (code, municipality_code, name) VALUES
(1, 1, 'Centro'),
(2, 1, 'Tetuán'),
(3, 1, 'Chamartín'),
(4, 1, 'Salamanca'),
(5, 1, 'Retiro'),
(6, 1, 'Arganzuela'),
(7, 1, 'Carabanchel'),
(8, 1, 'Latina'),
(9, 1, 'Usera'),
(10, 1, 'Villaverde'),
(11, 1, 'Fuencarral-El Pardo'),
(12, 1, 'Ciudad Lineal'),
(13, 1, 'Hortaleza'),
(14, 1, 'Moratalaz'),
(15, 1, 'San Blas-Canillejas'),
(16, 1, 'Barajas'),
(17, 1, 'Puente de Vallecas'),
(18, 1, 'Villa de Vallecas'),
(19, 1, 'Vicálvaro'),
(20, 2, 'Centro'),
(21, 2, 'Reyes Católicos'),
(22, 2, 'Espartales'),
(23, 3, 'Centro'),
(24, 3, 'Norte Universidad'),
(25, 4, 'Centro'),
(26, 4, 'Sector III'),
(27, 5, 'Centro'),
(28, 5, 'Parque Lisboa'),
(29, 6, 'Centro'),
(30, 6, 'Zarzaquemada'),
(31, 7, 'Centro'),
(32, 7, 'Loranca'),
(33, 8, 'Centro'),
(34, 8, 'Valdelasfuentes');

INSERT INTO students (first_names, last_names, dni_nie, social_security_number, birth_date, sex, district_code, municipality_code, phone, email, notes) VALUES
('Óscar', 'Muñoz', '30000001C', '01 84505146 23', '1996-11-22', 'mujer', 9, 1, '698079752', 'oscar.munoz001@example.com', NULL),
('Paula', 'Sánchez', '30000002K', '19 95851499 86', '2003-06-06', 'mujer', 25, 4, '610839001', 'paula.sanchez002@example.com', 'Seguimiento recomendado.'),
('Laura', 'Hernández Romero', '30000003E', '18 66070330 42', '1991-04-17', 'hombre', 23, 3, '635391143', 'laura.hernandez003@example.com', NULL),
('Adrián', 'Delgado García', '30000004T', '11 26160046 80', '1990-02-05', 'hombre', 28, 5, '671354880', 'adrian.delgado004@example.com', 'Seguimiento recomendado.'),
('Lucía', 'Muñoz Rubio', '30000005R', '32 84705394 75', '2003-03-30', 'mujer', 11, 1, '675828465', 'lucia.munoz005@example.com', 'Seguimiento recomendado.'),
('Hugo', 'Gil', '30000006W', '50 10109099 99', '1996-03-08', 'mujer', 9, 1, '672102382', 'hugo.gil006@example.com', NULL),
('Lucía Elena', 'Fernández', '30000007A', '31 79345623 29', '1999-05-24', 'hombre', 2, 1, '635362562', 'lucia.fernandez007@example.com', NULL),
('Antonio', 'Morales García', '30000008G', '52 79556189 63', '2000-09-16', 'mujer', 7, 1, '671402889', 'antonio.morales008@example.com', NULL),
('Carlos Laura', 'Torres', '30000009M', '03 24916818 65', '1995-02-04', 'mujer', 29, 6, '663393456', 'carlos.torres009@example.com', NULL),
('Javier', 'Pérez Rodríguez', '30000010Y', '21 65671901 59', '1996-10-12', 'hombre', 19, 1, '652927021', 'javier.perez010@example.com', NULL),
('Nuria Hugo', 'Delgado', '30000011F', '15 33158795 73', '2002-07-29', 'hombre', 18, 1, '616174442', 'nuria.delgado011@example.com', NULL),
('Carmen Isabel', 'Castro Ramos', '30000012P', '41 23279931 88', '1996-05-13', 'hombre', 12, 1, '608402888', 'carmen.castro012@example.com', NULL),
('Diego Óscar', 'Navarro Marín', '30000013D', '07 22174788 56', '2002-09-11', 'hombre', 7, 1, '679604174', 'diego.navarro013@example.com', NULL),
('Beatriz Alejandro', 'Muñoz Vázquez', '30000014X', '16 27213512 37', '2004-05-30', 'mujer', 12, 1, '605353557', 'beatriz.munoz014@example.com', NULL),
('Marta', 'Serrano', '30000015B', '49 52983668 24', '1997-02-16', 'hombre', 20, 2, '691520982', 'marta.serrano015@example.com', NULL),
('María', 'Gil García', '30000016N', '03 61647663 43', '2001-11-28', 'mujer', 13, 1, '689183295', 'maria.gil016@example.com', NULL),
('Lucía Daniel', 'Rodríguez Romero', '30000017J', '15 34302187 45', '1997-02-23', 'mujer', 7, 1, '675852687', 'lucia.rodriguez017@example.com', NULL),
('Miguel', 'Gómez', '30000018Z', '29 99850210 91', '2003-07-16', 'mujer', 18, 1, '601566883', 'miguel.gomez018@example.com', NULL),
('Adrián Adrián', 'Molina Vázquez', '30000019S', '19 45619705 80', '1999-03-09', 'hombre', 4, 1, '621900844', 'adrian.molina019@example.com', NULL),
('Adrián Diego', 'Rubio', '30000020Q', '51 60626790 66', '1996-04-23', 'hombre', 34, 8, '689851978', 'adrian.rubio020@example.com', NULL),
('Noelia', 'Ortega Torres', '30000021V', '24 99149011 44', '2004-02-21', 'hombre', 15, 1, '620239102', 'noelia.ortega021@example.com', NULL),
('Patricia', 'González', '30000022H', '49 12625055 90', '1992-05-08', 'mujer', 8, 1, '660780345', 'patricia.gonzalez022@example.com', NULL),
('Celia', 'Díaz', '30000023L', '21 74484930 13', '1991-11-23', 'hombre', 7, 1, '644651597', 'celia.diaz023@example.com', NULL),
('Carmen Paula', 'Torres Alonso', '30000024C', '12 29564418 72', '2002-07-19', 'mujer', 9, 1, '699690895', 'carmen.torres024@example.com', 'Seguimiento recomendado.'),
('Rocío', 'Muñoz Gutiérrez', '30000025K', '51 45247441 86', '1997-08-02', 'mujer', 10, 1, '634014163', 'rocio.munoz025@example.com', NULL),
('Noelia', 'Alonso', '30000026E', '02 36267068 37', '2003-03-16', 'mujer', 19, 1, '633852869', 'noelia.alonso026@example.com', NULL),
('Nuria', 'Ramos', '30000027T', '27 20154049 56', '2002-11-16', 'hombre', 14, 1, '666131771', 'nuria.ramos027@example.com', 'Seguimiento recomendado.'),
('Beatriz Raúl', 'Muñoz', '30000028R', '22 92705430 20', '1990-02-18', 'hombre', 18, 1, '684660399', 'beatriz.munoz028@example.com', NULL),
('Paula Adrián', 'Gómez', '30000029W', '39 62917943 90', '2001-05-24', 'mujer', 13, 1, '682335494', 'paula.gomez029@example.com', 'Seguimiento recomendado.'),
('Eva', 'Fernández', '30000030A', '30 51279400 28', '1995-09-13', 'mujer', 24, 3, '663552631', 'eva.fernandez030@example.com', NULL),
('David Alejandro', 'Vázquez', '30000031G', '31 76275730 47', '1997-09-08', 'hombre', 22, 2, '678644335', 'david.vazquez031@example.com', NULL),
('Miguel', 'Romero Ortega', '30000032M', '46 31718584 42', '1991-06-10', 'hombre', 11, 1, '627918386', 'miguel.romero032@example.com', NULL),
('María Paula', 'Rubio', '30000033Y', '40 34708214 80', '2000-07-18', 'hombre', 1, 1, '662446711', 'maria.rubio033@example.com', NULL),
('Antonio', 'Fernández Romero', '30000034F', '35 99435453 10', '1996-02-21', 'mujer', 29, 6, '681371134', 'antonio.fernandez034@example.com', 'Seguimiento recomendado.'),
('Eva', 'Rubio Gómez', '30000035P', '46 82753021 16', '1993-01-11', 'hombre', 10, 1, '663114597', 'eva.rubio035@example.com', NULL),
('Alejandro Beatriz', 'Hernández Romero', '30000036D', '20 54671694 82', '1990-01-06', 'mujer', 15, 1, '610643154', 'alejandro.hernandez036@example.com', NULL),
('María Laura', 'López', '30000037X', '04 80999954 66', '1991-05-12', 'mujer', 23, 3, '643508610', 'maria.lopez037@example.com', NULL),
('Nuria Víctor', 'Gutiérrez Gutiérrez', '30000038B', '47 59261697 65', '1992-04-01', 'mujer', 2, 1, '611382902', 'nuria.gutierrez038@example.com', NULL),
('Daniel', 'Castro Molina', '30000039N', '04 15123790 33', '2004-08-14', 'hombre', 34, 8, '607004372', 'daniel.castro039@example.com', NULL),
('Cristina', 'Sánchez', '30000040J', '50 75363710 89', '1996-03-24', 'mujer', 15, 1, '683116927', 'cristina.sanchez040@example.com', NULL),
('Paula Irene', 'Fernández', '30000041Z', '23 10241950 06', '2001-11-09', 'hombre', 31, 7, '630649450', 'paula.fernandez041@example.com', NULL),
('María', 'Álvarez Pérez', '30000042S', '52 61608764 99', '1996-07-03', 'mujer', 17, 1, '631422244', 'maria.alvarez042@example.com', NULL),
('Laura Jorge', 'Ortega', '30000043Q', '24 68511093 66', '2000-06-23', 'mujer', 11, 1, '698486580', 'laura.ortega043@example.com', NULL),
('Miguel', 'Molina', '30000044V', '52 58287915 82', '2001-09-08', 'mujer', 23, 3, '688390417', 'miguel.molina044@example.com', NULL),
('Carlos', 'Ramos Hernández', '30000045H', '08 39366903 96', '1995-07-26', 'hombre', 5, 1, '600596987', 'carlos.ramos045@example.com', NULL),
('David', 'Sánchez', '30000046L', '31 60333794 79', '1998-02-09', 'mujer', 25, 4, '608324817', 'david.sanchez046@example.com', NULL),
('Elena', 'Castro', '30000047C', '17 77267541 73', '1998-11-20', 'hombre', 6, 1, '655236866', 'elena.castro047@example.com', NULL),
('Noelia', 'Fernández Rubio', '30000048K', '03 93919691 61', '2001-07-18', 'mujer', 5, 1, '694514413', 'noelia.fernandez048@example.com', NULL),
('Hugo', 'García Fernández', '30000049E', '41 14312492 59', '1994-08-11', 'hombre', 18, 1, '656977512', 'hugo.garcia049@example.com', NULL),
('Isabel Rocío', 'Vázquez Torres', '30000050T', '40 55402787 18', '2004-03-27', 'hombre', 5, 1, '634995750', 'isabel.vazquez050@example.com', NULL),
('Noelia', 'Gil Torres', '30000051R', '38 17704528 36', '1995-05-31', 'mujer', 19, 1, '680589512', 'noelia.gil051@example.com', NULL),
('Laura Irene', 'Serrano Gómez', '30000052W', '01 17167434 94', '1995-08-10', 'mujer', 2, 1, '611394227', 'laura.serrano052@example.com', NULL),
('Álvaro Carmen', 'Rubio Rodríguez', '30000053A', '10 58623969 05', '2002-04-08', 'hombre', 29, 6, '603193483', 'alvaro.rubio053@example.com', NULL),
('Lucía Irene', 'López Molina', '30000054G', '02 98197025 72', '1996-06-22', 'hombre', 16, 1, '647977029', 'lucia.lopez054@example.com', NULL),
('Hugo Javier', 'Castro Serrano', '30000055M', '11 66074193 86', '2003-11-01', 'hombre', 18, 1, '664768828', 'hugo.castro055@example.com', NULL),
('Beatriz', 'Serrano', '30000056Y', '38 85490392 08', '1997-01-07', 'mujer', 5, 1, '631905017', 'beatriz.serrano056@example.com', NULL),
('Miguel', 'Serrano', '30000057F', '16 88538006 84', '1995-06-02', 'hombre', 6, 1, '615005444', 'miguel.serrano057@example.com', NULL),
('Hugo', 'Castro', '30000058P', '35 10644513 33', '1996-10-20', 'hombre', 13, 1, '639817311', 'hugo.castro058@example.com', NULL),
('Diego Rocío', 'Hernández Gil', '30000059D', '49 38468883 33', '2003-03-12', 'hombre', 32, 7, '624783094', 'diego.hernandez059@example.com', 'Seguimiento recomendado.'),
('Miguel', 'Delgado', '30000060X', '12 22191960 16', '2004-10-18', 'mujer', 18, 1, '688532719', 'miguel.delgado060@example.com', NULL),
('Víctor Alejandro', 'Domínguez Fernández', '30000061B', '47 85404228 49', '1994-10-18', 'hombre', 14, 1, '668046973', 'victor.dominguez061@example.com', 'Seguimiento recomendado.'),
('Nuria', 'Romero Castro', '30000062N', '38 95369392 44', '1994-06-17', 'hombre', 5, 1, '627540145', 'nuria.romero062@example.com', NULL),
('David', 'Rodríguez González', '30000063J', '27 24733762 08', '2004-03-17', 'mujer', 14, 1, '614082992', 'david.rodriguez063@example.com', NULL),
('Javier', 'Ramos', '30000064Z', '33 92032961 07', '2003-08-14', 'hombre', 31, 7, '638184343', 'javier.ramos064@example.com', NULL),
('Jorge', 'Navarro Torres', '30000065S', '16 88771393 29', '2003-07-30', 'hombre', 33, 8, '621059367', 'jorge.navarro065@example.com', NULL),
('Patricia Lucía', 'Gómez', '30000066Q', '18 13394474 10', '1990-09-11', 'mujer', 1, 1, '620410699', 'patricia.gomez066@example.com', NULL),
('Adrián', 'Fernández Serrano', '30000067V', '44 53352206 26', '1994-06-22', 'mujer', 2, 1, '696378820', 'adrian.fernandez067@example.com', NULL),
('Irene', 'González García', '30000068H', '38 14705651 95', '1990-12-02', 'hombre', 8, 1, '687004516', 'irene.gonzalez068@example.com', NULL),
('Antonio', 'Fernández Marín', '30000069L', '13 56711948 75', '1997-03-07', 'mujer', 14, 1, '677072366', 'antonio.fernandez069@example.com', 'Seguimiento recomendado.'),
('María Noelia', 'Pérez', '30000070C', '28 38452118 27', '1999-05-23', 'hombre', 18, 1, '674053053', 'maria.perez070@example.com', NULL),
('Antonio', 'Ramos', '30000071K', '05 44634357 06', '1991-05-17', 'hombre', 6, 1, '685107530', 'antonio.ramos071@example.com', NULL),
('Jorge', 'Díaz', '30000072E', '45 22367979 57', '1991-03-17', 'mujer', 7, 1, '609424259', 'jorge.diaz072@example.com', NULL),
('Daniel', 'Romero', '30000073T', '07 98410036 31', '2001-09-06', 'mujer', 17, 1, '620672921', 'daniel.romero073@example.com', NULL),
('Lucía', 'Díaz Pérez', '30000074R', '40 81176516 15', '1994-07-13', 'hombre', 5, 1, '694198170', 'lucia.diaz074@example.com', NULL),
('Cristina', 'García Gutiérrez', '30000075W', '04 29028199 50', '1993-01-08', 'mujer', 13, 1, '691149797', 'cristina.garcia075@example.com', NULL),
('Celia', 'González Gil', '30000076A', '17 19797213 98', '2001-04-19', 'hombre', 16, 1, '691828035', 'celia.gonzalez076@example.com', NULL),
('David', 'Sánchez Delgado', '30000077G', '05 49203705 88', '1991-12-03', 'hombre', 22, 2, '601448357', 'david.sanchez077@example.com', NULL),
('Patricia', 'Molina', '30000078M', '37 38772891 86', '1995-08-08', 'hombre', 27, 5, '685142683', 'patricia.molina078@example.com', NULL),
('Álvaro Noelia', 'Hernández', '30000079Y', '45 38313104 24', '2004-05-02', 'hombre', 7, 1, '601661891', 'alvaro.hernandez079@example.com', NULL),
('Javier', 'Sánchez', '30000080F', '06 35924954 08', '1998-02-11', 'hombre', 25, 4, '603725557', 'javier.sanchez080@example.com', 'Seguimiento recomendado.'),
('Rocío', 'Torres', '30000081P', '16 59930612 04', '1997-09-07', 'mujer', 15, 1, '684399404', 'rocio.torres081@example.com', NULL),
('Laura', 'Morales Rodríguez', '30000082D', '17 96322547 77', '2004-05-30', 'mujer', 10, 1, '651953453', 'laura.morales082@example.com', NULL),
('Ainhoa María', 'Delgado', '30000083X', '20 12332519 53', '2001-06-22', 'mujer', 16, 1, '686038598', 'ainhoa.delgado083@example.com', NULL),
('Celia María', 'Romero Ramos', '30000084B', '27 90618876 97', '2000-04-04', 'hombre', 15, 1, '603193744', 'celia.romero084@example.com', NULL),
('Alejandro Celia', 'Castro', '30000085N', '35 10218508 50', '2002-06-16', 'hombre', 12, 1, '680854743', 'alejandro.castro085@example.com', NULL),
('Carmen', 'Díaz', '30000086J', '31 70924386 84', '2000-12-27', 'hombre', 3, 1, '617392303', 'carmen.diaz086@example.com', NULL),
('Víctor Patricia', 'Ortega Castro', '30000087Z', '25 79238803 67', '2004-12-09', 'hombre', 26, 4, '629451881', 'victor.ortega087@example.com', NULL),
('Raúl Javier', 'Serrano', '30000088S', '09 92901008 35', '1998-02-18', 'hombre', 4, 1, '643522572', 'raul.serrano088@example.com', NULL),
('Irene Adrián', 'Marín Gutiérrez', '30000089Q', '39 38117208 20', '2004-05-10', 'mujer', 7, 1, '669962500', 'irene.marin089@example.com', NULL),
('Raúl', 'Castro Gómez', '30000090V', '11 59051172 04', '2003-03-28', 'mujer', 31, 7, '635163114', 'raul.castro090@example.com', 'Seguimiento recomendado.'),
('Elena', 'Torres', '30000091H', '16 64285526 96', '2000-11-10', 'mujer', 18, 1, '633477985', 'elena.torres091@example.com', NULL),
('Beatriz', 'Alonso Alonso', '30000092L', '44 91141913 39', '1994-10-26', 'hombre', 16, 1, '691004578', 'beatriz.alonso092@example.com', NULL),
('Carmen', 'Castro', '30000093C', '41 94532173 31', '2001-03-06', 'hombre', 30, 6, '630267698', 'carmen.castro093@example.com', NULL),
('Víctor', 'Vázquez', '30000094K', '18 75029696 41', '1995-08-06', 'hombre', 14, 1, '658902305', 'victor.vazquez094@example.com', NULL),
('Hugo', 'Álvarez Torres', '30000095E', '18 54915509 10', '1995-09-27', 'hombre', 1, 1, '694320994', 'hugo.alvarez095@example.com', NULL),
('María Elena', 'Serrano Morales', '30000096T', '38 31641167 62', '1992-03-24', 'mujer', 3, 1, '679113534', 'maria.serrano096@example.com', NULL),
('Álvaro Víctor', 'Castro', '30000097R', '18 87433398 44', '1998-09-10', 'mujer', 33, 8, '651050758', 'alvaro.castro097@example.com', NULL),
('Paula Marta', 'Alonso', '30000098W', '25 11959693 22', '2000-04-15', 'mujer', 23, 3, '676674721', 'paula.alonso098@example.com', 'Seguimiento recomendado.'),
('Isabel Ainhoa', 'Vázquez', '30000099A', '37 24888356 26', '2000-07-22', 'mujer', 6, 1, '651898107', 'isabel.vazquez099@example.com', NULL),
('Miguel Alejandro', 'Domínguez Romero', '30000100G', '27 55809385 11', '2000-03-01', 'hombre', 4, 1, '633717532', 'miguel.dominguez100@example.com', 'Seguimiento recomendado.');

INSERT INTO course_itinerary_students (course_code, dni_nie) VALUES
('26EMHA12', '30000001C'),
('26EMHA11', '30000002K'),
('25EMHA26', '30000003E'),
('25EMHA07', '30000004T'),
('25EMHA10', '30000005R'),
('26EMHA10', '30000006W'),
('25EMHA06', '30000007A'),
('25EMHA04', '30000008G'),
('25EMHA20', '30000009M'),
('26EMHA08', '30000010Y'),
('25EMHA27', '30000011F'),
('26EMHA05', '30000012P'),
('25EMHA07', '30000013D'),
('25EMHA14', '30000014X'),
('26EMHA01', '30000015B'),
('25EMHA20', '30000016N'),
('25EMHA04', '30000017J'),
('25EMHA17', '30000018Z'),
('25EMHA26', '30000019S'),
('25EMHA16', '30000020Q'),
('26EMHA05', '30000021V'),
('25EMHA16', '30000022H'),
('25EMHA22', '30000023L'),
('25EMHA15', '30000024C'),
('25EMHA24', '30000025K'),
('25EMHA04', '30000026E'),
('25EMHA08', '30000027T'),
('25EMHA16', '30000028R'),
('25EMHA24', '30000029W'),
('25EMHA22', '30000030A'),
('25EMHA22', '30000031G'),
('25EMHA22', '30000032M'),
('25EMHA02', '30000033Y'),
('25EMHA07', '30000034F'),
('25EMHA18', '30000035P'),
('25EMHA16', '30000036D'),
('26EMHA07', '30000037X'),
('25EMHA25', '30000038B'),
('26EMHA07', '30000039N'),
('25EMHA26', '30000040J'),
('25EMHA15', '30000041Z'),
('25EMHA10', '30000042S'),
('25EMHA24', '30000043Q'),
('25EMHA17', '30000044V'),
('25EMHA21', '30000045H'),
('25EMHA08', '30000046L'),
('25EMHA17', '30000047C'),
('25EMHA14', '30000048K'),
('25EMHA03', '30000049E'),
('25EMHA16', '30000050T'),
('25EMHA24', '30000051R'),
('25EMHA02', '30000052W'),
('25EMHA10', '30000053A'),
('26EMHA07', '30000054G'),
('26EMHA03', '30000055M'),
('26EMHA04', '30000056Y'),
('25EMHA01', '30000057F'),
('25EMHA05', '30000058P'),
('26EMHA01', '30000059D'),
('25EMHA03', '30000060X'),
('26EMHA06', '30000061B'),
('25EMHA18', '30000062N'),
('26EMHA01', '30000063J'),
('26EMHA08', '30000064Z'),
('25EMHA10', '30000065S'),
('25EMHA25', '30000066Q'),
('26EMHA02', '30000067V'),
('25EMHA24', '30000068H'),
('25EMHA10', '30000069L'),
('25EMHA13', '30000070C'),
('26EMHA03', '30000071K'),
('26EMHA06', '30000072E'),
('25EMHA04', '30000073T'),
('25EMHA27', '30000074R'),
('26EMHA06', '30000075W'),
('26EMHA01', '30000076A'),
('25EMHA08', '30000077G'),
('26EMHA11', '30000078M'),
('25EMHA08', '30000079Y'),
('25EMHA23', '30000080F'),
('26EMHA01', '30000081P'),
('25EMHA01', '30000082D'),
('26EMHA01', '30000083X'),
('25EMHA01', '30000084B'),
('25EMHA01', '30000085N'),
('25EMHA25', '30000086J'),
('25EMHA13', '30000087Z'),
('25EMHA14', '30000088S'),
('26EMHA07', '30000089Q'),
('26EMHA03', '30000090V'),
('25EMHA01', '30000091H'),
('25EMHA10', '30000092L'),
('25EMHA01', '30000093C'),
('25EMHA14', '30000094K'),
('26EMHA09', '30000095E'),
('25EMHA20', '30000096T'),
('26EMHA12', '30000097R'),
('25EMHA20', '30000098W'),
('25EMHA03', '30000099A'),
('26EMHA07', '30000100G');

INSERT INTO documents (student_id, type, url, uploaded_at) VALUES
(31, 'cv', 'https://files.example.com/cv/student-31.pdf', '2026-01-28 12:47:34'),
(61, 'cv', 'https://files.example.com/cv/student-61.pdf', '2025-12-05 15:11:24'),
(27, 'cv', 'https://files.example.com/cv/student-27.pdf', '2025-11-27 18:07:22'),
(93, 'cv', 'https://files.example.com/cv/student-93.pdf', '2026-01-20 17:15:38'),
(32, 'cv', 'https://files.example.com/cv/student-32.pdf', '2025-12-28 18:36:10'),
(80, 'cv', 'https://files.example.com/cv/student-80.pdf', '2025-11-19 09:48:43'),
(20, 'cv', 'https://files.example.com/cv/student-20.pdf', '2025-12-22 10:03:36'),
(90, 'cv', 'https://files.example.com/cv/student-90.pdf', '2026-01-28 13:28:32'),
(73, 'cv', 'https://files.example.com/cv/student-73.pdf', '2025-11-29 14:16:38'),
(88, 'cv', 'https://files.example.com/cv/student-88.pdf', '2025-12-25 14:51:27'),
(42, 'cv', 'https://files.example.com/cv/student-42.pdf', '2025-11-22 11:35:34'),
(28, 'cv', 'https://files.example.com/cv/student-28.pdf', '2025-11-05 08:18:05'),
(67, 'cv', 'https://files.example.com/cv/student-67.pdf', '2026-01-21 10:19:05'),
(78, 'cv', 'https://files.example.com/cv/student-78.pdf', '2026-01-23 18:45:56'),
(72, 'cv', 'https://files.example.com/cv/student-72.pdf', '2025-12-31 18:26:55'),
(87, 'cv', 'https://files.example.com/cv/student-87.pdf', '2026-01-23 15:33:44'),
(12, 'cv', 'https://files.example.com/cv/student-12.pdf', '2025-11-01 18:06:29'),
(29, 'cv', 'https://files.example.com/cv/student-29.pdf', '2025-12-04 16:25:42'),
(24, 'cv', 'https://files.example.com/cv/student-24.pdf', '2025-11-21 15:34:10'),
(3, 'cv', 'https://files.example.com/cv/student-3.pdf', '2026-01-19 12:28:33'),
(35, 'cv', 'https://files.example.com/cv/student-35.pdf', '2026-01-09 09:48:32'),
(6, 'cv', 'https://files.example.com/cv/student-6.pdf', '2025-12-27 10:14:20'),
(98, 'cv', 'https://files.example.com/cv/student-98.pdf', '2025-11-05 09:25:21'),
(48, 'cv', 'https://files.example.com/cv/student-48.pdf', '2025-12-11 08:50:04'),
(69, 'cv', 'https://files.example.com/cv/student-69.pdf', '2025-11-12 11:33:22'),
(46, 'cv', 'https://files.example.com/cv/student-46.pdf', '2025-11-20 12:09:13'),
(55, 'cv', 'https://files.example.com/cv/student-55.pdf', '2025-12-13 12:49:57'),
(74, 'cv', 'https://files.example.com/cv/student-74.pdf', '2026-01-25 12:03:59'),
(68, 'cv', 'https://files.example.com/cv/student-68.pdf', '2025-12-31 17:25:29'),
(77, 'cv', 'https://files.example.com/cv/student-77.pdf', '2025-11-26 18:44:22'),
(7, 'cv', 'https://files.example.com/cv/student-7.pdf', '2025-12-20 12:08:39'),
(82, 'cv', 'https://files.example.com/cv/student-82.pdf', '2026-01-23 18:07:05'),
(50, 'cv', 'https://files.example.com/cv/student-50.pdf', '2026-01-24 14:35:28'),
(97, 'cv', 'https://files.example.com/cv/student-97.pdf', '2025-11-02 18:16:15'),
(11, 'cv', 'https://files.example.com/cv/student-11.pdf', '2026-01-10 18:20:10'),
(86, 'cv', 'https://files.example.com/cv/student-86.pdf', '2026-01-15 17:50:59'),
(43, 'cv', 'https://files.example.com/cv/student-43.pdf', '2025-11-13 09:17:52'),
(60, 'cv', 'https://files.example.com/cv/student-60.pdf', '2025-11-25 12:44:37'),
(89, 'cv', 'https://files.example.com/cv/student-89.pdf', '2025-12-18 14:59:03'),
(96, 'cv', 'https://files.example.com/cv/student-96.pdf', '2025-12-21 12:43:59'),
(19, 'cv', 'https://files.example.com/cv/student-19.pdf', '2026-01-09 10:58:56'),
(66, 'cv', 'https://files.example.com/cv/student-66.pdf', '2025-11-07 16:00:17'),
(30, 'cv', 'https://files.example.com/cv/student-30.pdf', '2025-12-28 10:22:30'),
(17, 'cv', 'https://files.example.com/cv/student-17.pdf', '2026-01-30 10:09:53'),
(1, 'cv', 'https://files.example.com/cv/student-1.pdf', '2026-01-24 17:19:31'),
(58, 'cv', 'https://files.example.com/cv/student-58.pdf', '2025-11-26 16:46:56'),
(38, 'cv', 'https://files.example.com/cv/student-38.pdf', '2025-11-01 08:35:13'),
(91, 'cv', 'https://files.example.com/cv/student-91.pdf', '2025-12-20 17:26:44'),
(83, 'cv', 'https://files.example.com/cv/student-83.pdf', '2025-11-13 16:16:51'),
(33, 'cv', 'https://files.example.com/cv/student-33.pdf', '2025-11-05 10:39:58'),
(76, 'cv', 'https://files.example.com/cv/student-76.pdf', '2025-11-15 12:29:07'),
(62, 'cv', 'https://files.example.com/cv/student-62.pdf', '2026-01-09 15:50:43'),
(92, 'cv', 'https://files.example.com/cv/student-92.pdf', '2026-01-15 15:10:18'),
(16, 'cv', 'https://files.example.com/cv/student-16.pdf', '2025-12-13 10:20:18'),
(8, 'cv', 'https://files.example.com/cv/student-8.pdf', '2026-01-07 12:52:15'),
(21, 'cv', 'https://files.example.com/cv/student-21.pdf', '2026-01-20 14:38:56'),
(56, 'cv', 'https://files.example.com/cv/student-56.pdf', '2026-01-10 13:45:15'),
(41, 'cv', 'https://files.example.com/cv/student-41.pdf', '2025-11-03 08:29:10'),
(51, 'cv', 'https://files.example.com/cv/student-51.pdf', '2025-11-10 08:28:35'),
(57, 'cv', 'https://files.example.com/cv/student-57.pdf', '2025-12-04 17:13:12'),
(34, 'cv', 'https://files.example.com/cv/student-34.pdf', '2026-01-16 18:16:57'),
(81, 'cv', 'https://files.example.com/cv/student-81.pdf', '2025-11-29 09:59:57'),
(52, 'cv', 'https://files.example.com/cv/student-52.pdf', '2026-01-31 14:02:45'),
(54, 'cv', 'https://files.example.com/cv/student-54.pdf', '2025-12-17 08:09:55'),
(70, 'cv', 'https://files.example.com/cv/student-70.pdf', '2025-12-08 13:29:10'),
(14, 'cv', 'https://files.example.com/cv/student-14.pdf', '2025-12-12 16:49:58'),
(13, 'cv', 'https://files.example.com/cv/student-13.pdf', '2026-01-22 18:23:58'),
(18, 'cv', 'https://files.example.com/cv/student-18.pdf', '2026-01-25 18:11:48'),
(71, 'cv', 'https://files.example.com/cv/student-71.pdf', '2025-11-05 17:48:12'),
(36, 'cv', 'https://files.example.com/cv/student-36.pdf', '2026-01-08 18:16:19'),
(22, 'cv', 'https://files.example.com/cv/student-22.pdf', '2026-01-10 18:30:45'),
(79, 'cv', 'https://files.example.com/cv/student-79.pdf', '2025-11-21 15:23:45'),
(10, 'cv', 'https://files.example.com/cv/student-10.pdf', '2025-11-01 13:18:33'),
(23, 'cv', 'https://files.example.com/cv/student-23.pdf', '2025-11-17 10:56:39'),
(47, 'cv', 'https://files.example.com/cv/student-47.pdf', '2025-12-19 12:34:47');

INSERT INTO student_courses (student_id, title, description, institution, start_date, end_date) VALUES
(1, 'Camarero/a de Sala', NULL, 'PRL Formación', '2024-04-03', '2025-06-19'),
(1, 'Carretilla Elevadora', 'Formación en carretilla elevadora.', 'PRL Formación', '2025-07-30', '2025-08-06'),
(2, 'Cocina Básica', NULL, 'PRL Formación', '2025-11-21', '2025-11-22'),
(3, 'Manipulador de Alimentos', 'Formación en manipulador de alimentos.', 'Language Hub', '2024-05-10', '2025-07-01'),
(4, 'Inglés para el Empleo', NULL, 'PRL Formación', '2024-03-06', '2024-07-14'),
(5, 'Cocina Básica', 'Formación en cocina básica.', 'Language Hub', '2026-01-03', '2026-01-28'),
(5, 'Cocina Básica', NULL, 'Aula Digital', '2024-10-09', '2024-10-26'),
(5, 'Auxiliar Administrativo', NULL, 'Language Hub', '2025-01-26', '2025-02-24'),
(6, 'Ofimática', 'Formación en ofimática.', 'Centro de Formación Madrid', '2025-03-17', '2025-10-19'),
(6, 'Cocina Básica', 'Formación en cocina básica.', 'Aula Digital', '2025-03-06', '2026-01-02'),
(7, 'Prevención de Riesgos Laborales', NULL, 'Centro de Formación Madrid', '2025-11-12', '2026-01-15'),
(7, 'Logística y Almacén', 'Formación en logística y almacén.', 'Language Hub', '2025-12-25', '2026-01-28'),
(7, 'Atención al Cliente', 'Formación en atención al cliente.', 'Aula Digital', '2024-11-06', '2025-12-13'),
(8, 'Inglés para el Empleo', 'Formación en inglés para el empleo.', 'Centro de Formación Madrid', '2025-08-09', '2025-08-11'),
(8, 'Logística y Almacén', NULL, 'PRL Formación', '2025-07-18', '2025-10-21'),
(9, 'Atención al Cliente', 'Formación en atención al cliente.', 'Academia Empleo', '2024-05-14', '2024-05-26'),
(10, 'Inglés para el Empleo', 'Formación en inglés para el empleo.', 'Centro de Formación Madrid', '2025-08-14', '2025-11-24'),
(10, 'Cocina Básica', 'Formación en cocina básica.', 'Academia Empleo', '2024-07-22', '2024-08-11'),
(10, 'Ofimática', 'Formación en ofimática.', 'Language Hub', '2025-06-28', '2025-08-06'),
(11, 'Ofimática', 'Formación en ofimática.', 'Language Hub', '2025-02-17', '2025-11-05'),
(11, 'Excel Básico', NULL, 'Language Hub', '2025-02-10', '2026-01-26'),
(11, 'Carretilla Elevadora', 'Formación en carretilla elevadora.', 'PRL Formación', '2025-02-01', '2025-11-06'),
(12, 'Prevención de Riesgos Laborales', 'Formación en prevención de riesgos laborales.', 'Language Hub', '2025-08-30', '2026-01-13'),
(12, 'Manipulador de Alimentos', 'Formación en manipulador de alimentos.', 'Language Hub', '2025-02-21', '2025-05-26'),
(13, 'Dependiente/a de Comercio', 'Formación en dependiente/a de comercio.', 'Academia Empleo', '2025-05-30', '2026-01-10'),
(13, 'Auxiliar Administrativo', 'Formación en auxiliar administrativo.', 'Centro de Formación Madrid', '2025-12-30', '2025-12-30'),
(14, 'Atención al Cliente', 'Formación en atención al cliente.', 'Aula Digital', '2024-10-29', '2025-02-20'),
(14, 'Excel Básico', 'Formación en excel básico.', 'Language Hub', '2024-06-04', '2025-02-22'),
(14, 'Cocina Básica', 'Formación en cocina básica.', 'PRL Formación', '2024-04-18', '2025-10-04'),
(15, 'Manipulador de Alimentos', NULL, 'PRL Formación', '2025-11-11', '2025-12-29'),
(15, 'Carretilla Elevadora', 'Formación en carretilla elevadora.', 'Aula Digital', '2025-11-02', '2025-12-18'),
(16, 'Dependiente/a de Comercio', NULL, 'PRL Formación', '2024-02-19', '2024-10-01'),
(16, 'Logística y Almacén', 'Formación en logística y almacén.', 'Aula Digital', '2025-05-17', '2025-09-01'),
(17, 'Carretilla Elevadora', NULL, 'Centro de Formación Madrid', '2025-12-31', '2026-01-19'),
(17, 'Prevención de Riesgos Laborales', 'Formación en prevención de riesgos laborales.', 'Language Hub', '2024-08-11', '2025-08-29'),
(18, 'Manipulador de Alimentos', 'Formación en manipulador de alimentos.', 'Aula Digital', '2024-04-16', '2024-10-15'),
(18, 'Logística y Almacén', 'Formación en logística y almacén.', 'Aula Digital', '2025-01-09', '2025-11-24'),
(19, 'Logística y Almacén', NULL, 'Academia Empleo', '2024-11-30', '2025-04-09'),
(20, 'Prevención de Riesgos Laborales', NULL, 'PRL Formación', '2025-10-22', '2026-01-09'),
(21, 'Dependiente/a de Comercio', NULL, 'Language Hub', '2025-05-21', '2026-01-02'),
(21, 'Manipulador de Alimentos', NULL, 'Centro de Formación Madrid', '2024-02-13', '2025-12-27'),
(22, 'Carretilla Elevadora', 'Formación en carretilla elevadora.', 'Aula Digital', '2025-10-14', '2025-11-08'),
(22, 'Prevención de Riesgos Laborales', 'Formación en prevención de riesgos laborales.', 'Language Hub', '2024-11-16', '2025-08-16'),
(22, 'Cocina Básica', 'Formación en cocina básica.', 'Academia Empleo', '2024-10-13', '2025-03-12'),
(23, 'Manipulador de Alimentos', NULL, 'Centro de Formación Madrid', '2025-09-05', '2025-10-17'),
(23, 'Ofimática', NULL, 'PRL Formación', '2025-07-08', '2025-11-10'),
(24, 'Manipulador de Alimentos', NULL, 'Language Hub', '2025-06-23', '2025-09-12'),
(24, 'Excel Básico', 'Formación en excel básico.', 'Centro de Formación Madrid', '2025-07-15', '2025-10-14'),
(25, 'Auxiliar Administrativo', 'Formación en auxiliar administrativo.', 'Centro de Formación Madrid', '2024-08-15', '2025-04-24'),
(25, 'Carretilla Elevadora', 'Formación en carretilla elevadora.', 'Language Hub', '2025-08-03', '2025-09-20'),
(25, 'Prevención de Riesgos Laborales', 'Formación en prevención de riesgos laborales.', 'Language Hub', '2025-04-14', '2025-08-20'),
(26, 'Inglés para el Empleo', 'Formación en inglés para el empleo.', 'PRL Formación', '2025-05-02', '2025-09-20'),
(26, 'Cocina Básica', 'Formación en cocina básica.', 'PRL Formación', '2025-10-03', '2026-01-23'),
(27, 'Carretilla Elevadora', 'Formación en carretilla elevadora.', 'Language Hub', '2024-11-15', '2025-03-26'),
(27, 'Auxiliar Administrativo', 'Formación en auxiliar administrativo.', 'Academia Empleo', '2024-02-15', '2024-03-25'),
(28, 'Dependiente/a de Comercio', 'Formación en dependiente/a de comercio.', 'Aula Digital', '2025-05-02', '2025-05-20'),
(28, 'Ofimática', 'Formación en ofimática.', 'Language Hub', '2024-11-11', '2025-08-19'),
(29, 'Ofimática', 'Formación en ofimática.', 'Centro de Formación Madrid', '2025-10-22', '2026-01-05'),
(29, 'Logística y Almacén', NULL, 'Centro de Formación Madrid', '2025-01-20', '2026-01-07'),
(30, 'Ofimática', NULL, 'PRL Formación', '2025-04-14', '2025-12-04'),
(30, 'Cocina Básica', 'Formación en cocina básica.', 'Aula Digital', '2024-11-21', '2025-01-20'),
(31, 'Auxiliar Administrativo', NULL, 'Centro de Formación Madrid', '2025-08-05', '2025-09-18'),
(31, 'Prevención de Riesgos Laborales', NULL, 'Centro de Formación Madrid', '2026-01-01', '2026-01-01'),
(31, 'Cocina Básica', 'Formación en cocina básica.', 'Centro de Formación Madrid', '2025-03-13', '2025-09-20'),
(32, 'Dependiente/a de Comercio', NULL, 'Centro de Formación Madrid', '2025-12-07', '2026-01-18'),
(32, 'Dependiente/a de Comercio', NULL, 'PRL Formación', '2024-12-19', '2025-02-11'),
(32, 'Camarero/a de Sala', 'Formación en camarero/a de sala.', 'Aula Digital', '2024-12-23', '2025-10-19'),
(33, 'Inglés para el Empleo', NULL, 'PRL Formación', '2025-10-14', '2026-01-01'),
(33, 'Carretilla Elevadora', 'Formación en carretilla elevadora.', 'Centro de Formación Madrid', '2024-02-24', '2024-09-25'),
(33, 'Cocina Básica', 'Formación en cocina básica.', 'Centro de Formación Madrid', '2024-09-04', '2025-09-16'),
(34, 'Dependiente/a de Comercio', 'Formación en dependiente/a de comercio.', 'Aula Digital', '2024-11-02', '2025-07-27'),
(35, 'Dependiente/a de Comercio', 'Formación en dependiente/a de comercio.', 'Centro de Formación Madrid', '2024-07-26', '2025-10-27'),
(35, 'Manipulador de Alimentos', 'Formación en manipulador de alimentos.', 'Centro de Formación Madrid', '2025-07-01', '2025-07-24'),
(36, 'Atención al Cliente', 'Formación en atención al cliente.', 'PRL Formación', '2025-05-13', '2026-01-03'),
(36, 'Camarero/a de Sala', 'Formación en camarero/a de sala.', 'Language Hub', '2024-05-14', '2024-06-08'),
(36, 'Excel Básico', NULL, 'Academia Empleo', '2025-01-29', '2025-11-30'),
(37, 'Cocina Básica', 'Formación en cocina básica.', 'Academia Empleo', '2024-07-13', '2024-12-13'),
(38, 'Prevención de Riesgos Laborales', 'Formación en prevención de riesgos laborales.', 'Centro de Formación Madrid', '2025-12-02', '2025-12-14'),
(39, 'Dependiente/a de Comercio', NULL, 'Language Hub', '2024-12-27', '2025-09-20'),
(40, 'Manipulador de Alimentos', 'Formación en manipulador de alimentos.', 'Language Hub', '2024-02-24', '2025-05-11'),
(40, 'Auxiliar Administrativo', NULL, 'Language Hub', '2025-02-13', '2026-01-17'),
(40, 'Atención al Cliente', NULL, 'Academia Empleo', '2025-01-12', '2025-03-09'),
(41, 'Dependiente/a de Comercio', 'Formación en dependiente/a de comercio.', 'Aula Digital', '2025-06-11', '2025-08-16'),
(41, 'Excel Básico', 'Formación en excel básico.', 'Aula Digital', '2025-09-05', '2026-01-18'),
(42, 'Prevención de Riesgos Laborales', 'Formación en prevención de riesgos laborales.', 'Language Hub', '2025-03-17', '2025-08-01'),
(43, 'Cocina Básica', NULL, 'Academia Empleo', '2025-06-13', '2025-09-21'),
(43, 'Cocina Básica', NULL, 'Centro de Formación Madrid', '2024-12-01', '2024-12-11'),
(44, 'Atención al Cliente', 'Formación en atención al cliente.', 'Academia Empleo', '2024-11-17', '2025-07-30'),
(45, 'Logística y Almacén', 'Formación en logística y almacén.', 'Language Hub', '2024-11-07', '2024-12-08'),
(45, 'Auxiliar Administrativo', NULL, 'PRL Formación', '2025-04-18', '2025-10-18'),
(46, 'Atención al Cliente', 'Formación en atención al cliente.', 'Aula Digital', '2024-09-10', '2025-12-03'),
(47, 'Dependiente/a de Comercio', 'Formación en dependiente/a de comercio.', 'Language Hub', '2024-05-18', '2024-10-18'),
(48, 'Atención al Cliente', 'Formación en atención al cliente.', 'Aula Digital', '2025-12-24', '2026-01-16'),
(49, 'Auxiliar Administrativo', 'Formación en auxiliar administrativo.', 'Aula Digital', '2024-01-06', '2024-10-24'),
(49, 'Camarero/a de Sala', 'Formación en camarero/a de sala.', 'Centro de Formación Madrid', '2024-08-24', '2024-12-02'),
(49, 'Dependiente/a de Comercio', NULL, 'Centro de Formación Madrid', '2026-01-11', '2026-01-27'),
(50, 'Carretilla Elevadora', 'Formación en carretilla elevadora.', 'PRL Formación', '2025-09-24', '2025-11-24'),
(50, 'Dependiente/a de Comercio', NULL, 'Language Hub', '2024-11-29', '2025-03-12'),
(51, 'Camarero/a de Sala', 'Formación en camarero/a de sala.', 'Language Hub', '2025-02-09', '2025-09-17'),
(52, 'Carretilla Elevadora', 'Formación en carretilla elevadora.', 'Centro de Formación Madrid', '2025-02-18', '2025-10-08'),
(53, 'Ofimática', NULL, 'Aula Digital', '2024-07-10', '2025-05-18'),
(53, 'Cocina Básica', 'Formación en cocina básica.', 'Aula Digital', '2024-06-13', '2025-12-26'),
(53, 'Auxiliar Administrativo', 'Formación en auxiliar administrativo.', 'Academia Empleo', '2025-03-01', '2025-04-29'),
(54, 'Excel Básico', 'Formación en excel básico.', 'Academia Empleo', '2024-01-10', '2024-09-18'),
(55, 'Excel Básico', 'Formación en excel básico.', 'Academia Empleo', '2024-09-21', '2026-01-14'),
(56, 'Excel Básico', 'Formación en excel básico.', 'Language Hub', '2025-04-25', '2026-01-17'),
(56, 'Prevención de Riesgos Laborales', 'Formación en prevención de riesgos laborales.', 'Language Hub', '2024-11-27', '2025-02-28'),
(56, 'Cocina Básica', 'Formación en cocina básica.', 'Centro de Formación Madrid', '2025-04-23', '2025-10-05'),
(57, 'Atención al Cliente', 'Formación en atención al cliente.', 'Language Hub', '2025-02-02', '2025-08-24'),
(58, 'Inglés para el Empleo', NULL, 'PRL Formación', '2024-08-11', '2025-04-10'),
(58, 'Inglés para el Empleo', NULL, 'Academia Empleo', '2025-10-17', '2025-12-10'),
(58, 'Excel Básico', NULL, 'Centro de Formación Madrid', '2024-06-26', '2024-09-27'),
(59, 'Manipulador de Alimentos', 'Formación en manipulador de alimentos.', 'Aula Digital', '2024-02-09', '2025-06-12'),
(59, 'Camarero/a de Sala', 'Formación en camarero/a de sala.', 'Centro de Formación Madrid', '2024-10-02', '2025-04-02'),
(60, 'Dependiente/a de Comercio', 'Formación en dependiente/a de comercio.', 'Centro de Formación Madrid', '2024-10-18', '2025-10-18'),
(60, 'Cocina Básica', 'Formación en cocina básica.', 'Language Hub', '2025-07-14', '2025-10-31'),
(61, 'Dependiente/a de Comercio', 'Formación en dependiente/a de comercio.', 'Aula Digital', '2025-05-23', '2025-12-10'),
(61, 'Manipulador de Alimentos', 'Formación en manipulador de alimentos.', 'Aula Digital', '2024-12-01', '2025-11-05'),
(62, 'Camarero/a de Sala', NULL, 'PRL Formación', '2025-03-28', '2025-08-26'),
(62, 'Logística y Almacén', 'Formación en logística y almacén.', 'Aula Digital', '2025-07-24', '2025-08-17'),
(63, 'Auxiliar Administrativo', 'Formación en auxiliar administrativo.', 'Academia Empleo', '2025-05-07', '2025-12-08'),
(63, 'Auxiliar Administrativo', NULL, 'PRL Formación', '2025-08-02', '2025-08-30'),
(63, 'Manipulador de Alimentos', 'Formación en manipulador de alimentos.', 'Aula Digital', '2025-11-25', '2025-12-21'),
(64, 'Ofimática', 'Formación en ofimática.', 'Aula Digital', '2024-03-23', '2024-04-16'),
(64, 'Prevención de Riesgos Laborales', NULL, 'Centro de Formación Madrid', '2025-03-20', '2025-06-18'),
(64, 'Ofimática', NULL, 'Centro de Formación Madrid', '2025-01-23', '2025-04-27'),
(65, 'Excel Básico', 'Formación en excel básico.', 'PRL Formación', '2024-09-15', '2025-04-18'),
(65, 'Camarero/a de Sala', NULL, 'Academia Empleo', '2025-02-27', '2025-12-29'),
(66, 'Dependiente/a de Comercio', 'Formación en dependiente/a de comercio.', 'Academia Empleo', '2024-05-18', '2025-05-30'),
(67, 'Cocina Básica', NULL, 'Aula Digital', '2026-01-08', '2026-01-30'),
(67, 'Inglés para el Empleo', 'Formación en inglés para el empleo.', 'Academia Empleo', '2024-02-06', '2024-11-08'),
(67, 'Auxiliar Administrativo', 'Formación en auxiliar administrativo.', 'Language Hub', '2024-05-01', '2025-04-02'),
(68, 'Camarero/a de Sala', 'Formación en camarero/a de sala.', 'Centro de Formación Madrid', '2025-10-14', '2025-12-18'),
(68, 'Cocina Básica', NULL, 'PRL Formación', '2025-10-04', '2025-11-01'),
(69, 'Ofimática', NULL, 'Academia Empleo', '2025-12-10', '2026-01-08'),
(70, 'Camarero/a de Sala', 'Formación en camarero/a de sala.', 'Aula Digital', '2024-06-07', '2026-01-09'),
(70, 'Cocina Básica', 'Formación en cocina básica.', 'Academia Empleo', '2025-11-17', '2026-01-23'),
(71, 'Excel Básico', 'Formación en excel básico.', 'Language Hub', '2025-03-12', '2025-10-22'),
(71, 'Camarero/a de Sala', 'Formación en camarero/a de sala.', 'Centro de Formación Madrid', '2025-11-04', '2025-11-08'),
(71, 'Carretilla Elevadora', NULL, 'Language Hub', '2026-01-04', '2026-01-31'),
(72, 'Manipulador de Alimentos', 'Formación en manipulador de alimentos.', 'Academia Empleo', '2025-10-03', '2025-12-19'),
(72, 'Inglés para el Empleo', 'Formación en inglés para el empleo.', 'PRL Formación', '2024-05-06', '2025-04-22'),
(73, 'Dependiente/a de Comercio', NULL, 'PRL Formación', '2025-02-14', '2025-12-09'),
(74, 'Camarero/a de Sala', 'Formación en camarero/a de sala.', 'PRL Formación', '2024-05-18', '2025-04-03'),
(74, 'Dependiente/a de Comercio', 'Formación en dependiente/a de comercio.', 'Academia Empleo', '2025-08-29', '2026-01-29'),
(74, 'Excel Básico', NULL, 'Academia Empleo', '2025-02-22', '2025-09-21'),
(75, 'Excel Básico', NULL, 'Language Hub', '2025-03-18', '2025-11-19'),
(76, 'Manipulador de Alimentos', NULL, 'Aula Digital', '2025-11-16', '2025-12-18'),
(76, 'Atención al Cliente', 'Formación en atención al cliente.', 'Aula Digital', '2024-06-15', '2025-06-10'),
(76, 'Inglés para el Empleo', 'Formación en inglés para el empleo.', 'Academia Empleo', '2024-01-28', '2024-09-30'),
(77, 'Dependiente/a de Comercio', 'Formación en dependiente/a de comercio.', 'PRL Formación', '2024-03-23', '2025-09-13'),
(77, 'Dependiente/a de Comercio', 'Formación en dependiente/a de comercio.', 'Language Hub', '2025-11-09', '2025-12-31'),
(78, 'Camarero/a de Sala', 'Formación en camarero/a de sala.', 'Language Hub', '2025-01-07', '2025-09-16'),
(78, 'Auxiliar Administrativo', 'Formación en auxiliar administrativo.', 'Centro de Formación Madrid', '2024-06-18', '2025-04-23'),
(78, 'Logística y Almacén', 'Formación en logística y almacén.', 'Aula Digital', '2024-10-13', '2026-01-31'),
(79, 'Camarero/a de Sala', NULL, 'Aula Digital', '2025-05-17', '2025-10-26'),
(80, 'Prevención de Riesgos Laborales', NULL, 'Aula Digital', '2025-10-12', '2025-10-16'),
(81, 'Ofimática', 'Formación en ofimática.', 'Academia Empleo', '2024-02-04', '2024-05-28'),
(82, 'Dependiente/a de Comercio', 'Formación en dependiente/a de comercio.', 'Aula Digital', '2025-03-16', '2025-09-17'),
(83, 'Ofimática', NULL, 'Language Hub', '2024-06-16', '2024-07-30'),
(83, 'Atención al Cliente', 'Formación en atención al cliente.', 'Centro de Formación Madrid', '2025-04-05', '2025-10-27'),
(84, 'Dependiente/a de Comercio', 'Formación en dependiente/a de comercio.', 'Language Hub', '2025-10-14', '2025-12-18'),
(85, 'Logística y Almacén', 'Formación en logística y almacén.', 'Aula Digital', '2024-08-16', '2025-01-24'),
(86, 'Prevención de Riesgos Laborales', NULL, 'Aula Digital', '2025-02-11', '2025-05-05'),
(86, 'Auxiliar Administrativo', 'Formación en auxiliar administrativo.', 'PRL Formación', '2025-06-29', '2025-10-18'),
(87, 'Dependiente/a de Comercio', 'Formación en dependiente/a de comercio.', 'Academia Empleo', '2024-11-24', '2025-08-11'),
(87, 'Atención al Cliente', NULL, 'Academia Empleo', '2025-01-26', '2025-07-01'),
(87, 'Prevención de Riesgos Laborales', 'Formación en prevención de riesgos laborales.', 'Academia Empleo', '2024-06-18', '2025-01-09'),
(88, 'Excel Básico', NULL, 'PRL Formación', '2025-12-17', '2026-01-16'),
(89, 'Auxiliar Administrativo', 'Formación en auxiliar administrativo.', 'PRL Formación', '2025-11-25', '2025-12-16'),
(89, 'Carretilla Elevadora', 'Formación en carretilla elevadora.', 'Academia Empleo', '2024-06-14', '2025-06-14'),
(90, 'Dependiente/a de Comercio', NULL, 'Aula Digital', '2025-12-29', '2026-01-31'),
(90, 'Inglés para el Empleo', NULL, 'Centro de Formación Madrid', '2025-12-27', '2026-01-21'),
(91, 'Atención al Cliente', 'Formación en atención al cliente.', 'Centro de Formación Madrid', '2024-10-25', '2025-08-12'),
(91, 'Prevención de Riesgos Laborales', NULL, 'PRL Formación', '2024-01-10', '2025-05-18'),
(92, 'Ofimática', 'Formación en ofimática.', 'Academia Empleo', '2026-01-03', '2026-01-06'),
(92, 'Manipulador de Alimentos', 'Formación en manipulador de alimentos.', 'Language Hub', '2024-07-27', '2025-07-21'),
(93, 'Logística y Almacén', NULL, 'Language Hub', '2024-03-25', '2024-04-14'),
(93, 'Prevención de Riesgos Laborales', 'Formación en prevención de riesgos laborales.', 'Language Hub', '2025-11-29', '2026-01-21'),
(94, 'Inglés para el Empleo', 'Formación en inglés para el empleo.', 'Language Hub', '2024-03-30', '2024-07-21'),
(94, 'Auxiliar Administrativo', 'Formación en auxiliar administrativo.', 'Centro de Formación Madrid', '2025-10-03', '2025-11-12'),
(95, 'Logística y Almacén', NULL, 'Language Hub', '2024-02-26', '2025-04-16'),
(95, 'Dependiente/a de Comercio', NULL, 'Language Hub', '2024-02-28', '2025-04-21'),
(96, 'Cocina Básica', 'Formación en cocina básica.', 'Language Hub', '2025-03-10', '2025-11-14'),
(96, 'Auxiliar Administrativo', 'Formación en auxiliar administrativo.', 'Academia Empleo', '2025-09-04', '2025-12-14'),
(96, 'Atención al Cliente', NULL, 'Aula Digital', '2025-07-20', '2026-01-20'),
(97, 'Excel Básico', NULL, 'Academia Empleo', '2025-09-30', '2025-10-06'),
(98, 'Excel Básico', 'Formación en excel básico.', 'PRL Formación', '2025-04-13', '2025-12-12'),
(99, 'Cocina Básica', 'Formación en cocina básica.', 'PRL Formación', '2024-11-30', '2025-08-02'),
(99, 'Excel Básico', 'Formación en excel básico.', 'Aula Digital', '2025-06-18', '2025-08-25'),
(99, 'Atención al Cliente', NULL, 'Aula Digital', '2025-11-23', '2026-01-28'),
(100, 'Excel Básico', 'Formación en excel básico.', 'Academia Empleo', '2024-07-05', '2024-10-13'),
(100, 'Logística y Almacén', 'Formación en logística y almacén.', 'Language Hub', '2025-11-19', '2026-01-01');

INSERT INTO pnl (student_id, company_nif, company_name, signer_name, signer_nif, workplace, position, start_date, end_date, schedule, weekly_hours, observations) VALUES
(1, 'B10000017', 'NUEVA TECNOLOGÍA 017 S.L.', 'Responsable', '40009064N', 'Madrid - Barajas', 'Recepción', '2025-10-03', '2026-01-30', 'L-V 09:00-13:00', 10, 'Buen desempeño y actitud.'),
(2, 'B10000020', 'NUEVA COMERCIO 020 S.L.', 'Responsable', '40000951H', 'Madrid - Vicálvaro', 'Recepción', '2024-07-20', '2025-01-18', 'L-V 09:00-13:00', 25, 'Buen desempeño y actitud.'),
(3, 'B10000028', 'NUEVA GESTIÓN 028 S.L.', 'Responsable', '40009092V', 'Madrid - Vicálvaro', 'Sala', '2024-03-05', '2025-01-05', 'L-V 09:00-13:00', 30, 'Buen desempeño y actitud.'),
(3, 'B10000013', 'GLOBAL DISTRIBUCIÓN 013 S.L.', 'Responsable', '40005317Z', 'Madrid - Villa de Vallecas', 'Recepción', '2024-12-19', '2025-07-23', 'L-V 09:00-13:00', 15, NULL),
(4, 'B10000014', 'URBANA COMERCIO 014 S.L.', 'Responsable', '40001968T', 'Madrid - Moratalaz', 'Sala', '2025-05-04', '2025-08-28', 'L-V 09:00-13:00', 20, NULL),
(4, 'B10000006', 'CENTRAL COMERCIO 006 S.L.', 'Responsable', '40004410G', 'Madrid - Hortaleza', 'Apoyo', '2025-12-06', '2026-01-30', 'L-V 09:00-13:00', 10, 'Buen desempeño y actitud.'),
(4, 'B10000009', 'NUEVA GESTIÓN 009 S.L.', 'Responsable', '40004353Q', 'Madrid - Fuencarral-El Pardo', 'Operario/a', '2024-10-11', '2025-12-05', 'L-X-V 10:00-14:00', 15, 'Buen desempeño y actitud.'),
(4, 'B10000006', 'CENTRAL COMERCIO 006 S.L.', 'Responsable', '40008552Y', 'Madrid - Usera', 'Recepción', '2025-04-19', NULL, 'L-X-V 10:00-14:00', 30, NULL),
(5, 'B10000006', 'CENTRAL COMERCIO 006 S.L.', 'Responsable', '40006804Y', 'Madrid - Vicálvaro', 'Auxiliar', '2025-06-23', '2025-09-26', 'L-X-V 10:00-14:00', 25, NULL),
(5, 'B10000014', 'URBANA COMERCIO 014 S.L.', 'Responsable', '40005786T', 'Madrid - Fuencarral-El Pardo', 'Sala', '2025-11-27', NULL, 'L-V 09:00-13:00', 12, NULL),
(5, 'B10000022', 'URBANA COMERCIO 022 S.L.', 'Responsable', '40002801M', 'Madrid - Usera', 'Auxiliar', '2025-04-27', '2026-01-31', 'L-V 09:00-13:00', 30, NULL),
(6, 'B10000005', 'NORTE TECNOLOGÍA 005 S.L.', 'Responsable', '40004321F', 'Madrid - Arganzuela', 'Apoyo', '2025-03-02', '2025-12-24', 'L-V 09:00-13:00', 12, 'Buen desempeño y actitud.'),
(6, 'B10000004', 'IBÉRICA COMERCIO 004 S.L.', 'Responsable', '40008880N', 'Madrid - Chamartín', 'Auxiliar', '2025-05-21', '2025-06-19', 'L-V 09:00-13:00', 12, 'Buen desempeño y actitud.'),
(6, 'B10000025', 'EXPERTA TECNOLOGÍA 025 S.L.', 'Responsable', '40001178S', 'Madrid - Barajas', 'Recepción', '2024-11-01', '2024-12-23', 'L-V 09:00-13:00', 20, 'Buen desempeño y actitud.'),
(7, 'B10000018', 'CENTRAL DISTRIBUCIÓN 018 S.L.', 'Responsable', '40007534T', 'Madrid - San Blas-Canillejas', 'Operario/a', '2024-07-12', '2025-12-18', 'L-V 09:00-13:00', 20, 'Buen desempeño y actitud.'),
(8, 'B10000027', 'EXPERTA COMERCIO 027 S.L.', 'Responsable', '40005151D', 'Madrid - Retiro', 'Operario/a', '2025-05-12', '2025-12-07', 'L-V 09:00-13:00', 10, 'Buen desempeño y actitud.'),
(9, 'B10000019', 'GLOBAL LOGÍSTICA 019 S.L.', 'Responsable', '40007070L', 'Madrid - Latina', 'Recepción', '2025-03-07', '2025-03-14', 'L-X-V 10:00-14:00', 30, NULL),
(9, 'B10000025', 'EXPERTA TECNOLOGÍA 025 S.L.', 'Responsable', '40000346B', 'Madrid - Moratalaz', 'Recepción', '2024-12-29', '2025-10-05', 'L-V 09:00-13:00', 20, 'Buen desempeño y actitud.'),
(9, 'B10000011', 'URBANA HOSTELERÍA 011 S.L.', 'Responsable', '40004900B', 'Madrid - Latina', 'Auxiliar', '2024-11-23', '2025-06-01', 'L-V 09:00-13:00', 20, NULL),
(9, 'B10000007', 'EXPERTA GESTIÓN 007 S.L.', 'Responsable', '40002083T', 'Madrid - Puente de Vallecas', 'Operario/a', '2025-11-20', '2025-12-25', 'L-V 09:00-13:00', 12, 'Buen desempeño y actitud.'),
(10, 'B10000002', 'URBANA HOSTELERÍA 002 S.L.', 'Responsable', '40003981N', 'Madrid - Hortaleza', 'Caja', '2024-07-12', '2025-05-07', 'L-V 09:00-13:00', 15, NULL),
(10, 'B10000022', 'URBANA COMERCIO 022 S.L.', 'Responsable', '40004642Y', 'Madrid - Retiro', 'Auxiliar', '2025-08-28', NULL, 'L-V 09:00-13:00', 30, NULL),
(10, 'B10000021', 'URBANA COMERCIO 021 S.L.', 'Responsable', '40002662G', 'Madrid - Tetuán', 'Caja', '2024-05-26', '2025-12-06', 'L-V 09:00-13:00', 30, 'Buen desempeño y actitud.'),
(10, 'B10000006', 'CENTRAL COMERCIO 006 S.L.', 'Responsable', '40008548W', 'Madrid - Chamartín', 'Apoyo', '2025-12-07', '2026-01-25', 'L-V 09:00-13:00', 30, 'Buen desempeño y actitud.'),
(10, 'B10000009', 'NUEVA GESTIÓN 009 S.L.', 'Responsable', '40005442R', 'Madrid - Fuencarral-El Pardo', 'Apoyo', '2025-10-03', '2025-12-12', 'L-X-V 10:00-14:00', 10, NULL),
(11, 'B10000010', 'CENTRAL LOGÍSTICA 010 S.L.', 'Responsable', '40007604R', 'Madrid - Retiro', 'Caja', '2024-10-30', '2025-03-06', 'L-V 09:00-13:00', 20, NULL),
(11, 'B10000030', 'CENTRAL TECNOLOGÍA 030 S.L.', 'Responsable', '40006895M', 'Madrid - Salamanca', 'Recepción', '2024-07-24', NULL, 'L-X-V 10:00-14:00', 10, 'Buen desempeño y actitud.'),
(11, 'B10000008', 'NORTE SOLUCIONES 008 S.L.', 'Responsable', '40004686G', 'Madrid - Villaverde', 'Sala', '2025-01-30', '2025-11-23', 'L-V 09:00-13:00', 10, 'Buen desempeño y actitud.'),
(11, 'B10000027', 'EXPERTA COMERCIO 027 S.L.', 'Responsable', '40001257W', 'Madrid - Arganzuela', 'Recepción', '2024-12-19', NULL, 'L-X-V 10:00-14:00', 10, NULL),
(12, 'B10000027', 'EXPERTA COMERCIO 027 S.L.', 'Responsable', '40005339J', 'Madrid - Carabanchel', 'Caja', '2024-07-23', NULL, 'L-V 09:00-13:00', 10, 'Buen desempeño y actitud.'),
(12, 'B10000020', 'NUEVA COMERCIO 020 S.L.', 'Responsable', '40003821J', 'Madrid - Ciudad Lineal', 'Auxiliar', '2024-10-03', NULL, 'L-X-V 10:00-14:00', 25, NULL),
(13, 'B10000003', 'ALFA GESTIÓN 003 S.L.', 'Responsable', '40005928G', 'Madrid - Puente de Vallecas', 'Operario/a', '2025-12-20', '2026-01-24', 'L-V 09:00-13:00', 25, 'Buen desempeño y actitud.'),
(13, 'B10000019', 'GLOBAL LOGÍSTICA 019 S.L.', 'Responsable', '40006074N', 'Madrid - Barajas', 'Apoyo', '2026-01-08', '2026-01-26', 'L-X-V 10:00-14:00', 10, 'Buen desempeño y actitud.'),
(13, 'B10000023', 'URBANA SERVICIOS 023 S.L.', 'Responsable', '40009968L', 'Madrid - Latina', 'Caja', '2024-08-28', '2025-04-06', 'L-V 09:00-13:00', 15, 'Buen desempeño y actitud.'),
(14, 'B10000020', 'NUEVA COMERCIO 020 S.L.', 'Responsable', '40002401L', 'Madrid - Villa de Vallecas', 'Recepción', '2024-06-06', '2025-12-05', 'L-X-V 10:00-14:00', 30, NULL),
(14, 'B10000009', 'NUEVA GESTIÓN 009 S.L.', 'Responsable', '40007329W', 'Madrid - Retiro', 'Operario/a', '2025-12-24', '2026-01-05', 'L-V 09:00-13:00', 12, 'Buen desempeño y actitud.'),
(14, 'B10000023', 'URBANA SERVICIOS 023 S.L.', 'Responsable', '40001030M', 'Madrid - Latina', 'Recepción', '2024-10-15', '2024-11-01', 'L-V 09:00-13:00', 12, 'Buen desempeño y actitud.'),
(14, 'B10000016', 'NORTE DISTRIBUCIÓN 016 S.L.', 'Responsable', '40001558G', 'Madrid - Hortaleza', 'Auxiliar', '2025-08-06', '2025-12-25', 'L-V 09:00-13:00', 15, 'Buen desempeño y actitud.'),
(15, 'B10000029', 'ALFA DISTRIBUCIÓN 029 S.L.', 'Responsable', '40006835Z', 'Madrid - Arganzuela', 'Caja', '2024-11-08', NULL, 'L-V 09:00-13:00', 15, 'Buen desempeño y actitud.'),
(15, 'B10000014', 'URBANA COMERCIO 014 S.L.', 'Responsable', '40006059C', 'Madrid - Moratalaz', 'Caja', '2025-08-20', '2025-10-12', 'L-V 09:00-13:00', 15, 'Buen desempeño y actitud.'),
(15, 'B10000029', 'ALFA DISTRIBUCIÓN 029 S.L.', 'Responsable', '40008556X', 'Madrid - Vicálvaro', 'Auxiliar', '2025-01-29', '2025-10-11', 'L-V 09:00-13:00', 20, 'Buen desempeño y actitud.'),
(15, 'B10000023', 'URBANA SERVICIOS 023 S.L.', 'Responsable', '40006130E', 'Madrid - Vicálvaro', 'Recepción', '2024-07-23', '2024-09-13', 'L-X-V 10:00-14:00', 10, NULL),
(16, 'B10000029', 'ALFA DISTRIBUCIÓN 029 S.L.', 'Responsable', '40001450B', 'Madrid - Vicálvaro', 'Auxiliar', '2024-07-21', NULL, 'L-V 09:00-13:00', 10, NULL),
(17, 'B10000021', 'URBANA COMERCIO 021 S.L.', 'Responsable', '40005576C', 'Madrid - Fuencarral-El Pardo', 'Sala', '2025-06-12', '2025-08-18', 'L-V 09:00-13:00', 20, 'Buen desempeño y actitud.'),
(17, 'B10000030', 'CENTRAL TECNOLOGÍA 030 S.L.', 'Responsable', '40001729Z', 'Madrid - Tetuán', 'Sala', '2025-08-18', '2025-08-30', 'L-V 09:00-13:00', 12, 'Buen desempeño y actitud.'),
(17, 'B10000012', 'IBÉRICA LOGÍSTICA 012 S.L.', 'Responsable', '40003388V', 'Madrid - Hortaleza', 'Sala', '2024-08-21', '2025-01-23', 'L-X-V 10:00-14:00', 10, 'Buen desempeño y actitud.'),
(17, 'B10000009', 'NUEVA GESTIÓN 009 S.L.', 'Responsable', '40006037K', 'Madrid - Fuencarral-El Pardo', 'Apoyo', '2025-03-06', '2025-05-24', 'L-V 09:00-13:00', 30, 'Buen desempeño y actitud.'),
(18, 'B10000018', 'CENTRAL DISTRIBUCIÓN 018 S.L.', 'Responsable', '40009075T', 'Madrid - Ciudad Lineal', 'Recepción', '2024-08-11', NULL, 'L-V 09:00-13:00', 15, NULL),
(18, 'B10000022', 'URBANA COMERCIO 022 S.L.', 'Responsable', '40009065J', 'Madrid - Puente de Vallecas', 'Recepción', '2024-01-10', '2025-09-26', 'L-V 09:00-13:00', 12, NULL),
(18, 'B10000005', 'NORTE TECNOLOGÍA 005 S.L.', 'Responsable', '40006767S', 'Madrid - Salamanca', 'Caja', '2025-09-15', '2025-11-14', 'L-V 09:00-13:00', 15, 'Buen desempeño y actitud.'),
(19, 'B10000017', 'NUEVA TECNOLOGÍA 017 S.L.', 'Responsable', '40004173C', 'Madrid - Latina', 'Caja', '2025-10-18', '2026-01-05', 'L-X-V 10:00-14:00', 30, NULL),
(19, 'B10000011', 'URBANA HOSTELERÍA 011 S.L.', 'Responsable', '40006321Y', 'Madrid - Barajas', 'Auxiliar', '2025-06-22', '2025-07-19', 'L-V 09:00-13:00', 12, 'Buen desempeño y actitud.'),
(20, 'B10000027', 'EXPERTA COMERCIO 027 S.L.', 'Responsable', '40002366F', 'Madrid - Tetuán', 'Operario/a', '2024-02-25', '2025-09-30', 'L-V 09:00-13:00', 15, NULL),
(20, 'B10000007', 'EXPERTA GESTIÓN 007 S.L.', 'Responsable', '40007435Q', 'Madrid - Hortaleza', 'Recepción', '2025-02-25', '2025-04-12', 'L-V 09:00-13:00', 12, NULL),
(21, 'B10000021', 'URBANA COMERCIO 021 S.L.', 'Responsable', '40008351N', 'Madrid - Hortaleza', 'Caja', '2025-11-09', '2025-12-01', 'L-V 09:00-13:00', 20, NULL),
(22, 'B10000029', 'ALFA DISTRIBUCIÓN 029 S.L.', 'Responsable', '40008440D', 'Madrid - Carabanchel', 'Auxiliar', '2025-03-10', '2025-10-08', 'L-V 09:00-13:00', 30, NULL),
(22, 'B10000001', 'NORTE COMERCIO 001 S.L.', 'Responsable', '40007947E', 'Madrid - Tetuán', 'Recepción', '2024-06-26', '2025-05-24', 'L-X-V 10:00-14:00', 25, NULL),
(23, 'B10000022', 'URBANA COMERCIO 022 S.L.', 'Responsable', '40006917G', 'Madrid - Arganzuela', 'Caja', '2025-04-04', '2025-05-26', 'L-X-V 10:00-14:00', 20, NULL),
(23, 'B10000005', 'NORTE TECNOLOGÍA 005 S.L.', 'Responsable', '40000403E', 'Madrid - Fuencarral-El Pardo', 'Operario/a', '2024-06-10', '2025-04-27', 'L-X-V 10:00-14:00', 15, 'Buen desempeño y actitud.'),
(23, 'B10000002', 'URBANA HOSTELERÍA 002 S.L.', 'Responsable', '40004426C', 'Madrid - Usera', 'Caja', '2025-09-22', '2025-11-15', 'L-V 09:00-13:00', 15, 'Buen desempeño y actitud.'),
(23, 'B10000026', 'GLOBAL SERVICIOS 026 S.L.', 'Responsable', '40001575K', 'Madrid - Chamartín', 'Recepción', '2025-07-21', '2025-12-13', 'L-V 09:00-13:00', 15, NULL),
(24, 'B10000002', 'URBANA HOSTELERÍA 002 S.L.', 'Responsable', '40005545N', 'Madrid - Latina', 'Caja', '2025-07-03', '2025-10-15', 'L-V 09:00-13:00', 12, NULL),
(24, 'B10000030', 'CENTRAL TECNOLOGÍA 030 S.L.', 'Responsable', '40006166N', 'Madrid - San Blas-Canillejas', 'Operario/a', '2024-05-01', '2024-12-20', 'L-X-V 10:00-14:00', 25, 'Buen desempeño y actitud.'),
(24, 'B10000028', 'NUEVA GESTIÓN 028 S.L.', 'Responsable', '40007728X', 'Madrid - Moratalaz', 'Auxiliar', '2025-11-14', '2026-01-16', 'L-V 09:00-13:00', 12, NULL),
(24, 'B10000010', 'CENTRAL LOGÍSTICA 010 S.L.', 'Responsable', '40006664G', 'Madrid - Villaverde', 'Apoyo', '2024-06-05', '2024-12-19', 'L-V 09:00-13:00', 30, 'Buen desempeño y actitud.'),
(25, 'B10000012', 'IBÉRICA LOGÍSTICA 012 S.L.', 'Responsable', '40006606S', 'Madrid - Arganzuela', 'Caja', '2025-10-16', '2025-11-21', 'L-V 09:00-13:00', 30, NULL),
(25, 'B10000017', 'NUEVA TECNOLOGÍA 017 S.L.', 'Responsable', '40005390H', 'Madrid - San Blas-Canillejas', 'Recepción', '2025-06-15', '2025-11-14', 'L-X-V 10:00-14:00', 25, NULL),
(26, 'B10000017', 'NUEVA TECNOLOGÍA 017 S.L.', 'Responsable', '40005505H', 'Madrid - Centro', 'Caja', '2024-06-04', '2024-07-18', 'L-V 09:00-13:00', 30, 'Buen desempeño y actitud.'),
(26, 'B10000016', 'NORTE DISTRIBUCIÓN 016 S.L.', 'Responsable', '40003986V', 'Madrid - Arganzuela', 'Recepción', '2025-12-14', '2026-01-11', 'L-V 09:00-13:00', 10, NULL),
(26, 'B10000023', 'URBANA SERVICIOS 023 S.L.', 'Responsable', '40008463D', 'Madrid - Latina', 'Operario/a', '2025-10-26', '2026-01-03', 'L-X-V 10:00-14:00', 30, NULL),
(26, 'B10000004', 'IBÉRICA COMERCIO 004 S.L.', 'Responsable', '40004758F', 'Madrid - Salamanca', 'Apoyo', '2024-05-08', NULL, 'L-V 09:00-13:00', 10, 'Buen desempeño y actitud.'),
(27, 'B10000026', 'GLOBAL SERVICIOS 026 S.L.', 'Responsable', '40004907H', 'Madrid - Centro', 'Operario/a', '2024-01-12', '2025-08-15', 'L-V 09:00-13:00', 15, 'Buen desempeño y actitud.'),
(27, 'B10000019', 'GLOBAL LOGÍSTICA 019 S.L.', 'Responsable', '40000474R', 'Madrid - Carabanchel', 'Apoyo', '2025-09-28', '2026-01-16', 'L-X-V 10:00-14:00', 25, NULL),
(27, 'B10000008', 'NORTE SOLUCIONES 008 S.L.', 'Responsable', '40006834J', 'Madrid - Chamartín', 'Recepción', '2024-12-20', '2025-06-26', 'L-X-V 10:00-14:00', 30, NULL),
(28, 'B10000008', 'NORTE SOLUCIONES 008 S.L.', 'Responsable', '40005868J', 'Madrid - Villa de Vallecas', 'Apoyo', '2024-01-11', '2025-11-06', 'L-V 09:00-13:00', 20, NULL),
(28, 'B10000002', 'URBANA HOSTELERÍA 002 S.L.', 'Responsable', '40006065A', 'Madrid - Puente de Vallecas', 'Sala', '2025-06-29', '2026-01-05', 'L-X-V 10:00-14:00', 20, NULL),
(28, 'B10000024', 'EXPERTA SERVICIOS 024 S.L.', 'Responsable', '40008510X', 'Madrid - Tetuán', 'Recepción', '2025-05-16', '2025-09-16', 'L-V 09:00-13:00', 12, 'Buen desempeño y actitud.'),
(29, 'B10000020', 'NUEVA COMERCIO 020 S.L.', 'Responsable', '40001292Z', 'Madrid - Moratalaz', 'Sala', '2025-12-18', '2026-01-06', 'L-X-V 10:00-14:00', 30, 'Buen desempeño y actitud.'),
(30, 'B10000006', 'CENTRAL COMERCIO 006 S.L.', 'Responsable', '40008650N', 'Madrid - Usera', 'Apoyo', '2025-02-21', '2025-11-08', 'L-V 09:00-13:00', 25, NULL),
(31, 'B10000023', 'URBANA SERVICIOS 023 S.L.', 'Responsable', '40002670N', 'Madrid - Vicálvaro', 'Auxiliar', '2025-07-27', '2025-09-30', 'L-X-V 10:00-14:00', 15, 'Buen desempeño y actitud.'),
(31, 'B10000027', 'EXPERTA COMERCIO 027 S.L.', 'Responsable', '40007682X', 'Madrid - Puente de Vallecas', 'Sala', '2025-06-19', '2025-07-30', 'L-X-V 10:00-14:00', 15, 'Buen desempeño y actitud.'),
(31, 'B10000023', 'URBANA SERVICIOS 023 S.L.', 'Responsable', '40005876K', 'Madrid - Tetuán', 'Caja', '2025-12-22', '2025-12-24', 'L-V 09:00-13:00', 20, NULL),
(32, 'B10000023', 'URBANA SERVICIOS 023 S.L.', 'Responsable', '40007131B', 'Madrid - Usera', 'Operario/a', '2025-06-04', '2025-07-21', 'L-X-V 10:00-14:00', 15, NULL),
(32, 'B10000001', 'NORTE COMERCIO 001 S.L.', 'Responsable', '40002874D', 'Madrid - Arganzuela', 'Operario/a', '2024-03-27', '2024-08-09', 'L-V 09:00-13:00', 25, 'Buen desempeño y actitud.'),
(32, 'B10000013', 'GLOBAL DISTRIBUCIÓN 013 S.L.', 'Responsable', '40007504Q', 'Madrid - Salamanca', 'Apoyo', '2025-08-01', '2026-01-11', 'L-V 09:00-13:00', 30, 'Buen desempeño y actitud.'),
(32, 'B10000016', 'NORTE DISTRIBUCIÓN 016 S.L.', 'Responsable', '40001729Z', 'Madrid - Retiro', 'Operario/a', '2024-07-06', '2025-03-27', 'L-V 09:00-13:00', 15, 'Buen desempeño y actitud.'),
(32, 'B10000022', 'URBANA COMERCIO 022 S.L.', 'Responsable', '40006417X', 'Madrid - San Blas-Canillejas', 'Auxiliar', '2025-12-17', '2026-01-12', 'L-X-V 10:00-14:00', 15, NULL),
(33, 'B10000005', 'NORTE TECNOLOGÍA 005 S.L.', 'Responsable', '40008500T', 'Madrid - Chamartín', 'Recepción', '2024-09-29', '2025-09-20', 'L-V 09:00-13:00', 15, NULL),
(33, 'B10000028', 'NUEVA GESTIÓN 028 S.L.', 'Responsable', '40006518L', 'Madrid - Latina', 'Operario/a', '2024-08-02', '2024-12-20', 'L-X-V 10:00-14:00', 30, 'Buen desempeño y actitud.'),
(33, 'B10000018', 'CENTRAL DISTRIBUCIÓN 018 S.L.', 'Responsable', '40009615B', 'Madrid - Moratalaz', 'Auxiliar', '2025-08-11', NULL, 'L-V 09:00-13:00', 25, NULL),
(33, 'B10000025', 'EXPERTA TECNOLOGÍA 025 S.L.', 'Responsable', '40005824S', 'Madrid - Retiro', 'Operario/a', '2025-03-25', '2025-06-26', 'L-V 09:00-13:00', 25, 'Buen desempeño y actitud.'),
(34, 'B10000008', 'NORTE SOLUCIONES 008 S.L.', 'Responsable', '40005612X', 'Madrid - Hortaleza', 'Recepción', '2025-05-21', '2026-01-10', 'L-V 09:00-13:00', 30, 'Buen desempeño y actitud.'),
(34, 'B10000012', 'IBÉRICA LOGÍSTICA 012 S.L.', 'Responsable', '40007429X', 'Madrid - Latina', 'Operario/a', '2025-05-07', '2026-01-30', 'L-V 09:00-13:00', 12, 'Buen desempeño y actitud.'),
(34, 'B10000023', 'URBANA SERVICIOS 023 S.L.', 'Responsable', '40006833N', 'Madrid - Retiro', 'Apoyo', '2025-06-11', '2026-01-08', 'L-X-V 10:00-14:00', 10, 'Buen desempeño y actitud.'),
(34, 'B10000026', 'GLOBAL SERVICIOS 026 S.L.', 'Responsable', '40001914S', 'Madrid - Centro', 'Apoyo', '2025-04-13', NULL, 'L-V 09:00-13:00', 10, 'Buen desempeño y actitud.'),
(34, 'B10000001', 'NORTE COMERCIO 001 S.L.', 'Responsable', '40008632V', 'Madrid - Centro', 'Sala', '2025-02-25', NULL, 'L-V 09:00-13:00', 20, NULL),
(35, 'B10000017', 'NUEVA TECNOLOGÍA 017 S.L.', 'Responsable', '40004647B', 'Madrid - Salamanca', 'Operario/a', '2025-01-20', '2025-05-09', 'L-V 09:00-13:00', 15, NULL),
(36, 'B10000014', 'URBANA COMERCIO 014 S.L.', 'Responsable', '40000241K', 'Madrid - Vicálvaro', 'Caja', '2025-07-19', '2026-01-27', 'L-X-V 10:00-14:00', 20, NULL),
(36, 'B10000022', 'URBANA COMERCIO 022 S.L.', 'Responsable', '40003125F', 'Madrid - Moratalaz', 'Auxiliar', '2024-10-04', '2026-02-01', 'L-V 09:00-13:00', 10, 'Buen desempeño y actitud.'),
(36, 'B10000026', 'GLOBAL SERVICIOS 026 S.L.', 'Responsable', '40008375J', 'Madrid - Vicálvaro', 'Caja', '2024-10-21', '2025-12-30', 'L-X-V 10:00-14:00', 12, NULL),
(37, 'B10000004', 'IBÉRICA COMERCIO 004 S.L.', 'Responsable', '40001256R', 'Madrid - Fuencarral-El Pardo', 'Auxiliar', '2025-11-19', '2026-01-03', 'L-X-V 10:00-14:00', 15, NULL),
(37, 'B10000014', 'URBANA COMERCIO 014 S.L.', 'Responsable', '40005435V', 'Madrid - Ciudad Lineal', 'Operario/a', '2024-02-13', '2024-07-22', 'L-V 09:00-13:00', 20, NULL),
(37, 'B10000027', 'EXPERTA COMERCIO 027 S.L.', 'Responsable', '40003390L', 'Madrid - Carabanchel', 'Recepción', '2025-08-06', '2025-10-05', 'L-X-V 10:00-14:00', 10, 'Buen desempeño y actitud.'),
(37, 'B10000013', 'GLOBAL DISTRIBUCIÓN 013 S.L.', 'Responsable', '40005755S', 'Madrid - Carabanchel', 'Caja', '2025-10-26', '2025-11-19', 'L-X-V 10:00-14:00', 20, NULL),
(37, 'B10000018', 'CENTRAL DISTRIBUCIÓN 018 S.L.', 'Responsable', '40003526V', 'Madrid - Salamanca', 'Sala', '2024-09-04', '2025-06-07', 'L-V 09:00-13:00', 10, NULL),
(38, 'B10000024', 'EXPERTA SERVICIOS 024 S.L.', 'Responsable', '40000744H', 'Madrid - Chamartín', 'Operario/a', '2024-05-06', '2025-07-08', 'L-V 09:00-13:00', 30, NULL),
(38, 'B10000020', 'NUEVA COMERCIO 020 S.L.', 'Responsable', '40001625W', 'Madrid - Villa de Vallecas', 'Apoyo', '2024-05-15', '2025-05-18', 'L-V 09:00-13:00', 12, 'Buen desempeño y actitud.'),
(38, 'B10000025', 'EXPERTA TECNOLOGÍA 025 S.L.', 'Responsable', '40000114D', 'Madrid - Barajas', 'Apoyo', '2024-12-24', '2025-07-01', 'L-V 09:00-13:00', 30, 'Buen desempeño y actitud.'),
(39, 'B10000010', 'CENTRAL LOGÍSTICA 010 S.L.', 'Responsable', '40006300P', 'Madrid - Hortaleza', 'Caja', '2025-12-03', '2025-12-06', 'L-V 09:00-13:00', 20, 'Buen desempeño y actitud.'),
(40, 'B10000001', 'NORTE COMERCIO 001 S.L.', 'Responsable', '40004911E', 'Madrid - Centro', 'Sala', '2025-09-26', '2026-01-07', 'L-V 09:00-13:00', 30, NULL),
(41, 'B10000015', 'NORTE TECNOLOGÍA 015 S.L.', 'Responsable', '40007802S', 'Madrid - Fuencarral-El Pardo', 'Recepción', '2024-04-22', '2024-05-17', 'L-V 09:00-13:00', 20, 'Buen desempeño y actitud.'),
(41, 'B10000011', 'URBANA HOSTELERÍA 011 S.L.', 'Responsable', '40002578N', 'Madrid - Barajas', 'Apoyo', '2025-04-13', '2025-11-06', 'L-X-V 10:00-14:00', 12, NULL),
(41, 'B10000026', 'GLOBAL SERVICIOS 026 S.L.', 'Responsable', '40005413H', 'Madrid - Chamartín', 'Recepción', '2025-01-10', '2025-10-15', 'L-V 09:00-13:00', 12, NULL),
(41, 'B10000030', 'CENTRAL TECNOLOGÍA 030 S.L.', 'Responsable', '40007540Y', 'Madrid - Puente de Vallecas', 'Caja', '2024-08-14', '2024-09-25', 'L-X-V 10:00-14:00', 10, NULL),
(42, 'B10000006', 'CENTRAL COMERCIO 006 S.L.', 'Responsable', '40001207K', 'Madrid - Villaverde', 'Sala', '2024-02-23', '2025-10-17', 'L-V 09:00-13:00', 20, NULL),
(42, 'B10000021', 'URBANA COMERCIO 021 S.L.', 'Responsable', '40001056P', 'Madrid - Usera', 'Auxiliar', '2025-07-19', '2026-01-07', 'L-V 09:00-13:00', 20, NULL),
(43, 'B10000013', 'GLOBAL DISTRIBUCIÓN 013 S.L.', 'Responsable', '40006106K', 'Madrid - Villaverde', 'Operario/a', '2025-02-07', '2025-09-02', 'L-X-V 10:00-14:00', 20, 'Buen desempeño y actitud.'),
(43, 'B10000003', 'ALFA GESTIÓN 003 S.L.', 'Responsable', '40007936B', 'Madrid - Ciudad Lineal', 'Sala', '2024-12-02', NULL, 'L-V 09:00-13:00', 12, 'Buen desempeño y actitud.'),
(43, 'B10000017', 'NUEVA TECNOLOGÍA 017 S.L.', 'Responsable', '40001136L', 'Madrid - Villa de Vallecas', 'Auxiliar', '2025-03-15', NULL, 'L-V 09:00-13:00', 20, 'Buen desempeño y actitud.'),
(43, 'B10000023', 'URBANA SERVICIOS 023 S.L.', 'Responsable', '40005866B', 'Madrid - Salamanca', 'Auxiliar', '2025-03-05', '2025-12-06', 'L-V 09:00-13:00', 10, NULL),
(43, 'B10000001', 'NORTE COMERCIO 001 S.L.', 'Responsable', '40008038K', 'Madrid - Hortaleza', 'Auxiliar', '2024-09-25', '2026-01-11', 'L-X-V 10:00-14:00', 20, NULL),
(44, 'B10000013', 'GLOBAL DISTRIBUCIÓN 013 S.L.', 'Responsable', '40001928Y', 'Madrid - Arganzuela', 'Operario/a', '2024-12-17', '2025-09-19', 'L-X-V 10:00-14:00', 25, 'Buen desempeño y actitud.'),
(44, 'B10000005', 'NORTE TECNOLOGÍA 005 S.L.', 'Responsable', '40007853C', 'Madrid - Carabanchel', 'Apoyo', '2025-05-22', '2025-09-24', 'L-X-V 10:00-14:00', 15, 'Buen desempeño y actitud.'),
(44, 'B10000011', 'URBANA HOSTELERÍA 011 S.L.', 'Responsable', '40002011C', 'Madrid - Puente de Vallecas', 'Auxiliar', '2024-03-02', '2025-03-22', 'L-V 09:00-13:00', 25, 'Buen desempeño y actitud.'),
(44, 'B10000013', 'GLOBAL DISTRIBUCIÓN 013 S.L.', 'Responsable', '40001699F', 'Madrid - Retiro', 'Auxiliar', '2025-12-28', '2026-01-29', 'L-X-V 10:00-14:00', 12, 'Buen desempeño y actitud.'),
(45, 'B10000010', 'CENTRAL LOGÍSTICA 010 S.L.', 'Responsable', '40000084W', 'Madrid - Latina', 'Sala', '2025-04-16', '2025-08-04', 'L-V 09:00-13:00', 20, 'Buen desempeño y actitud.'),
(45, 'B10000017', 'NUEVA TECNOLOGÍA 017 S.L.', 'Responsable', '40004019G', 'Madrid - Retiro', 'Operario/a', '2024-02-27', NULL, 'L-V 09:00-13:00', 20, 'Buen desempeño y actitud.'),
(45, 'B10000017', 'NUEVA TECNOLOGÍA 017 S.L.', 'Responsable', '40003533R', 'Madrid - Latina', 'Operario/a', '2025-08-28', '2025-09-23', 'L-X-V 10:00-14:00', 30, 'Buen desempeño y actitud.'),
(46, 'B10000028', 'NUEVA GESTIÓN 028 S.L.', 'Responsable', '40009175P', 'Madrid - Retiro', 'Operario/a', '2026-01-01', '2026-01-04', 'L-V 09:00-13:00', 12, NULL),
(46, 'B10000021', 'URBANA COMERCIO 021 S.L.', 'Responsable', '40001327A', 'Madrid - Retiro', 'Apoyo', '2025-06-02', '2025-09-16', 'L-V 09:00-13:00', 15, 'Buen desempeño y actitud.'),
(46, 'B10000022', 'URBANA COMERCIO 022 S.L.', 'Responsable', '40005601E', 'Madrid - Moratalaz', 'Caja', '2025-12-10', '2025-12-12', 'L-V 09:00-13:00', 15, 'Buen desempeño y actitud.'),
(46, 'B10000024', 'EXPERTA SERVICIOS 024 S.L.', 'Responsable', '40002214Q', 'Madrid - Vicálvaro', 'Caja', '2026-01-09', NULL, 'L-V 09:00-13:00', 15, 'Buen desempeño y actitud.'),
(47, 'B10000012', 'IBÉRICA LOGÍSTICA 012 S.L.', 'Responsable', '40004262V', 'Madrid - Villa de Vallecas', 'Apoyo', '2024-11-28', '2026-01-06', 'L-X-V 10:00-14:00', 15, NULL),
(47, 'B10000019', 'GLOBAL LOGÍSTICA 019 S.L.', 'Responsable', '40007515G', 'Madrid - Hortaleza', 'Sala', '2024-04-30', '2025-06-17', 'L-X-V 10:00-14:00', 30, 'Buen desempeño y actitud.'),
(48, 'B10000030', 'CENTRAL TECNOLOGÍA 030 S.L.', 'Responsable', '40003687V', 'Madrid - Tetuán', 'Recepción', '2025-12-22', '2026-01-20', 'L-X-V 10:00-14:00', 12, 'Buen desempeño y actitud.'),
(48, 'B10000013', 'GLOBAL DISTRIBUCIÓN 013 S.L.', 'Responsable', '40007539M', 'Madrid - Ciudad Lineal', 'Sala', '2024-04-19', '2025-12-02', 'L-X-V 10:00-14:00', 30, NULL),
(48, 'B10000019', 'GLOBAL LOGÍSTICA 019 S.L.', 'Responsable', '40005164E', 'Madrid - Usera', 'Apoyo', '2024-12-23', '2025-10-25', 'L-V 09:00-13:00', 25, 'Buen desempeño y actitud.'),
(48, 'B10000008', 'NORTE SOLUCIONES 008 S.L.', 'Responsable', '40000412P', 'Madrid - Centro', 'Recepción', '2025-04-28', '2025-05-04', 'L-X-V 10:00-14:00', 20, 'Buen desempeño y actitud.'),
(49, 'B10000021', 'URBANA COMERCIO 021 S.L.', 'Responsable', '40007309M', 'Madrid - Villaverde', 'Apoyo', '2025-05-02', '2025-11-12', 'L-V 09:00-13:00', 15, NULL),
(49, 'B10000012', 'IBÉRICA LOGÍSTICA 012 S.L.', 'Responsable', '40002241C', 'Madrid - Moratalaz', 'Sala', '2025-11-20', '2025-11-29', 'L-X-V 10:00-14:00', 20, NULL),
(49, 'B10000002', 'URBANA HOSTELERÍA 002 S.L.', 'Responsable', '40009002L', 'Madrid - Salamanca', 'Apoyo', '2025-06-14', NULL, 'L-V 09:00-13:00', 20, NULL),
(49, 'B10000016', 'NORTE DISTRIBUCIÓN 016 S.L.', 'Responsable', '40001997Y', 'Madrid - Carabanchel', 'Operario/a', '2025-04-28', '2025-10-15', 'L-V 09:00-13:00', 10, 'Buen desempeño y actitud.'),
(50, 'B10000011', 'URBANA HOSTELERÍA 011 S.L.', 'Responsable', '40009947K', 'Madrid - Vicálvaro', 'Sala', '2024-04-03', '2026-01-29', 'L-V 09:00-13:00', 12, 'Buen desempeño y actitud.'),
(50, 'B10000019', 'GLOBAL LOGÍSTICA 019 S.L.', 'Responsable', '40006693X', 'Madrid - Barajas', 'Sala', '2024-03-14', '2024-08-15', 'L-V 09:00-13:00', 30, NULL),
(51, 'B10000003', 'ALFA GESTIÓN 003 S.L.', 'Responsable', '40005789A', 'Madrid - Vicálvaro', 'Auxiliar', '2025-09-25', '2025-10-05', 'L-V 09:00-13:00', 10, NULL),
(51, 'B10000005', 'NORTE TECNOLOGÍA 005 S.L.', 'Responsable', '40000198R', 'Madrid - Usera', 'Apoyo', '2024-05-05', '2025-08-05', 'L-X-V 10:00-14:00', 15, 'Buen desempeño y actitud.'),
(52, 'B10000006', 'CENTRAL COMERCIO 006 S.L.', 'Responsable', '40004565K', 'Madrid - Arganzuela', 'Operario/a', '2024-09-15', '2025-11-12', 'L-X-V 10:00-14:00', 10, NULL),
(52, 'B10000023', 'URBANA SERVICIOS 023 S.L.', 'Responsable', '40009873Q', 'Madrid - Hortaleza', 'Operario/a', '2024-01-09', '2025-12-23', 'L-V 09:00-13:00', 30, NULL),
(52, 'B10000016', 'NORTE DISTRIBUCIÓN 016 S.L.', 'Responsable', '40001748X', 'Madrid - Salamanca', 'Apoyo', '2025-12-24', '2026-01-30', 'L-V 09:00-13:00', 10, 'Buen desempeño y actitud.'),
(52, 'B10000028', 'NUEVA GESTIÓN 028 S.L.', 'Responsable', '40009948E', 'Madrid - Salamanca', 'Operario/a', '2025-04-18', '2025-12-05', 'L-V 09:00-13:00', 20, 'Buen desempeño y actitud.'),
(52, 'B10000005', 'NORTE TECNOLOGÍA 005 S.L.', 'Responsable', '40009857T', 'Madrid - Centro', 'Sala', '2025-05-19', '2025-07-01', 'L-V 09:00-13:00', 30, 'Buen desempeño y actitud.'),
(53, 'B10000007', 'EXPERTA GESTIÓN 007 S.L.', 'Responsable', '40003211R', 'Madrid - Centro', 'Recepción', '2024-05-28', '2025-09-30', 'L-V 09:00-13:00', 20, 'Buen desempeño y actitud.'),
(53, 'B10000002', 'URBANA HOSTELERÍA 002 S.L.', 'Responsable', '40001028A', 'Madrid - Salamanca', 'Operario/a', '2025-01-26', '2025-06-03', 'L-V 09:00-13:00', 10, 'Buen desempeño y actitud.'),
(53, 'B10000017', 'NUEVA TECNOLOGÍA 017 S.L.', 'Responsable', '40004674S', 'Madrid - Ciudad Lineal', 'Apoyo', '2025-10-17', '2026-01-27', 'L-X-V 10:00-14:00', 30, 'Buen desempeño y actitud.'),
(54, 'B10000021', 'URBANA COMERCIO 021 S.L.', 'Responsable', '40006770H', 'Madrid - Ciudad Lineal', 'Sala', '2024-07-07', '2024-12-03', 'L-V 09:00-13:00', 20, 'Buen desempeño y actitud.'),
(55, 'B10000021', 'URBANA COMERCIO 021 S.L.', 'Responsable', '40003820N', 'Madrid - Barajas', 'Recepción', '2024-10-10', '2025-05-12', 'L-V 09:00-13:00', 25, 'Buen desempeño y actitud.'),
(55, 'B10000023', 'URBANA SERVICIOS 023 S.L.', 'Responsable', '40008986A', 'Madrid - Latina', 'Caja', '2025-07-14', '2025-11-29', 'L-V 09:00-13:00', 15, NULL),
(55, 'B10000007', 'EXPERTA GESTIÓN 007 S.L.', 'Responsable', '40002131W', 'Madrid - Fuencarral-El Pardo', 'Apoyo', '2025-07-25', '2025-12-02', 'L-V 09:00-13:00', 12, 'Buen desempeño y actitud.'),
(56, 'B10000027', 'EXPERTA COMERCIO 027 S.L.', 'Responsable', '40009973R', 'Madrid - Salamanca', 'Sala', '2025-04-20', '2025-07-06', 'L-V 09:00-13:00', 30, NULL),
(56, 'B10000022', 'URBANA COMERCIO 022 S.L.', 'Responsable', '40005221X', 'Madrid - Fuencarral-El Pardo', 'Apoyo', '2025-07-31', '2025-09-08', 'L-V 09:00-13:00', 15, 'Buen desempeño y actitud.'),
(56, 'B10000011', 'URBANA HOSTELERÍA 011 S.L.', 'Responsable', '40003640Q', 'Madrid - Retiro', 'Operario/a', '2025-01-17', '2025-06-07', 'L-V 09:00-13:00', 25, 'Buen desempeño y actitud.'),
(56, 'B10000026', 'GLOBAL SERVICIOS 026 S.L.', 'Responsable', '40004303N', 'Madrid - Puente de Vallecas', 'Sala', '2025-06-22', NULL, 'L-X-V 10:00-14:00', 20, NULL),
(57, 'B10000016', 'NORTE DISTRIBUCIÓN 016 S.L.', 'Responsable', '40007962Z', 'Madrid - Salamanca', 'Caja', '2025-01-01', '2025-01-31', 'L-V 09:00-13:00', 10, 'Buen desempeño y actitud.'),
(57, 'B10000025', 'EXPERTA TECNOLOGÍA 025 S.L.', 'Responsable', '40009388Z', 'Madrid - Barajas', 'Caja', '2025-11-03', NULL, 'L-X-V 10:00-14:00', 25, 'Buen desempeño y actitud.'),
(57, 'B10000024', 'EXPERTA SERVICIOS 024 S.L.', 'Responsable', '40001943K', 'Madrid - San Blas-Canillejas', 'Apoyo', '2025-07-10', NULL, 'L-X-V 10:00-14:00', 10, NULL),
(57, 'B10000011', 'URBANA HOSTELERÍA 011 S.L.', 'Responsable', '40006357L', 'Madrid - Barajas', 'Auxiliar', '2024-01-04', NULL, 'L-X-V 10:00-14:00', 30, NULL),
(57, 'B10000021', 'URBANA COMERCIO 021 S.L.', 'Responsable', '40009101A', 'Madrid - Salamanca', 'Apoyo', '2025-10-23', '2026-01-23', 'L-V 09:00-13:00', 30, 'Buen desempeño y actitud.'),
(58, 'B10000007', 'EXPERTA GESTIÓN 007 S.L.', 'Responsable', '40006688M', 'Madrid - Latina', 'Caja', '2024-03-04', '2025-07-26', 'L-V 09:00-13:00', 20, NULL),
(58, 'B10000029', 'ALFA DISTRIBUCIÓN 029 S.L.', 'Responsable', '40003487R', 'Madrid - Tetuán', 'Auxiliar', '2025-08-22', '2025-10-24', 'L-X-V 10:00-14:00', 15, NULL),
(58, 'B10000020', 'NUEVA COMERCIO 020 S.L.', 'Responsable', '40004858S', 'Madrid - Tetuán', 'Caja', '2024-08-21', '2025-06-29', 'L-V 09:00-13:00', 15, 'Buen desempeño y actitud.'),
(59, 'B10000015', 'NORTE TECNOLOGÍA 015 S.L.', 'Responsable', '40002463N', 'Madrid - San Blas-Canillejas', 'Caja', '2024-09-30', '2024-11-07', 'L-V 09:00-13:00', 30, NULL),
(59, 'B10000010', 'CENTRAL LOGÍSTICA 010 S.L.', 'Responsable', '40001173X', 'Madrid - Retiro', 'Caja', '2025-04-04', '2025-12-31', 'L-X-V 10:00-14:00', 15, 'Buen desempeño y actitud.'),
(59, 'B10000022', 'URBANA COMERCIO 022 S.L.', 'Responsable', '40003445M', 'Madrid - Barajas', 'Apoyo', '2025-05-06', '2025-11-18', 'L-V 09:00-13:00', 30, 'Buen desempeño y actitud.'),
(60, 'B10000030', 'CENTRAL TECNOLOGÍA 030 S.L.', 'Responsable', '40001829E', 'Madrid - Vicálvaro', 'Caja', '2024-12-16', '2025-05-19', 'L-V 09:00-13:00', 12, 'Buen desempeño y actitud.'),
(60, 'B10000002', 'URBANA HOSTELERÍA 002 S.L.', 'Responsable', '40006631V', 'Madrid - Centro', 'Sala', '2025-12-15', '2026-01-21', 'L-V 09:00-13:00', 25, NULL),
(60, 'B10000025', 'EXPERTA TECNOLOGÍA 025 S.L.', 'Responsable', '40001239F', 'Madrid - Carabanchel', 'Caja', '2024-10-09', NULL, 'L-X-V 10:00-14:00', 12, 'Buen desempeño y actitud.'),
(60, 'B10000014', 'URBANA COMERCIO 014 S.L.', 'Responsable', '40007914N', 'Madrid - Usera', 'Apoyo', '2025-05-12', '2026-01-08', 'L-X-V 10:00-14:00', 12, NULL),
(61, 'B10000010', 'CENTRAL LOGÍSTICA 010 S.L.', 'Responsable', '40005769Y', 'Madrid - Centro', 'Apoyo', '2024-04-17', '2024-09-02', 'L-V 09:00-13:00', 12, 'Buen desempeño y actitud.'),
(61, 'B10000008', 'NORTE SOLUCIONES 008 S.L.', 'Responsable', '40003687V', 'Madrid - Arganzuela', 'Caja', '2024-07-02', '2024-08-13', 'L-V 09:00-13:00', 25, 'Buen desempeño y actitud.'),
(61, 'B10000014', 'URBANA COMERCIO 014 S.L.', 'Responsable', '40001301T', 'Madrid - Arganzuela', 'Operario/a', '2024-06-11', '2025-03-14', 'L-X-V 10:00-14:00', 20, NULL),
(62, 'B10000008', 'NORTE SOLUCIONES 008 S.L.', 'Responsable', '40008195V', 'Madrid - Puente de Vallecas', 'Auxiliar', '2024-02-25', '2025-10-21', 'L-V 09:00-13:00', 30, NULL),
(62, 'B10000022', 'URBANA COMERCIO 022 S.L.', 'Responsable', '40002467Q', 'Madrid - Fuencarral-El Pardo', 'Recepción', '2025-09-21', '2025-12-06', 'L-V 09:00-13:00', 12, 'Buen desempeño y actitud.'),
(62, 'B10000019', 'GLOBAL LOGÍSTICA 019 S.L.', 'Responsable', '40009176D', 'Madrid - Latina', 'Operario/a', '2025-11-23', '2026-01-12', 'L-V 09:00-13:00', 25, 'Buen desempeño y actitud.'),
(63, 'B10000014', 'URBANA COMERCIO 014 S.L.', 'Responsable', '40007549S', 'Madrid - San Blas-Canillejas', 'Auxiliar', '2025-06-11', '2025-12-13', 'L-V 09:00-13:00', 20, NULL),
(63, 'B10000028', 'NUEVA GESTIÓN 028 S.L.', 'Responsable', '40009730B', 'Madrid - Salamanca', 'Caja', '2024-06-15', '2024-06-23', 'L-V 09:00-13:00', 25, NULL),
(63, 'B10000013', 'GLOBAL DISTRIBUCIÓN 013 S.L.', 'Responsable', '40003889N', 'Madrid - Salamanca', 'Operario/a', '2024-08-31', '2025-06-11', 'L-V 09:00-13:00', 15, 'Buen desempeño y actitud.'),
(63, 'B10000013', 'GLOBAL DISTRIBUCIÓN 013 S.L.', 'Responsable', '40002130R', 'Madrid - Usera', 'Auxiliar', '2026-01-09', '2026-01-21', 'L-V 09:00-13:00', 10, 'Buen desempeño y actitud.'),
(64, 'B10000029', 'ALFA DISTRIBUCIÓN 029 S.L.', 'Responsable', '40006025D', 'Madrid - Barajas', 'Caja', '2025-10-27', '2026-01-25', 'L-V 09:00-13:00', 20, NULL),
(65, 'B10000012', 'IBÉRICA LOGÍSTICA 012 S.L.', 'Responsable', '40006376S', 'Madrid - Barajas', 'Recepción', '2025-05-19', '2025-05-21', 'L-V 09:00-13:00', 15, 'Buen desempeño y actitud.'),
(65, 'B10000020', 'NUEVA COMERCIO 020 S.L.', 'Responsable', '40003335X', 'Madrid - Usera', 'Operario/a', '2025-10-25', '2025-11-16', 'L-V 09:00-13:00', 25, 'Buen desempeño y actitud.'),
(66, 'B10000004', 'IBÉRICA COMERCIO 004 S.L.', 'Responsable', '40000715N', 'Madrid - Villaverde', 'Operario/a', '2024-08-26', '2025-07-01', 'L-V 09:00-13:00', 10, 'Buen desempeño y actitud.'),
(67, 'B10000004', 'IBÉRICA COMERCIO 004 S.L.', 'Responsable', '40004906V', 'Madrid - Chamartín', 'Caja', '2024-10-30', NULL, 'L-V 09:00-13:00', 10, NULL),
(68, 'B10000015', 'NORTE TECNOLOGÍA 015 S.L.', 'Responsable', '40006357L', 'Madrid - Barajas', 'Sala', '2024-02-28', '2024-10-21', 'L-V 09:00-13:00', 10, 'Buen desempeño y actitud.'),
(68, 'B10000002', 'URBANA HOSTELERÍA 002 S.L.', 'Responsable', '40006583S', 'Madrid - Carabanchel', 'Sala', '2025-12-27', '2026-01-10', 'L-V 09:00-13:00', 15, NULL),
(68, 'B10000004', 'IBÉRICA COMERCIO 004 S.L.', 'Responsable', '40009279C', 'Madrid - San Blas-Canillejas', 'Caja', '2024-06-17', '2025-03-06', 'L-V 09:00-13:00', 10, NULL),
(69, 'B10000005', 'NORTE TECNOLOGÍA 005 S.L.', 'Responsable', '40009584A', 'Madrid - Arganzuela', 'Operario/a', '2024-08-03', NULL, 'L-X-V 10:00-14:00', 25, 'Buen desempeño y actitud.'),
(69, 'B10000027', 'EXPERTA COMERCIO 027 S.L.', 'Responsable', '40005373R', 'Madrid - Puente de Vallecas', 'Sala', '2024-05-21', NULL, 'L-V 09:00-13:00', 10, 'Buen desempeño y actitud.'),
(69, 'B10000019', 'GLOBAL LOGÍSTICA 019 S.L.', 'Responsable', '40006903J', 'Madrid - Usera', 'Apoyo', '2025-09-08', NULL, 'L-X-V 10:00-14:00', 12, NULL),
(69, 'B10000030', 'CENTRAL TECNOLOGÍA 030 S.L.', 'Responsable', '40003257R', 'Madrid - Arganzuela', 'Operario/a', '2024-08-03', NULL, 'L-V 09:00-13:00', 25, NULL),
(69, 'B10000017', 'NUEVA TECNOLOGÍA 017 S.L.', 'Responsable', '40004440B', 'Madrid - Carabanchel', 'Auxiliar', '2025-02-27', NULL, 'L-V 09:00-13:00', 30, 'Buen desempeño y actitud.');

INSERT INTO pnl (student_id, company_nif, company_name, signer_name, signer_nif, workplace, position, start_date, end_date, schedule, weekly_hours, observations) VALUES
(70, 'B10000018', 'CENTRAL DISTRIBUCIÓN 018 S.L.', 'Responsable', '40002555N', 'Madrid - Barajas', 'Sala', '2024-02-02', '2026-01-10', 'L-V 09:00-13:00', 30, NULL),
(70, 'B10000004', 'IBÉRICA COMERCIO 004 S.L.', 'Responsable', '40008851Y', 'Madrid - Chamartín', 'Apoyo', '2024-12-10', '2024-12-16', 'L-V 09:00-13:00', 10, 'Buen desempeño y actitud.'),
(70, 'B10000019', 'GLOBAL LOGÍSTICA 019 S.L.', 'Responsable', '40002867W', 'Madrid - Villaverde', 'Caja', '2024-04-16', '2024-06-03', 'L-V 09:00-13:00', 15, 'Buen desempeño y actitud.'),
(70, 'B10000002', 'URBANA HOSTELERÍA 002 S.L.', 'Responsable', '40000445H', 'Madrid - Puente de Vallecas', 'Recepción', '2024-04-29', '2025-07-03', 'L-V 09:00-13:00', 10, NULL),
(70, 'B10000027', 'EXPERTA COMERCIO 027 S.L.', 'Responsable', '40008759Y', 'Madrid - Moratalaz', 'Sala', '2024-07-17', '2024-10-26', 'L-V 09:00-13:00', 12, 'Buen desempeño y actitud.'),
(71, 'B10000010', 'CENTRAL LOGÍSTICA 010 S.L.', 'Responsable', '40004969B', 'Madrid - Usera', 'Caja', '2024-10-09', '2025-01-29', 'L-V 09:00-13:00', 25, NULL),
(71, 'B10000014', 'URBANA COMERCIO 014 S.L.', 'Responsable', '40000288E', 'Madrid - Arganzuela', 'Auxiliar', '2024-07-16', NULL, 'L-V 09:00-13:00', 25, 'Buen desempeño y actitud.'),
(71, 'B10000007', 'EXPERTA GESTIÓN 007 S.L.', 'Responsable', '40002119J', 'Madrid - Carabanchel', 'Recepción', '2024-09-19', '2024-11-01', 'L-V 09:00-13:00', 15, 'Buen desempeño y actitud.'),
(71, 'B10000006', 'CENTRAL COMERCIO 006 S.L.', 'Responsable', '40007744A', 'Madrid - San Blas-Canillejas', 'Apoyo', '2024-08-16', '2025-03-03', 'L-X-V 10:00-14:00', 30, 'Buen desempeño y actitud.'),
(71, 'B10000024', 'EXPERTA SERVICIOS 024 S.L.', 'Responsable', '40007458Q', 'Madrid - Chamartín', 'Apoyo', '2025-07-14', '2025-11-21', 'L-X-V 10:00-14:00', 10, 'Buen desempeño y actitud.'),
(72, 'B10000013', 'GLOBAL DISTRIBUCIÓN 013 S.L.', 'Responsable', '40002645X', 'Madrid - San Blas-Canillejas', 'Recepción', '2024-02-07', '2024-04-24', 'L-X-V 10:00-14:00', 12, 'Buen desempeño y actitud.'),
(72, 'B10000015', 'NORTE TECNOLOGÍA 015 S.L.', 'Responsable', '40007578K', 'Madrid - Carabanchel', 'Sala', '2025-11-02', '2025-11-16', 'L-X-V 10:00-14:00', 10, 'Buen desempeño y actitud.'),
(72, 'B10000030', 'CENTRAL TECNOLOGÍA 030 S.L.', 'Responsable', '40008691F', 'Madrid - San Blas-Canillejas', 'Sala', '2025-03-19', '2025-03-28', 'L-V 09:00-13:00', 30, 'Buen desempeño y actitud.'),
(72, 'B10000016', 'NORTE DISTRIBUCIÓN 016 S.L.', 'Responsable', '40005234T', 'Madrid - Chamartín', 'Caja', '2025-10-31', '2025-12-19', 'L-V 09:00-13:00', 15, 'Buen desempeño y actitud.'),
(73, 'B10000005', 'NORTE TECNOLOGÍA 005 S.L.', 'Responsable', '40003337N', 'Madrid - San Blas-Canillejas', 'Recepción', '2024-11-10', '2025-04-08', 'L-V 09:00-13:00', 25, 'Buen desempeño y actitud.'),
(74, 'B10000017', 'NUEVA TECNOLOGÍA 017 S.L.', 'Responsable', '40003097W', 'Madrid - Fuencarral-El Pardo', 'Auxiliar', '2025-02-05', NULL, 'L-X-V 10:00-14:00', 10, 'Buen desempeño y actitud.'),
(74, 'B10000020', 'NUEVA COMERCIO 020 S.L.', 'Responsable', '40005432Z', 'Madrid - San Blas-Canillejas', 'Caja', '2025-03-03', '2026-01-21', 'L-V 09:00-13:00', 20, NULL),
(75, 'B10000004', 'IBÉRICA COMERCIO 004 S.L.', 'Responsable', '40008450L', 'Madrid - Arganzuela', 'Sala', '2024-08-22', '2024-09-29', 'L-V 09:00-13:00', 15, NULL),
(76, 'B10000026', 'GLOBAL SERVICIOS 026 S.L.', 'Responsable', '40004848M', 'Madrid - Usera', 'Sala', '2025-12-26', '2026-01-14', 'L-X-V 10:00-14:00', 20, NULL),
(76, 'B10000018', 'CENTRAL DISTRIBUCIÓN 018 S.L.', 'Responsable', '40009650T', 'Madrid - Carabanchel', 'Apoyo', '2024-05-04', '2025-02-24', 'L-V 09:00-13:00', 25, NULL),
(76, 'B10000025', 'EXPERTA TECNOLOGÍA 025 S.L.', 'Responsable', '40007087J', 'Madrid - Salamanca', 'Auxiliar', '2025-01-12', '2025-01-13', 'L-V 09:00-13:00', 12, 'Buen desempeño y actitud.'),
(77, 'B10000030', 'CENTRAL TECNOLOGÍA 030 S.L.', 'Responsable', '40007178N', 'Madrid - Puente de Vallecas', 'Operario/a', '2025-01-20', '2025-12-11', 'L-V 09:00-13:00', 25, NULL),
(78, 'B10000013', 'GLOBAL DISTRIBUCIÓN 013 S.L.', 'Responsable', '40005946E', 'Madrid - Retiro', 'Sala', '2024-05-19', '2025-06-18', 'L-X-V 10:00-14:00', 20, NULL),
(78, 'B10000028', 'NUEVA GESTIÓN 028 S.L.', 'Responsable', '40004090Y', 'Madrid - Villaverde', 'Caja', '2025-04-02', NULL, 'L-X-V 10:00-14:00', 12, NULL),
(78, 'B10000004', 'IBÉRICA COMERCIO 004 S.L.', 'Responsable', '40002929H', 'Madrid - Retiro', 'Caja', '2025-03-21', '2025-07-18', 'L-V 09:00-13:00', 25, 'Buen desempeño y actitud.'),
(78, 'B10000024', 'EXPERTA SERVICIOS 024 S.L.', 'Responsable', '40006650J', 'Madrid - Latina', 'Sala', '2025-02-05', '2025-03-18', 'L-V 09:00-13:00', 20, NULL),
(78, 'B10000011', 'URBANA HOSTELERÍA 011 S.L.', 'Responsable', '40000345X', 'Madrid - Centro', 'Caja', '2024-06-19', '2025-05-28', 'L-X-V 10:00-14:00', 30, NULL),
(79, 'B10000020', 'NUEVA COMERCIO 020 S.L.', 'Responsable', '40009975A', 'Madrid - Latina', 'Auxiliar', '2025-02-21', NULL, 'L-X-V 10:00-14:00', 30, 'Buen desempeño y actitud.'),
(79, 'B10000029', 'ALFA DISTRIBUCIÓN 029 S.L.', 'Responsable', '40006076Z', 'Madrid - Carabanchel', 'Sala', '2025-09-27', '2025-12-16', 'L-V 09:00-13:00', 10, 'Buen desempeño y actitud.'),
(80, 'B10000018', 'CENTRAL DISTRIBUCIÓN 018 S.L.', 'Responsable', '40001451N', 'Madrid - Ciudad Lineal', 'Caja', '2024-09-30', '2025-05-18', 'L-V 09:00-13:00', 12, NULL),
(80, 'B10000013', 'GLOBAL DISTRIBUCIÓN 013 S.L.', 'Responsable', '40009142K', 'Madrid - Latina', 'Sala', '2025-01-20', '2025-07-22', 'L-V 09:00-13:00', 15, 'Buen desempeño y actitud.'),
(81, 'B10000022', 'URBANA COMERCIO 022 S.L.', 'Responsable', '40006903J', 'Madrid - Villaverde', 'Sala', '2024-03-02', '2025-09-16', 'L-V 09:00-13:00', 20, 'Buen desempeño y actitud.'),
(81, 'B10000014', 'URBANA COMERCIO 014 S.L.', 'Responsable', '40002761B', 'Madrid - Carabanchel', 'Recepción', '2025-08-06', '2025-11-12', 'L-V 09:00-13:00', 15, NULL),
(82, 'B10000020', 'NUEVA COMERCIO 020 S.L.', 'Responsable', '40006154T', 'Madrid - Vicálvaro', 'Operario/a', '2025-12-20', '2026-01-06', 'L-X-V 10:00-14:00', 20, NULL),
(82, 'B10000003', 'ALFA GESTIÓN 003 S.L.', 'Responsable', '40002940Y', 'Madrid - Puente de Vallecas', 'Recepción', '2024-03-15', '2025-10-22', 'L-V 09:00-13:00', 20, NULL),
(82, 'B10000021', 'URBANA COMERCIO 021 S.L.', 'Responsable', '40001459C', 'Madrid - Hortaleza', 'Apoyo', '2024-09-26', '2025-12-21', 'L-V 09:00-13:00', 10, 'Buen desempeño y actitud.'),
(82, 'B10000014', 'URBANA COMERCIO 014 S.L.', 'Responsable', '40000229D', 'Madrid - Ciudad Lineal', 'Sala', '2024-08-12', '2026-01-07', 'L-V 09:00-13:00', 25, NULL),
(82, 'B10000015', 'NORTE TECNOLOGÍA 015 S.L.', 'Responsable', '40007595S', 'Madrid - Puente de Vallecas', 'Caja', '2025-01-26', '2025-06-13', 'L-V 09:00-13:00', 15, NULL),
(83, 'B10000020', 'NUEVA COMERCIO 020 S.L.', 'Responsable', '40009616N', 'Madrid - Carabanchel', 'Auxiliar', '2025-08-13', '2025-10-16', 'L-V 09:00-13:00', 12, NULL),
(83, 'B10000004', 'IBÉRICA COMERCIO 004 S.L.', 'Responsable', '40008729E', 'Madrid - Vicálvaro', 'Auxiliar', '2025-04-04', '2025-08-04', 'L-V 09:00-13:00', 25, NULL),
(84, 'B10000024', 'EXPERTA SERVICIOS 024 S.L.', 'Responsable', '40004574F', 'Madrid - Tetuán', 'Auxiliar', '2024-11-10', '2024-12-19', 'L-V 09:00-13:00', 20, NULL),
(84, 'B10000009', 'NUEVA GESTIÓN 009 S.L.', 'Responsable', '40006435M', 'Madrid - Puente de Vallecas', 'Recepción', '2024-01-25', NULL, 'L-V 09:00-13:00', 15, NULL),
(84, 'B10000016', 'NORTE DISTRIBUCIÓN 016 S.L.', 'Responsable', '40008198C', 'Madrid - Carabanchel', 'Apoyo', '2025-08-08', '2026-01-09', 'L-V 09:00-13:00', 25, NULL),
(84, 'B10000003', 'ALFA GESTIÓN 003 S.L.', 'Responsable', '40005470Y', 'Madrid - Tetuán', 'Auxiliar', '2025-04-08', '2025-07-24', 'L-V 09:00-13:00', 15, NULL),
(84, 'B10000006', 'CENTRAL COMERCIO 006 S.L.', 'Responsable', '40006223T', 'Madrid - Moratalaz', 'Caja', '2024-05-23', '2025-01-08', 'L-V 09:00-13:00', 10, NULL),
(85, 'B10000028', 'NUEVA GESTIÓN 028 S.L.', 'Responsable', '40008491Z', 'Madrid - Retiro', 'Recepción', '2024-10-15', NULL, 'L-X-V 10:00-14:00', 30, NULL),
(85, 'B10000007', 'EXPERTA GESTIÓN 007 S.L.', 'Responsable', '40000854J', 'Madrid - Salamanca', 'Sala', '2024-06-18', '2024-08-14', 'L-V 09:00-13:00', 15, NULL),
(85, 'B10000015', 'NORTE TECNOLOGÍA 015 S.L.', 'Responsable', '40005083X', 'Madrid - Usera', 'Auxiliar', '2025-01-17', '2025-02-22', 'L-V 09:00-13:00', 30, 'Buen desempeño y actitud.'),
(85, 'B10000023', 'URBANA SERVICIOS 023 S.L.', 'Responsable', '40002322D', 'Madrid - Carabanchel', 'Sala', '2024-04-23', '2024-11-01', 'L-V 09:00-13:00', 15, 'Buen desempeño y actitud.'),
(86, 'B10000006', 'CENTRAL COMERCIO 006 S.L.', 'Responsable', '40003158V', 'Madrid - Villa de Vallecas', 'Recepción', '2025-05-19', NULL, 'L-V 09:00-13:00', 12, NULL),
(86, 'B10000013', 'GLOBAL DISTRIBUCIÓN 013 S.L.', 'Responsable', '40002282S', 'Madrid - Villa de Vallecas', 'Operario/a', '2025-12-24', '2026-01-11', 'L-V 09:00-13:00', 10, 'Buen desempeño y actitud.'),
(86, 'B10000028', 'NUEVA GESTIÓN 028 S.L.', 'Responsable', '40004417B', 'Madrid - Fuencarral-El Pardo', 'Operario/a', '2025-08-30', NULL, 'L-X-V 10:00-14:00', 25, NULL),
(87, 'B10000009', 'NUEVA GESTIÓN 009 S.L.', 'Responsable', '40003174X', 'Madrid - San Blas-Canillejas', 'Recepción', '2024-05-09', '2025-06-20', 'L-X-V 10:00-14:00', 12, NULL),
(88, 'B10000015', 'NORTE TECNOLOGÍA 015 S.L.', 'Responsable', '40003052A', 'Madrid - Chamartín', 'Caja', '2025-06-21', '2025-12-01', 'L-V 09:00-13:00', 30, NULL),
(88, 'B10000006', 'CENTRAL COMERCIO 006 S.L.', 'Responsable', '40002089Y', 'Madrid - Puente de Vallecas', 'Operario/a', '2025-11-25', '2025-11-29', 'L-V 09:00-13:00', 15, NULL),
(89, 'B10000002', 'URBANA HOSTELERÍA 002 S.L.', 'Responsable', '40000025N', 'Madrid - Chamartín', 'Operario/a', '2024-02-24', '2024-03-11', 'L-V 09:00-13:00', 12, NULL),
(89, 'B10000021', 'URBANA COMERCIO 021 S.L.', 'Responsable', '40008174L', 'Madrid - Carabanchel', 'Auxiliar', '2024-09-25', '2025-01-16', 'L-V 09:00-13:00', 30, 'Buen desempeño y actitud.'),
(89, 'B10000024', 'EXPERTA SERVICIOS 024 S.L.', 'Responsable', '40004240H', 'Madrid - Usera', 'Apoyo', '2025-10-30', '2025-12-14', 'L-V 09:00-13:00', 12, NULL),
(90, 'B10000001', 'NORTE COMERCIO 001 S.L.', 'Responsable', '40003040Z', 'Madrid - Latina', 'Recepción', '2025-09-30', '2026-01-05', 'L-V 09:00-13:00', 15, 'Buen desempeño y actitud.'),
(90, 'B10000028', 'NUEVA GESTIÓN 028 S.L.', 'Responsable', '40007727D', 'Madrid - Moratalaz', 'Operario/a', '2025-03-07', '2025-03-28', 'L-V 09:00-13:00', 15, 'Buen desempeño y actitud.'),
(90, 'B10000004', 'IBÉRICA COMERCIO 004 S.L.', 'Responsable', '40000323B', 'Madrid - Moratalaz', 'Operario/a', '2024-11-02', NULL, 'L-V 09:00-13:00', 20, 'Buen desempeño y actitud.'),
(90, 'B10000002', 'URBANA HOSTELERÍA 002 S.L.', 'Responsable', '40003841X', 'Madrid - Latina', 'Recepción', '2024-01-10', '2024-07-20', 'L-V 09:00-13:00', 30, NULL),
(90, 'B10000028', 'NUEVA GESTIÓN 028 S.L.', 'Responsable', '40000449E', 'Madrid - Salamanca', 'Recepción', '2025-08-22', '2025-12-04', 'L-X-V 10:00-14:00', 20, 'Buen desempeño y actitud.'),
(91, 'B10000027', 'EXPERTA COMERCIO 027 S.L.', 'Responsable', '40002246W', 'Madrid - Moratalaz', 'Operario/a', '2025-01-07', '2026-01-31', 'L-V 09:00-13:00', 12, NULL),
(92, 'B10000003', 'ALFA GESTIÓN 003 S.L.', 'Responsable', '40008481G', 'Madrid - Tetuán', 'Recepción', '2024-12-25', '2025-11-20', 'L-V 09:00-13:00', 20, NULL),
(92, 'B10000009', 'NUEVA GESTIÓN 009 S.L.', 'Responsable', '40007047L', 'Madrid - Hortaleza', 'Recepción', '2025-01-12', '2025-02-01', 'L-V 09:00-13:00', 20, 'Buen desempeño y actitud.'),
(92, 'B10000007', 'EXPERTA GESTIÓN 007 S.L.', 'Responsable', '40008453E', 'Madrid - Salamanca', 'Recepción', '2025-08-29', '2025-09-30', 'L-V 09:00-13:00', 30, NULL),
(93, 'B10000004', 'IBÉRICA COMERCIO 004 S.L.', 'Responsable', '40007614B', 'Madrid - Vicálvaro', 'Recepción', '2024-12-23', '2025-11-21', 'L-V 09:00-13:00', 25, NULL),
(93, 'B10000006', 'CENTRAL COMERCIO 006 S.L.', 'Responsable', '40006201R', 'Madrid - Barajas', 'Apoyo', '2024-01-18', '2024-09-19', 'L-X-V 10:00-14:00', 25, NULL),
(94, 'B10000006', 'CENTRAL COMERCIO 006 S.L.', 'Responsable', '40000316G', 'Madrid - Barajas', 'Apoyo', '2026-01-10', '2026-01-30', 'L-V 09:00-13:00', 15, NULL),
(94, 'B10000016', 'NORTE DISTRIBUCIÓN 016 S.L.', 'Responsable', '40001691E', 'Madrid - Moratalaz', 'Auxiliar', '2024-10-15', '2025-07-10', 'L-V 09:00-13:00', 15, NULL),
(94, 'B10000012', 'IBÉRICA LOGÍSTICA 012 S.L.', 'Responsable', '40003775J', 'Madrid - Vicálvaro', 'Operario/a', '2024-09-03', '2026-01-03', 'L-X-V 10:00-14:00', 30, NULL),
(95, 'B10000001', 'NORTE COMERCIO 001 S.L.', 'Responsable', '40007912X', 'Madrid - Centro', 'Operario/a', '2024-06-28', NULL, 'L-V 09:00-13:00', 12, NULL),
(95, 'B10000003', 'ALFA GESTIÓN 003 S.L.', 'Responsable', '40003269J', 'Madrid - Puente de Vallecas', 'Operario/a', '2024-11-06', NULL, 'L-X-V 10:00-14:00', 30, NULL),
(95, 'B10000003', 'ALFA GESTIÓN 003 S.L.', 'Responsable', '40004841K', 'Madrid - Puente de Vallecas', 'Caja', '2025-10-03', '2025-12-17', 'L-V 09:00-13:00', 10, NULL),
(96, 'B10000025', 'EXPERTA TECNOLOGÍA 025 S.L.', 'Responsable', '40001995G', 'Madrid - Puente de Vallecas', 'Caja', '2024-03-10', '2025-05-19', 'L-X-V 10:00-14:00', 20, 'Buen desempeño y actitud.'),
(96, 'B10000022', 'URBANA COMERCIO 022 S.L.', 'Responsable', '40004460P', 'Madrid - Retiro', 'Operario/a', '2024-05-07', '2025-05-09', 'L-V 09:00-13:00', 10, 'Buen desempeño y actitud.'),
(96, 'B10000016', 'NORTE DISTRIBUCIÓN 016 S.L.', 'Responsable', '40004662A', 'Madrid - Puente de Vallecas', 'Recepción', '2024-03-01', '2025-12-27', 'L-X-V 10:00-14:00', 12, NULL),
(96, 'B10000012', 'IBÉRICA LOGÍSTICA 012 S.L.', 'Responsable', '40005089Q', 'Madrid - Hortaleza', 'Apoyo', '2025-09-14', '2025-10-18', 'L-V 09:00-13:00', 15, 'Buen desempeño y actitud.'),
(96, 'B10000024', 'EXPERTA SERVICIOS 024 S.L.', 'Responsable', '40004187B', 'Madrid - Barajas', 'Caja', '2024-02-10', '2025-03-02', 'L-X-V 10:00-14:00', 10, 'Buen desempeño y actitud.'),
(97, 'B10000024', 'EXPERTA SERVICIOS 024 S.L.', 'Responsable', '40004505F', 'Madrid - Villa de Vallecas', 'Recepción', '2025-12-21', '2026-01-13', 'L-X-V 10:00-14:00', 25, NULL),
(97, 'B10000015', 'NORTE TECNOLOGÍA 015 S.L.', 'Responsable', '40005211T', 'Madrid - Hortaleza', 'Caja', '2025-11-24', '2025-11-27', 'L-V 09:00-13:00', 10, NULL),
(97, 'B10000025', 'EXPERTA TECNOLOGÍA 025 S.L.', 'Responsable', '40008819C', 'Madrid - Vicálvaro', 'Sala', '2024-09-16', '2025-12-19', 'L-X-V 10:00-14:00', 30, 'Buen desempeño y actitud.'),
(98, 'B10000006', 'CENTRAL COMERCIO 006 S.L.', 'Responsable', '40003559G', 'Madrid - Villaverde', 'Sala', '2025-07-21', '2025-08-31', 'L-V 09:00-13:00', 10, 'Buen desempeño y actitud.'),
(98, 'B10000024', 'EXPERTA SERVICIOS 024 S.L.', 'Responsable', '40009436Q', 'Madrid - Ciudad Lineal', 'Recepción', '2025-04-07', NULL, 'L-V 09:00-13:00', 10, NULL),
(98, 'B10000008', 'NORTE SOLUCIONES 008 S.L.', 'Responsable', '40003934B', 'Madrid - Hortaleza', 'Operario/a', '2024-04-26', '2024-06-12', 'L-X-V 10:00-14:00', 10, 'Buen desempeño y actitud.'),
(99, 'B10000001', 'NORTE COMERCIO 001 S.L.', 'Responsable', '40009536R', 'Madrid - Villaverde', 'Auxiliar', '2025-12-21', '2026-01-17', 'L-V 09:00-13:00', 20, 'Buen desempeño y actitud.'),
(99, 'B10000028', 'NUEVA GESTIÓN 028 S.L.', 'Responsable', '40004839L', 'Madrid - Chamartín', 'Sala', '2024-01-15', '2025-11-10', 'L-V 09:00-13:00', 15, 'Buen desempeño y actitud.'),
(99, 'B10000012', 'IBÉRICA LOGÍSTICA 012 S.L.', 'Responsable', '40007158S', 'Madrid - Hortaleza', 'Recepción', '2024-09-08', NULL, 'L-V 09:00-13:00', 15, NULL),
(99, 'B10000002', 'URBANA HOSTELERÍA 002 S.L.', 'Responsable', '40000858V', 'Madrid - Tetuán', 'Recepción', '2025-04-27', '2025-12-13', 'L-V 09:00-13:00', 12, 'Buen desempeño y actitud.'),
(99, 'B10000021', 'URBANA COMERCIO 021 S.L.', 'Responsable', '40002910E', 'Madrid - Vicálvaro', 'Auxiliar', '2024-12-05', '2025-04-27', 'L-V 09:00-13:00', 15, 'Buen desempeño y actitud.'),
(100, 'B10000024', 'EXPERTA SERVICIOS 024 S.L.', 'Responsable', '40000757P', 'Madrid - Retiro', 'Operario/a', '2025-03-22', '2025-04-06', 'L-X-V 10:00-14:00', 10, 'Buen desempeño y actitud.'),
(100, 'B10000017', 'NUEVA TECNOLOGÍA 017 S.L.', 'Responsable', '40000239L', 'Madrid - Carabanchel', 'Apoyo', '2025-06-24', '2025-07-04', 'L-V 09:00-13:00', 15, NULL);

INSERT INTO interviews (student_id, place, interview_date, status, notes) VALUES
(1, 'EXPERTA GESTIÓN 007 S.L. - RRHH', '2025-09-28', 'sent', NULL),
(2, 'EXPERTA TECNOLOGÍA 025 S.L. - RRHH', '2025-08-04', 'sent', NULL),
(2, 'ALFA DISTRIBUCIÓN 029 S.L. - RRHH', '2025-06-25', 'sent', NULL),
(2, 'CENTRAL DISTRIBUCIÓN 018 S.L. - RRHH', '2025-02-28', 'attended', NULL),
(3, 'EXPERTA TECNOLOGÍA 025 S.L. - RRHH', '2025-12-24', 'attended', NULL),
(3, 'URBANA SERVICIOS 023 S.L. - RRHH', '2025-01-23', 'sent', NULL),
(3, 'NORTE SOLUCIONES 008 S.L. - RRHH', '2025-07-08', 'attended', NULL),
(4, 'NUEVA TECNOLOGÍA 017 S.L. - RRHH', '2025-01-25', 'attended', NULL),
(4, 'NORTE DISTRIBUCIÓN 016 S.L. - RRHH', '2025-08-08', 'attended', NULL),
(4, 'EXPERTA TECNOLOGÍA 025 S.L. - RRHH', '2025-06-17', 'no_show', 'No asistió. Reprogramar si procede.'),
(5, 'NUEVA GESTIÓN 009 S.L. - RRHH', '2025-04-30', 'sent', NULL),
(6, 'URBANA HOSTELERÍA 002 S.L. - RRHH', '2025-04-18', 'attended', NULL),
(7, 'CENTRAL TECNOLOGÍA 030 S.L. - RRHH', '2025-09-06', 'attended', NULL),
(7, 'EXPERTA TECNOLOGÍA 025 S.L. - RRHH', '2025-11-05', 'attended', NULL),
(7, 'URBANA SERVICIOS 023 S.L. - RRHH', '2025-07-06', 'attended', NULL),
(8, 'ALFA GESTIÓN 003 S.L. - RRHH', '2025-12-16', 'sent', NULL),
(8, 'ALFA GESTIÓN 003 S.L. - RRHH', '2025-05-11', 'attended', NULL),
(8, 'CENTRAL TECNOLOGÍA 030 S.L. - RRHH', '2025-11-23', 'attended', NULL),
(9, 'CENTRAL DISTRIBUCIÓN 018 S.L. - RRHH', '2025-01-01', 'attended', NULL),
(10, 'ALFA DISTRIBUCIÓN 029 S.L. - RRHH', '2026-01-06', 'attended', NULL),
(11, 'NORTE TECNOLOGÍA 015 S.L. - RRHH', '2025-01-15', 'sent', NULL),
(12, 'URBANA COMERCIO 014 S.L. - RRHH', '2025-02-12', 'sent', NULL),
(13, 'EXPERTA SERVICIOS 024 S.L. - RRHH', '2025-08-19', 'attended', NULL),
(13, 'URBANA HOSTELERÍA 011 S.L. - RRHH', '2025-06-21', 'attended', NULL),
(14, 'URBANA HOSTELERÍA 011 S.L. - RRHH', '2025-06-29', 'attended', NULL),
(15, 'URBANA SERVICIOS 023 S.L. - RRHH', '2025-10-16', 'attended', NULL),
(16, 'GLOBAL LOGÍSTICA 019 S.L. - RRHH', '2025-05-05', 'sent', NULL),
(17, 'ALFA GESTIÓN 003 S.L. - RRHH', '2025-01-11', 'sent', NULL),
(17, 'URBANA COMERCIO 021 S.L. - RRHH', '2026-01-31', 'sent', NULL),
(17, 'NUEVA TECNOLOGÍA 017 S.L. - RRHH', '2025-07-06', 'sent', NULL),
(18, 'IBÉRICA LOGÍSTICA 012 S.L. - RRHH', '2026-01-20', 'sent', NULL),
(18, 'IBÉRICA LOGÍSTICA 012 S.L. - RRHH', '2025-05-31', 'sent', NULL),
(19, 'NUEVA GESTIÓN 028 S.L. - RRHH', '2025-09-06', 'sent', NULL),
(19, 'NORTE TECNOLOGÍA 015 S.L. - RRHH', '2025-05-27', 'sent', NULL),
(19, 'URBANA SERVICIOS 023 S.L. - RRHH', '2025-09-19', 'sent', NULL),
(20, 'NORTE COMERCIO 001 S.L. - RRHH', '2025-09-23', 'sent', NULL),
(20, 'NORTE TECNOLOGÍA 015 S.L. - RRHH', '2025-01-13', 'sent', NULL),
(21, 'NUEVA COMERCIO 020 S.L. - RRHH', '2025-05-02', 'attended', NULL),
(21, 'URBANA COMERCIO 022 S.L. - RRHH', '2025-11-06', 'sent', NULL),
(22, 'EXPERTA SERVICIOS 024 S.L. - RRHH', '2025-02-23', 'no_show', 'No asistió. Reprogramar si procede.'),
(23, 'EXPERTA SERVICIOS 024 S.L. - RRHH', '2025-09-29', 'attended', NULL),
(23, 'NORTE SOLUCIONES 008 S.L. - RRHH', '2025-09-08', 'sent', NULL),
(23, 'CENTRAL LOGÍSTICA 010 S.L. - RRHH', '2026-01-03', 'sent', NULL),
(24, 'NORTE SOLUCIONES 008 S.L. - RRHH', '2025-11-30', 'sent', NULL),
(24, 'EXPERTA SERVICIOS 024 S.L. - RRHH', '2025-07-18', 'attended', NULL),
(24, 'CENTRAL TECNOLOGÍA 030 S.L. - RRHH', '2025-04-17', 'sent', NULL),
(25, 'URBANA COMERCIO 022 S.L. - RRHH', '2025-03-06', 'attended', NULL),
(25, 'NORTE SOLUCIONES 008 S.L. - RRHH', '2025-07-20', 'sent', NULL),
(26, 'URBANA SERVICIOS 023 S.L. - RRHH', '2025-11-07', 'no_show', 'No asistió. Reprogramar si procede.'),
(27, 'NORTE COMERCIO 001 S.L. - RRHH', '2025-01-02', 'sent', NULL),
(27, 'NUEVA COMERCIO 020 S.L. - RRHH', '2025-08-21', 'sent', NULL),
(28, 'EXPERTA TECNOLOGÍA 025 S.L. - RRHH', '2025-04-22', 'sent', NULL),
(28, 'NUEVA GESTIÓN 028 S.L. - RRHH', '2025-09-23', 'sent', NULL),
(28, 'EXPERTA SERVICIOS 024 S.L. - RRHH', '2025-10-02', 'no_show', 'No asistió. Reprogramar si procede.'),
(29, 'URBANA HOSTELERÍA 011 S.L. - RRHH', '2025-03-26', 'no_show', 'No asistió. Reprogramar si procede.'),
(30, 'EXPERTA SERVICIOS 024 S.L. - RRHH', '2025-10-14', 'attended', NULL),
(30, 'NORTE TECNOLOGÍA 015 S.L. - RRHH', '2025-01-19', 'sent', NULL),
(31, 'URBANA COMERCIO 022 S.L. - RRHH', '2025-04-09', 'sent', NULL),
(31, 'URBANA HOSTELERÍA 011 S.L. - RRHH', '2025-07-15', 'attended', NULL),
(31, 'NORTE SOLUCIONES 008 S.L. - RRHH', '2025-05-08', 'attended', NULL),
(32, 'URBANA HOSTELERÍA 002 S.L. - RRHH', '2025-11-15', 'sent', NULL),
(32, 'NORTE TECNOLOGÍA 015 S.L. - RRHH', '2025-11-21', 'sent', NULL),
(32, 'URBANA COMERCIO 014 S.L. - RRHH', '2025-06-07', 'sent', NULL),
(33, 'GLOBAL SERVICIOS 026 S.L. - RRHH', '2025-07-15', 'sent', NULL),
(34, 'EXPERTA TECNOLOGÍA 025 S.L. - RRHH', '2025-04-12', 'sent', NULL),
(34, 'NUEVA COMERCIO 020 S.L. - RRHH', '2026-01-26', 'attended', NULL),
(35, 'NORTE TECNOLOGÍA 015 S.L. - RRHH', '2025-01-09', 'sent', NULL),
(35, 'GLOBAL DISTRIBUCIÓN 013 S.L. - RRHH', '2025-09-18', 'attended', NULL),
(35, 'IBÉRICA COMERCIO 004 S.L. - RRHH', '2025-08-09', 'attended', NULL),
(36, 'ALFA GESTIÓN 003 S.L. - RRHH', '2025-11-05', 'sent', NULL),
(36, 'IBÉRICA LOGÍSTICA 012 S.L. - RRHH', '2025-06-30', 'attended', NULL),
(36, 'URBANA COMERCIO 021 S.L. - RRHH', '2025-03-27', 'sent', NULL),
(37, 'ALFA GESTIÓN 003 S.L. - RRHH', '2025-02-26', 'sent', NULL),
(38, 'CENTRAL TECNOLOGÍA 030 S.L. - RRHH', '2025-05-09', 'attended', NULL),
(38, 'IBÉRICA COMERCIO 004 S.L. - RRHH', '2025-12-13', 'sent', NULL),
(38, 'CENTRAL DISTRIBUCIÓN 018 S.L. - RRHH', '2025-06-14', 'attended', NULL),
(39, 'EXPERTA COMERCIO 027 S.L. - RRHH', '2025-09-25', 'sent', NULL),
(39, 'NUEVA GESTIÓN 028 S.L. - RRHH', '2025-06-28', 'sent', NULL),
(39, 'URBANA COMERCIO 021 S.L. - RRHH', '2025-12-05', 'sent', NULL),
(40, 'EXPERTA GESTIÓN 007 S.L. - RRHH', '2025-07-09', 'sent', NULL),
(41, 'URBANA COMERCIO 022 S.L. - RRHH', '2026-01-25', 'sent', NULL),
(42, 'NORTE COMERCIO 001 S.L. - RRHH', '2025-06-30', 'attended', NULL),
(42, 'CENTRAL DISTRIBUCIÓN 018 S.L. - RRHH', '2025-11-03', 'sent', NULL),
(43, 'NUEVA TECNOLOGÍA 017 S.L. - RRHH', '2025-09-29', 'attended', NULL),
(43, 'EXPERTA GESTIÓN 007 S.L. - RRHH', '2025-01-06', 'sent', NULL),
(43, 'URBANA COMERCIO 022 S.L. - RRHH', '2025-12-07', 'sent', NULL),
(44, 'IBÉRICA LOGÍSTICA 012 S.L. - RRHH', '2025-06-11', 'sent', NULL),
(44, 'CENTRAL TECNOLOGÍA 030 S.L. - RRHH', '2025-06-21', 'attended', NULL),
(44, 'NORTE TECNOLOGÍA 005 S.L. - RRHH', '2025-11-22', 'sent', NULL),
(45, 'CENTRAL COMERCIO 006 S.L. - RRHH', '2025-09-02', 'attended', NULL),
(46, 'NUEVA TECNOLOGÍA 017 S.L. - RRHH', '2025-04-29', 'attended', NULL),
(46, 'URBANA SERVICIOS 023 S.L. - RRHH', '2025-06-27', 'sent', NULL),
(46, 'NUEVA GESTIÓN 028 S.L. - RRHH', '2025-03-03', 'sent', NULL),
(47, 'NORTE DISTRIBUCIÓN 016 S.L. - RRHH', '2025-11-06', 'sent', NULL),
(47, 'CENTRAL DISTRIBUCIÓN 018 S.L. - RRHH', '2025-05-04', 'no_show', 'No asistió. Reprogramar si procede.'),
(48, 'CENTRAL TECNOLOGÍA 030 S.L. - RRHH', '2025-03-26', 'sent', NULL),
(48, 'URBANA HOSTELERÍA 002 S.L. - RRHH', '2025-02-15', 'sent', NULL),
(48, 'EXPERTA TECNOLOGÍA 025 S.L. - RRHH', '2025-01-16', 'sent', NULL),
(49, 'EXPERTA COMERCIO 027 S.L. - RRHH', '2025-09-23', 'no_show', 'No asistió. Reprogramar si procede.'),
(50, 'URBANA COMERCIO 014 S.L. - RRHH', '2026-01-22', 'no_show', 'No asistió. Reprogramar si procede.'),
(51, 'URBANA COMERCIO 021 S.L. - RRHH', '2025-11-14', 'attended', NULL),
(51, 'EXPERTA GESTIÓN 007 S.L. - RRHH', '2025-01-21', 'attended', NULL),
(51, 'EXPERTA TECNOLOGÍA 025 S.L. - RRHH', '2025-08-12', 'attended', NULL),
(52, 'URBANA COMERCIO 021 S.L. - RRHH', '2025-08-30', 'sent', NULL),
(52, 'NUEVA GESTIÓN 028 S.L. - RRHH', '2025-08-20', 'no_show', 'No asistió. Reprogramar si procede.'),
(53, 'EXPERTA SERVICIOS 024 S.L. - RRHH', '2025-06-24', 'attended', NULL),
(53, 'NUEVA TECNOLOGÍA 017 S.L. - RRHH', '2025-12-09', 'no_show', 'No asistió. Reprogramar si procede.'),
(53, 'URBANA HOSTELERÍA 011 S.L. - RRHH', '2025-10-09', 'sent', NULL),
(54, 'ALFA DISTRIBUCIÓN 029 S.L. - RRHH', '2025-08-02', 'sent', NULL),
(54, 'NUEVA COMERCIO 020 S.L. - RRHH', '2025-03-26', 'sent', NULL),
(55, 'ALFA GESTIÓN 003 S.L. - RRHH', '2025-04-01', 'sent', NULL),
(56, 'EXPERTA GESTIÓN 007 S.L. - RRHH', '2025-03-03', 'sent', NULL),
(57, 'NORTE DISTRIBUCIÓN 016 S.L. - RRHH', '2025-12-13', 'attended', NULL),
(57, 'GLOBAL SERVICIOS 026 S.L. - RRHH', '2025-10-14', 'attended', NULL),
(57, 'NUEVA GESTIÓN 009 S.L. - RRHH', '2025-08-19', 'sent', NULL),
(58, 'CENTRAL COMERCIO 006 S.L. - RRHH', '2025-03-26', 'sent', NULL),
(58, 'NUEVA GESTIÓN 009 S.L. - RRHH', '2025-09-17', 'sent', NULL),
(59, 'URBANA SERVICIOS 023 S.L. - RRHH', '2025-07-21', 'sent', NULL),
(59, 'NORTE DISTRIBUCIÓN 016 S.L. - RRHH', '2025-12-19', 'attended', NULL),
(59, 'ALFA GESTIÓN 003 S.L. - RRHH', '2025-04-02', 'sent', NULL),
(60, 'NORTE SOLUCIONES 008 S.L. - RRHH', '2025-05-15', 'attended', NULL),
(60, 'IBÉRICA LOGÍSTICA 012 S.L. - RRHH', '2025-05-02', 'sent', NULL),
(61, 'URBANA HOSTELERÍA 002 S.L. - RRHH', '2025-06-30', 'sent', NULL),
(61, 'EXPERTA SERVICIOS 024 S.L. - RRHH', '2025-07-04', 'sent', NULL),
(62, 'NORTE COMERCIO 001 S.L. - RRHH', '2025-11-23', 'sent', NULL),
(63, 'URBANA SERVICIOS 023 S.L. - RRHH', '2025-11-07', 'sent', NULL),
(64, 'IBÉRICA LOGÍSTICA 012 S.L. - RRHH', '2025-04-23', 'no_show', 'No asistió. Reprogramar si procede.'),
(64, 'IBÉRICA LOGÍSTICA 012 S.L. - RRHH', '2025-11-17', 'attended', NULL),
(64, 'GLOBAL DISTRIBUCIÓN 013 S.L. - RRHH', '2025-12-06', 'sent', NULL),
(65, 'EXPERTA COMERCIO 027 S.L. - RRHH', '2026-01-14', 'sent', NULL),
(65, 'NUEVA GESTIÓN 028 S.L. - RRHH', '2025-05-31', 'sent', NULL),
(65, 'NUEVA COMERCIO 020 S.L. - RRHH', '2025-04-19', 'sent', NULL),
(66, 'NUEVA TECNOLOGÍA 017 S.L. - RRHH', '2025-09-21', 'sent', NULL),
(67, 'URBANA HOSTELERÍA 002 S.L. - RRHH', '2025-08-10', 'attended', NULL),
(67, 'EXPERTA COMERCIO 027 S.L. - RRHH', '2025-08-17', 'sent', NULL),
(68, 'ALFA GESTIÓN 003 S.L. - RRHH', '2025-01-10', 'sent', NULL),
(68, 'GLOBAL SERVICIOS 026 S.L. - RRHH', '2025-09-03', 'attended', NULL),
(69, 'NORTE COMERCIO 001 S.L. - RRHH', '2025-07-01', 'attended', NULL),
(69, 'NORTE COMERCIO 001 S.L. - RRHH', '2025-06-03', 'attended', NULL),
(69, 'IBÉRICA LOGÍSTICA 012 S.L. - RRHH', '2026-01-31', 'sent', NULL),
(70, 'NORTE COMERCIO 001 S.L. - RRHH', '2025-04-15', 'no_show', 'No asistió. Reprogramar si procede.'),
(70, 'NUEVA COMERCIO 020 S.L. - RRHH', '2025-07-27', 'attended', NULL),
(71, 'EXPERTA COMERCIO 027 S.L. - RRHH', '2025-05-26', 'sent', NULL),
(72, 'GLOBAL LOGÍSTICA 019 S.L. - RRHH', '2025-07-31', 'attended', NULL),
(73, 'CENTRAL LOGÍSTICA 010 S.L. - RRHH', '2025-02-18', 'sent', NULL),
(73, 'NORTE COMERCIO 001 S.L. - RRHH', '2025-02-19', 'sent', NULL),
(73, 'URBANA COMERCIO 021 S.L. - RRHH', '2026-01-16', 'sent', NULL),
(74, 'URBANA COMERCIO 022 S.L. - RRHH', '2025-06-18', 'no_show', 'No asistió. Reprogramar si procede.'),
(74, 'URBANA HOSTELERÍA 011 S.L. - RRHH', '2026-01-05', 'attended', NULL),
(75, 'CENTRAL TECNOLOGÍA 030 S.L. - RRHH', '2025-05-15', 'attended', NULL),
(75, 'NORTE TECNOLOGÍA 005 S.L. - RRHH', '2025-11-20', 'attended', NULL),
(75, 'ALFA GESTIÓN 003 S.L. - RRHH', '2025-08-21', 'sent', NULL),
(76, 'IBÉRICA LOGÍSTICA 012 S.L. - RRHH', '2025-02-28', 'sent', NULL),
(76, 'ALFA DISTRIBUCIÓN 029 S.L. - RRHH', '2025-11-21', 'sent', NULL),
(77, 'GLOBAL DISTRIBUCIÓN 013 S.L. - RRHH', '2025-08-26', 'sent', NULL),
(77, 'NORTE DISTRIBUCIÓN 016 S.L. - RRHH', '2025-07-30', 'sent', NULL),
(78, 'EXPERTA TECNOLOGÍA 025 S.L. - RRHH', '2026-01-19', 'sent', NULL),
(78, 'EXPERTA GESTIÓN 007 S.L. - RRHH', '2025-08-21', 'sent', NULL),
(78, 'NORTE TECNOLOGÍA 005 S.L. - RRHH', '2025-09-12', 'sent', NULL),
(79, 'EXPERTA TECNOLOGÍA 025 S.L. - RRHH', '2025-09-10', 'sent', NULL),
(80, 'URBANA HOSTELERÍA 002 S.L. - RRHH', '2025-01-11', 'sent', NULL),
(80, 'CENTRAL LOGÍSTICA 010 S.L. - RRHH', '2025-12-26', 'sent', NULL),
(81, 'NORTE DISTRIBUCIÓN 016 S.L. - RRHH', '2025-11-11', 'sent', NULL),
(82, 'NUEVA COMERCIO 020 S.L. - RRHH', '2025-07-21', 'attended', NULL),
(82, 'NORTE TECNOLOGÍA 015 S.L. - RRHH', '2025-06-11', 'attended', NULL),
(82, 'NUEVA COMERCIO 020 S.L. - RRHH', '2025-06-05', 'no_show', 'No asistió. Reprogramar si procede.'),
(83, 'URBANA COMERCIO 021 S.L. - RRHH', '2025-08-31', 'attended', NULL),
(83, 'EXPERTA COMERCIO 027 S.L. - RRHH', '2026-01-28', 'sent', NULL),
(83, 'EXPERTA GESTIÓN 007 S.L. - RRHH', '2025-06-28', 'attended', NULL),
(84, 'URBANA SERVICIOS 023 S.L. - RRHH', '2025-11-29', 'sent', NULL),
(84, 'CENTRAL COMERCIO 006 S.L. - RRHH', '2025-03-08', 'attended', NULL),
(85, 'URBANA HOSTELERÍA 011 S.L. - RRHH', '2025-09-20', 'sent', NULL),
(85, 'NORTE TECNOLOGÍA 015 S.L. - RRHH', '2025-06-25', 'sent', NULL),
(85, 'CENTRAL DISTRIBUCIÓN 018 S.L. - RRHH', '2025-05-31', 'attended', NULL),
(86, 'URBANA COMERCIO 014 S.L. - RRHH', '2025-11-14', 'no_show', 'No asistió. Reprogramar si procede.'),
(87, 'URBANA SERVICIOS 023 S.L. - RRHH', '2025-07-03', 'sent', NULL),
(87, 'CENTRAL COMERCIO 006 S.L. - RRHH', '2025-08-22', 'attended', NULL),
(87, 'CENTRAL TECNOLOGÍA 030 S.L. - RRHH', '2025-12-19', 'attended', NULL),
(88, 'URBANA COMERCIO 014 S.L. - RRHH', '2025-11-07', 'sent', NULL),
(88, 'GLOBAL LOGÍSTICA 019 S.L. - RRHH', '2025-10-02', 'attended', NULL),
(88, 'IBÉRICA COMERCIO 004 S.L. - RRHH', '2025-07-02', 'sent', NULL),
(89, 'CENTRAL TECNOLOGÍA 030 S.L. - RRHH', '2025-09-03', 'no_show', 'No asistió. Reprogramar si procede.'),
(89, 'IBÉRICA LOGÍSTICA 012 S.L. - RRHH', '2025-08-26', 'no_show', 'No asistió. Reprogramar si procede.'),
(90, 'URBANA COMERCIO 022 S.L. - RRHH', '2025-01-18', 'no_show', 'No asistió. Reprogramar si procede.'),
(90, 'URBANA SERVICIOS 023 S.L. - RRHH', '2025-06-28', 'attended', NULL),
(91, 'NORTE TECNOLOGÍA 015 S.L. - RRHH', '2025-12-06', 'sent', NULL),
(91, 'NUEVA TECNOLOGÍA 017 S.L. - RRHH', '2025-01-01', 'sent', NULL),
(91, 'CENTRAL LOGÍSTICA 010 S.L. - RRHH', '2025-07-06', 'sent', NULL),
(92, 'EXPERTA GESTIÓN 007 S.L. - RRHH', '2025-08-04', 'sent', NULL),
(93, 'EXPERTA TECNOLOGÍA 025 S.L. - RRHH', '2025-07-29', 'sent', NULL),
(93, 'ALFA DISTRIBUCIÓN 029 S.L. - RRHH', '2025-02-28', 'attended', NULL),
(93, 'NORTE TECNOLOGÍA 005 S.L. - RRHH', '2025-08-19', 'sent', NULL),
(94, 'URBANA SERVICIOS 023 S.L. - RRHH', '2025-09-14', 'sent', NULL),
(95, 'CENTRAL TECNOLOGÍA 030 S.L. - RRHH', '2025-01-25', 'no_show', 'No asistió. Reprogramar si procede.'),
(95, 'ALFA DISTRIBUCIÓN 029 S.L. - RRHH', '2025-08-04', 'sent', NULL),
(96, 'ALFA DISTRIBUCIÓN 029 S.L. - RRHH', '2025-04-07', 'sent', NULL),
(96, 'CENTRAL LOGÍSTICA 010 S.L. - RRHH', '2025-03-03', 'sent', NULL),
(97, 'EXPERTA TECNOLOGÍA 025 S.L. - RRHH', '2025-11-23', 'sent', NULL),
(97, 'URBANA HOSTELERÍA 011 S.L. - RRHH', '2026-01-22', 'no_show', 'No asistió. Reprogramar si procede.'),
(98, 'NORTE SOLUCIONES 008 S.L. - RRHH', '2025-01-04', 'sent', NULL),
(99, 'NORTE SOLUCIONES 008 S.L. - RRHH', '2025-10-25', 'sent', NULL),
(99, 'EXPERTA GESTIÓN 007 S.L. - RRHH', '2025-08-26', 'sent', NULL),
(99, 'URBANA COMERCIO 021 S.L. - RRHH', '2025-09-02', 'attended', NULL),
(100, 'CENTRAL LOGÍSTICA 010 S.L. - RRHH', '2025-12-23', 'sent', NULL);

INSERT INTO hiring_contracts (student_id, company_nif, company_name, sector, start_date, end_date, workday_pct, contribution_group, contract_type, weekly_hours, contributed_days, notes) VALUES
(1, 'B10000001', 'NORTE COMERCIO 001 S.L.', 'Atención al cliente', '2025-01-15', '2025-09-15', 'Tiempo Completo', 'OFICIALES ADMINISTRATIVOS', 'Duración Determinada', 40, 200, 'Contrato full-time largo (dataset) para pruebas de liquidación.'),
(1, 'B10000022', 'URBANA COMERCIO 022 S.L.', 'Seguridad', '2024-01-29', '2024-09-08', 'Tiempo Parcial', 'AUXILIARES ADMINISTRATIVOS', 'Duración Determinada', 30, 243, NULL),
(1, 'B10000020', 'NUEVA COMERCIO 020 S.L.', 'Sanidad', '2025-09-14', '2025-10-30', '100%', 'PEONES', 'Duración Determinada', NULL, 45, NULL),
(1, 'B10000006', 'CENTRAL COMERCIO 006 S.L.', 'Logística', '2024-10-30', '2024-12-25', 'Fijo Discontínuo', 'TRABAJADORES MENORES DE DIECIOCHO AÑOS, CUALQUIERA QUE SEA SU CATEGORÍA PROFESIONAL', 'Duración Determinada', 20, 51, 'Contrato para seguimiento de inserción.'),
(1, 'B10000026', 'GLOBAL SERVICIOS 026 S.L.', 'Seguridad', '2024-03-28', '2024-10-06', 'Tiempo Parcial', 'OFICIALES DE TERCERA Y ESPECIALISTAS', 'Temporal', 40, 176, NULL),
(1, 'B10000025', 'EXPERTA TECNOLOGÍA 025 S.L.', 'Sanidad', '2024-12-15', '2025-05-30', 'Tiempo Completo', 'OFICIALES DE PRIMERA Y SEGUNDA', 'Duración Determinada', 40, 153, NULL),
(1, 'B10000009', 'NUEVA GESTIÓN 009 S.L.', 'Atención al cliente', '2024-10-19', '2024-12-07', 'Tiempo Parcial', 'OFICIALES DE TERCERA Y ESPECIALISTAS', 'Temporal', 40, 51, NULL),
(1, 'B10000014', 'URBANA COMERCIO 014 S.L.', 'Limpieza', '2024-11-19', '2025-01-22', 'Fijo Discontínuo', 'OFICIALES ADMINISTRATIVOS', 'Duración Determinada', 30, 70, NULL),
(1, 'B10000021', 'URBANA COMERCIO 021 S.L.', 'Comercio', '2024-07-09', '2024-10-08', 'Tiempo Completo', 'JEFES ADMINISTRATIVOS Y DE TALLER', 'Duración Determinada', 30, 100, 'Contrato para seguimiento de inserción.'),
(1, 'B10000004', 'IBÉRICA COMERCIO 004 S.L.', 'Seguridad', '2024-09-01', '2025-01-29', 'Tiempo Completo', 'SUBALTERNOS', 'Duración Determinada', 20, 142, NULL),
(2, 'B10000002', 'URBANA HOSTELERÍA 002 S.L.', 'Sanidad', '2025-01-15', '2025-09-15', 'Tiempo Completo', 'OFICIALES ADMINISTRATIVOS', 'Duración Determinada', 40, 200, 'Contrato full-time largo (dataset) para pruebas de liquidación.'),
(2, 'B10000019', 'GLOBAL LOGÍSTICA 019 S.L.', 'Tecnología', '2025-06-16', '2025-10-14', 'Tiempo Parcial', 'INGENIEROS TÉCNICOS, PERITOS Y AYUDANTES TITULADOS', 'Duración Determinada', 20, 115, NULL),
(3, 'B10000003', 'ALFA GESTIÓN 003 S.L.', 'Construcción', '2025-01-15', '2025-09-15', 'Tiempo Completo', 'OFICIALES ADMINISTRATIVOS', 'Duración Determinada', 40, 200, 'Contrato full-time largo (dataset) para pruebas de liquidación.'),
(3, 'B10000022', 'URBANA COMERCIO 022 S.L.', 'Seguridad', '2024-06-15', '2024-08-13', 'Tiempo Parcial', 'OFICIALES DE TERCERA Y ESPECIALISTAS', 'Duración Determinada', 20, 61, NULL),
(3, 'B10000004', 'IBÉRICA COMERCIO 004 S.L.', 'Seguridad', '2025-06-26', '2025-12-24', 'Tiempo Completo', 'SUBALTERNOS', 'Indefinido', 30, 194, NULL),
(3, 'B10000001', 'NORTE COMERCIO 001 S.L.', 'Atención al cliente', '2024-03-03', '2024-08-26', 'Fijo Discontínuo', 'TRABAJADORES MENORES DE DIECIOCHO AÑOS, CUALQUIERA QUE SEA SU CATEGORÍA PROFESIONAL', 'Duración Determinada', 20, 176, NULL),
(3, 'B10000018', 'CENTRAL DISTRIBUCIÓN 018 S.L.', 'Limpieza', '2024-05-05', '2024-10-14', '50%', 'PEONES', 'Indefinido', NULL, 177, NULL),
(3, 'B10000030', 'CENTRAL TECNOLOGÍA 030 S.L.', 'Tecnología', '2025-04-09', '2025-08-04', '50%', 'TRABAJADORES MENORES DE DIECIOCHO AÑOS, CUALQUIERA QUE SEA SU CATEGORÍA PROFESIONAL', 'Duración Determinada', NULL, 122, 'Contrato para seguimiento de inserción.'),
(4, 'B10000004', 'IBÉRICA COMERCIO 004 S.L.', 'Seguridad', '2025-01-15', '2025-09-15', 'Tiempo Completo', 'OFICIALES ADMINISTRATIVOS', 'Duración Determinada', 40, 200, 'Contrato full-time largo (dataset) para pruebas de liquidación.'),
(4, 'B10000013', 'GLOBAL DISTRIBUCIÓN 013 S.L.', 'Sanidad', '2025-10-22', '2026-02-01', 'Fijo Discontínuo', 'INGENIEROS TÉCNICOS, PERITOS Y AYUDANTES TITULADOS', 'Duración Determinada', 30, 101, NULL),
(4, 'B10000020', 'NUEVA COMERCIO 020 S.L.', 'Sanidad', '2024-04-17', '2024-06-20', 'Fijo Discontínuo', 'OFICIALES ADMINISTRATIVOS', 'Temporal', 40, 71, NULL),
(4, 'B10000016', 'NORTE DISTRIBUCIÓN 016 S.L.', 'Administración', '2024-03-18', '2024-05-06', 'Tiempo Parcial', 'OFICIALES DE PRIMERA Y SEGUNDA', 'Indefinido', 40, 46, NULL),
(4, 'B10000012', 'IBÉRICA LOGÍSTICA 012 S.L.', 'Comercio', '2025-09-04', NULL, 'Tiempo Parcial', 'OFICIALES DE PRIMERA Y SEGUNDA', 'Indefinido', 30, 187, 'Contrato para seguimiento de inserción.'),
(4, 'B10000028', 'NUEVA GESTIÓN 028 S.L.', 'Hostelería', '2024-04-12', '2024-10-15', 'Fijo Discontínuo', 'INGENIEROS Y LICENCIADOS  DE ALTA DIRECCIÓN', 'Indefinido', 30, 186, 'Contrato para seguimiento de inserción.'),
(4, 'B10000019', 'GLOBAL LOGÍSTICA 019 S.L.', 'Tecnología', '2025-01-13', '2025-03-10', '75%', 'JEFES ADMINISTRATIVOS Y DE TALLER', 'Duración Determinada', NULL, 58, NULL),
(4, 'B10000010', 'CENTRAL LOGÍSTICA 010 S.L.', 'Comercio', '2025-05-08', '2025-10-05', 'Fijo Discontínuo', 'INGENIEROS Y LICENCIADOS  DE ALTA DIRECCIÓN', 'Temporal', 30, 140, NULL),
(4, 'B10000019', 'GLOBAL LOGÍSTICA 019 S.L.', 'Tecnología', '2026-01-07', NULL, 'Fijo Discontínuo', 'SUBALTERNOS', 'Duración Determinada', 40, 234, 'Contrato para seguimiento de inserción.'),
(5, 'B10000005', 'NORTE TECNOLOGÍA 005 S.L.', 'Construcción', '2025-01-15', '2025-09-15', 'Tiempo Completo', 'OFICIALES ADMINISTRATIVOS', 'Duración Determinada', 40, 200, 'Contrato full-time largo (dataset) para pruebas de liquidación.'),
(5, 'B10000030', 'CENTRAL TECNOLOGÍA 030 S.L.', 'Tecnología', '2025-11-25', NULL, 'Tiempo Parcial', 'SUBALTERNOS', 'Temporal', 30, 188, NULL),
(5, 'B10000020', 'NUEVA COMERCIO 020 S.L.', 'Sanidad', '2025-09-22', NULL, 'Tiempo Completo', 'OFICIALES DE TERCERA Y ESPECIALISTAS', 'Temporal', 40, 186, 'Contrato para seguimiento de inserción.'),
(5, 'B10000028', 'NUEVA GESTIÓN 028 S.L.', 'Hostelería', '2024-12-25', '2025-05-31', 'Tiempo Parcial', 'AYUDANTES NO TITULADOS', 'Temporal', 40, 171, NULL),
(6, 'B10000006', 'CENTRAL COMERCIO 006 S.L.', 'Logística', '2025-01-15', '2025-09-15', 'Tiempo Completo', 'OFICIALES ADMINISTRATIVOS', 'Duración Determinada', 40, 200, 'Contrato full-time largo (dataset) para pruebas de liquidación.'),
(6, 'B10000022', 'URBANA COMERCIO 022 S.L.', 'Seguridad', '2024-09-11', '2025-04-16', 'Tiempo Completo', 'OFICIALES ADMINISTRATIVOS', 'Duración Determinada', 30, 237, NULL),
(6, 'B10000001', 'NORTE COMERCIO 001 S.L.', 'Atención al cliente', '2024-02-12', '2024-03-21', 'Tiempo Completo', 'AYUDANTES NO TITULADOS', 'Temporal', 30, 37, 'Contrato para seguimiento de inserción.'),
(6, 'B10000018', 'CENTRAL DISTRIBUCIÓN 018 S.L.', 'Limpieza', '2024-09-07', '2025-02-28', 'Tiempo Parcial', 'OFICIALES DE TERCERA Y ESPECIALISTAS', 'Duración Determinada', 30, 162, 'Contrato para seguimiento de inserción.'),
(6, 'B10000024', 'EXPERTA SERVICIOS 024 S.L.', 'Limpieza', '2024-08-06', '2025-02-18', 'Fijo Discontínuo', 'TRABAJADORES MENORES DE DIECIOCHO AÑOS, CUALQUIERA QUE SEA SU CATEGORÍA PROFESIONAL', 'Temporal', 30, 199, 'Contrato para seguimiento de inserción.'),
(6, 'B10000011', 'URBANA HOSTELERÍA 011 S.L.', 'Hostelería', '2025-08-01', '2025-10-21', '100%', 'PEONES', 'Duración Determinada', NULL, 78, NULL),
(6, 'B10000010', 'CENTRAL LOGÍSTICA 010 S.L.', 'Comercio', '2026-01-06', NULL, 'Tiempo Parcial', 'AYUDANTES NO TITULADOS', 'Temporal', 20, 214, NULL),
(7, 'B10000007', 'EXPERTA GESTIÓN 007 S.L.', 'Logística', '2025-01-15', '2025-09-15', 'Tiempo Completo', 'OFICIALES ADMINISTRATIVOS', 'Duración Determinada', 40, 200, 'Contrato full-time largo (dataset) para pruebas de liquidación.'),
(7, 'B10000011', 'URBANA HOSTELERÍA 011 S.L.', 'Hostelería', '2024-08-07', '2025-02-06', 'Tiempo Completo', 'OFICIALES DE PRIMERA Y SEGUNDA', 'Duración Determinada', 20, 197, NULL),
(7, 'B10000019', 'GLOBAL LOGÍSTICA 019 S.L.', 'Tecnología', '2024-11-27', '2025-03-02', 'Fijo Discontínuo', 'OFICIALES DE TERCERA Y ESPECIALISTAS', 'Indefinido', 40, 93, NULL),
(7, 'B10000010', 'CENTRAL LOGÍSTICA 010 S.L.', 'Comercio', '2024-11-04', '2025-02-03', 'Tiempo Parcial', 'INGENIEROS Y LICENCIADOS  DE ALTA DIRECCIÓN', 'Duración Determinada', 40, 101, NULL),
(7, 'B10000001', 'NORTE COMERCIO 001 S.L.', 'Atención al cliente', '2024-08-21', '2024-11-23', 'Fijo Discontínuo', 'AYUDANTES NO TITULADOS', 'Temporal', 30, 98, NULL),
(7, 'B10000008', 'NORTE SOLUCIONES 008 S.L.', 'Limpieza', '2025-01-11', '2025-05-06', 'Tiempo Parcial', 'PEONES', 'Duración Determinada', 30, 114, 'Contrato para seguimiento de inserción.'),
(8, 'B10000008', 'NORTE SOLUCIONES 008 S.L.', 'Limpieza', '2025-01-15', '2025-09-15', 'Tiempo Completo', 'OFICIALES ADMINISTRATIVOS', 'Duración Determinada', 40, 200, 'Contrato full-time largo (dataset) para pruebas de liquidación.'),
(8, 'B10000018', 'CENTRAL DISTRIBUCIÓN 018 S.L.', 'Limpieza', '2025-11-09', NULL, 'Fijo Discontínuo', 'AUXILIARES ADMINISTRATIVOS', 'Indefinido', 20, 85, NULL),
(8, 'B10000019', 'GLOBAL LOGÍSTICA 019 S.L.', 'Tecnología', '2024-11-09', '2025-01-19', 'Fijo Discontínuo', 'SUBALTERNOS', 'Duración Determinada', 30, 77, 'Contrato para seguimiento de inserción.'),
(8, 'B10000005', 'NORTE TECNOLOGÍA 005 S.L.', 'Construcción', '2025-01-20', '2025-02-21', 'Tiempo Parcial', 'OFICIALES DE TERCERA Y ESPECIALISTAS', 'Indefinido', 20, 30, NULL),
(8, 'B10000003', 'ALFA GESTIÓN 003 S.L.', 'Construcción', '2026-01-14', NULL, 'Fijo Discontínuo', 'JEFES ADMINISTRATIVOS Y DE TALLER', 'Indefinido', 40, 177, NULL),
(8, 'B10000001', 'NORTE COMERCIO 001 S.L.', 'Atención al cliente', '2026-01-01', NULL, 'Tiempo Parcial', 'INGENIEROS Y LICENCIADOS  DE ALTA DIRECCIÓN', 'Temporal', 30, 167, 'Contrato para seguimiento de inserción.'),
(8, 'B10000006', 'CENTRAL COMERCIO 006 S.L.', 'Logística', '2024-08-22', '2025-01-28', 'Tiempo Completo', 'AYUDANTES NO TITULADOS', 'Indefinido', 20, 160, NULL),
(8, 'B10000030', 'CENTRAL TECNOLOGÍA 030 S.L.', 'Tecnología', '2024-05-31', '2024-12-08', '50%', 'PEONES', 'Temporal', NULL, 189, NULL),
(8, 'B10000030', 'CENTRAL TECNOLOGÍA 030 S.L.', 'Tecnología', '2025-07-21', '2025-11-28', 'Tiempo Completo', 'PEONES', 'Duración Determinada', 20, 128, NULL),
(8, 'B10000004', 'IBÉRICA COMERCIO 004 S.L.', 'Seguridad', '2024-01-02', '2024-07-14', 'Tiempo Parcial', 'PEONES', 'Duración Determinada', 20, 178, 'Contrato para seguimiento de inserción.'),
(9, 'B10000009', 'NUEVA GESTIÓN 009 S.L.', 'Atención al cliente', '2025-01-15', '2025-09-15', 'Tiempo Completo', 'OFICIALES ADMINISTRATIVOS', 'Duración Determinada', 40, 200, 'Contrato full-time largo (dataset) para pruebas de liquidación.'),
(9, 'B10000007', 'EXPERTA GESTIÓN 007 S.L.', 'Logística', '2024-03-27', '2024-09-19', '100%', 'SUBALTERNOS', 'Temporal', NULL, 184, NULL),
(9, 'B10000009', 'NUEVA GESTIÓN 009 S.L.', 'Atención al cliente', '2025-02-22', '2025-07-02', '100%', 'AUXILIARES ADMINISTRATIVOS', 'Duración Determinada', NULL, 121, NULL),
(9, 'B10000022', 'URBANA COMERCIO 022 S.L.', 'Seguridad', '2024-11-11', '2025-01-04', '50%', 'SUBALTERNOS', 'Indefinido', NULL, 56, NULL),
(9, 'B10000022', 'URBANA COMERCIO 022 S.L.', 'Seguridad', '2025-08-13', NULL, 'Tiempo Completo', 'INGENIEROS TÉCNICOS, PERITOS Y AYUDANTES TITULADOS', 'Temporal', 40, 215, NULL),
(9, 'B10000011', 'URBANA HOSTELERÍA 011 S.L.', 'Hostelería', '2024-12-01', '2025-01-16', 'Fijo Discontínuo', 'TRABAJADORES MENORES DE DIECIOCHO AÑOS, CUALQUIERA QUE SEA SU CATEGORÍA PROFESIONAL', 'Duración Determinada', 30, 47, NULL),
(9, 'B10000014', 'URBANA COMERCIO 014 S.L.', 'Limpieza', '2025-11-12', '2026-01-18', 'Fijo Discontínuo', 'SUBALTERNOS', 'Indefinido', 40, 63, 'Contrato para seguimiento de inserción.'),
(9, 'B10000028', 'NUEVA GESTIÓN 028 S.L.', 'Hostelería', '2024-11-28', '2025-02-25', 'Fijo Discontínuo', 'INGENIEROS TÉCNICOS, PERITOS Y AYUDANTES TITULADOS', 'Indefinido', 40, 82, 'Contrato para seguimiento de inserción.'),
(9, 'B10000004', 'IBÉRICA COMERCIO 004 S.L.', 'Seguridad', '2024-10-03', '2025-01-10', 'Fijo Discontínuo', 'INGENIEROS TÉCNICOS, PERITOS Y AYUDANTES TITULADOS', 'Temporal', 30, 93, 'Contrato para seguimiento de inserción.'),
(10, 'B10000010', 'CENTRAL LOGÍSTICA 010 S.L.', 'Comercio', '2025-01-15', '2025-09-15', 'Tiempo Completo', 'OFICIALES ADMINISTRATIVOS', 'Duración Determinada', 40, 200, 'Contrato full-time largo (dataset) para pruebas de liquidación.'),
(10, 'B10000004', 'IBÉRICA COMERCIO 004 S.L.', 'Seguridad', '2024-08-11', '2024-12-15', '75%', 'OFICIALES ADMINISTRATIVOS', 'Duración Determinada', NULL, 129, NULL),
(10, 'B10000007', 'EXPERTA GESTIÓN 007 S.L.', 'Logística', '2025-12-06', NULL, 'Tiempo Parcial', 'AUXILIARES ADMINISTRATIVOS', 'Indefinido', 30, 110, NULL),
(10, 'B10000016', 'NORTE DISTRIBUCIÓN 016 S.L.', 'Administración', '2026-01-03', NULL, '75%', 'OFICIALES DE TERCERA Y ESPECIALISTAS', 'Duración Determinada', NULL, 205, NULL),
(10, 'B10000005', 'NORTE TECNOLOGÍA 005 S.L.', 'Construcción', '2024-01-06', '2024-07-17', '75%', 'AYUDANTES NO TITULADOS', 'Temporal', NULL, 178, 'Contrato para seguimiento de inserción.'),
(10, 'B10000028', 'NUEVA GESTIÓN 028 S.L.', 'Hostelería', '2025-07-15', '2025-09-29', '50%', 'SUBALTERNOS', 'Temporal', NULL, 77, 'Contrato para seguimiento de inserción.'),
(10, 'B10000017', 'NUEVA TECNOLOGÍA 017 S.L.', 'Limpieza', '2024-03-26', '2024-10-23', 'Fijo Discontínuo', 'OFICIALES DE PRIMERA Y SEGUNDA', 'Indefinido', 30, 199, 'Contrato para seguimiento de inserción.'),
(10, 'B10000004', 'IBÉRICA COMERCIO 004 S.L.', 'Seguridad', '2025-10-03', NULL, 'Tiempo Parcial', 'PEONES', 'Indefinido', 30, 239, 'Contrato para seguimiento de inserción.'),
(10, 'B10000019', 'GLOBAL LOGÍSTICA 019 S.L.', 'Tecnología', '2025-12-03', '2026-01-02', '50%', 'INGENIEROS TÉCNICOS, PERITOS Y AYUDANTES TITULADOS', 'Temporal', NULL, 34, 'Contrato para seguimiento de inserción.'),
(10, 'B10000012', 'IBÉRICA LOGÍSTICA 012 S.L.', 'Comercio', '2024-04-04', '2024-08-10', 'Tiempo Completo', 'AYUDANTES NO TITULADOS', 'Duración Determinada', 40, 137, NULL),
(11, 'B10000005', 'NORTE TECNOLOGÍA 005 S.L.', 'Construcción', '2025-07-20', '2026-01-02', 'Tiempo Completo', 'AYUDANTES NO TITULADOS', 'Duración Determinada', 30, 157, 'Contrato para seguimiento de inserción.'),
(11, 'B10000013', 'GLOBAL DISTRIBUCIÓN 013 S.L.', 'Sanidad', '2024-01-25', '2024-06-15', 'Tiempo Parcial', 'TRABAJADORES MENORES DE DIECIOCHO AÑOS, CUALQUIERA QUE SEA SU CATEGORÍA PROFESIONAL', 'Duración Determinada', 20, 149, NULL),
(11, 'B10000012', 'IBÉRICA LOGÍSTICA 012 S.L.', 'Comercio', '2024-10-26', '2024-12-20', '50%', 'OFICIALES ADMINISTRATIVOS', 'Indefinido', NULL, 53, 'Contrato para seguimiento de inserción.'),
(11, 'B10000025', 'EXPERTA TECNOLOGÍA 025 S.L.', 'Sanidad', '2025-07-09', '2025-09-20', '75%', 'OFICIALES ADMINISTRATIVOS', 'Indefinido', NULL, 68, NULL),
(11, 'B10000023', 'URBANA SERVICIOS 023 S.L.', 'Seguridad', '2024-05-17', '2024-10-18', 'Fijo Discontínuo', 'AYUDANTES NO TITULADOS', 'Indefinido', 40, 170, NULL),
(11, 'B10000018', 'CENTRAL DISTRIBUCIÓN 018 S.L.', 'Limpieza', '2025-12-09', NULL, 'Fijo Discontínuo', 'OFICIALES DE TERCERA Y ESPECIALISTAS', 'Indefinido', 40, 90, 'Contrato para seguimiento de inserción.'),
(11, 'B10000003', 'ALFA GESTIÓN 003 S.L.', 'Construcción', '2025-05-22', '2025-10-19', '50%', 'PEONES', 'Duración Determinada', NULL, 138, NULL),
(11, 'B10000001', 'NORTE COMERCIO 001 S.L.', 'Atención al cliente', '2025-07-15', '2025-10-04', 'Tiempo Completo', 'PEONES', 'Indefinido', 40, 87, NULL),
(12, 'B10000009', 'NUEVA GESTIÓN 009 S.L.', 'Atención al cliente', '2024-07-08', '2025-01-14', 'Tiempo Parcial', 'INGENIEROS TÉCNICOS, PERITOS Y AYUDANTES TITULADOS', 'Duración Determinada', 40, 176, NULL),
(12, 'B10000014', 'URBANA COMERCIO 014 S.L.', 'Limpieza', '2025-05-26', '2025-10-11', 'Tiempo Completo', 'AUXILIARES ADMINISTRATIVOS', 'Indefinido', 30, 129, NULL),
(12, 'B10000023', 'URBANA SERVICIOS 023 S.L.', 'Seguridad', '2024-08-28', '2024-12-11', 'Tiempo Parcial', 'TRABAJADORES MENORES DE DIECIOCHO AÑOS, CUALQUIERA QUE SEA SU CATEGORÍA PROFESIONAL', 'Indefinido', 20, 95, 'Contrato para seguimiento de inserción.'),
(12, 'B10000004', 'IBÉRICA COMERCIO 004 S.L.', 'Seguridad', '2025-10-30', NULL, 'Tiempo Completo', 'OFICIALES ADMINISTRATIVOS', 'Indefinido', 20, 118, 'Contrato para seguimiento de inserción.'),
(12, 'B10000006', 'CENTRAL COMERCIO 006 S.L.', 'Logística', '2025-06-06', '2025-11-20', 'Fijo Discontínuo', 'AYUDANTES NO TITULADOS', 'Temporal', 40, 169, NULL),
(12, 'B10000029', 'ALFA DISTRIBUCIÓN 029 S.L.', 'Atención al cliente', '2025-08-01', '2026-01-14', 'Tiempo Parcial', 'JEFES ADMINISTRATIVOS Y DE TALLER', 'Temporal', 40, 166, NULL),
(12, 'B10000010', 'CENTRAL LOGÍSTICA 010 S.L.', 'Comercio', '2025-05-15', '2025-11-14', '75%', 'AYUDANTES NO TITULADOS', 'Indefinido', NULL, 179, NULL),
(13, 'B10000030', 'CENTRAL TECNOLOGÍA 030 S.L.', 'Tecnología', '2025-01-06', '2025-06-29', 'Fijo Discontínuo', 'INGENIEROS Y LICENCIADOS  DE ALTA DIRECCIÓN', 'Indefinido', 40, 182, NULL),
(13, 'B10000028', 'NUEVA GESTIÓN 028 S.L.', 'Hostelería', '2024-06-07', '2025-01-14', '100%', 'INGENIEROS Y LICENCIADOS  DE ALTA DIRECCIÓN', 'Indefinido', NULL, 243, NULL),
(13, 'B10000002', 'URBANA HOSTELERÍA 002 S.L.', 'Sanidad', '2024-01-21', '2024-04-22', '100%', 'TRABAJADORES MENORES DE DIECIOCHO AÑOS, CUALQUIERA QUE SEA SU CATEGORÍA PROFESIONAL', 'Indefinido', NULL, 97, NULL),
(13, 'B10000003', 'ALFA GESTIÓN 003 S.L.', 'Construcción', '2024-05-19', '2024-12-25', '100%', 'AUXILIARES ADMINISTRATIVOS', 'Temporal', NULL, 203, NULL),
(13, 'B10000024', 'EXPERTA SERVICIOS 024 S.L.', 'Limpieza', '2024-04-10', '2024-09-28', 'Fijo Discontínuo', 'AYUDANTES NO TITULADOS', 'Indefinido', 40, 163, NULL),
(13, 'B10000001', 'NORTE COMERCIO 001 S.L.', 'Atención al cliente', '2025-11-07', NULL, '75%', 'OFICIALES DE PRIMERA Y SEGUNDA', 'Indefinido', NULL, 195, 'Contrato para seguimiento de inserción.'),
(13, 'B10000006', 'CENTRAL COMERCIO 006 S.L.', 'Logística', '2025-04-23', '2025-06-05', '100%', 'AYUDANTES NO TITULADOS', 'Duración Determinada', NULL, 48, NULL),
(13, 'B10000011', 'URBANA HOSTELERÍA 011 S.L.', 'Hostelería', '2024-05-16', '2025-01-02', 'Tiempo Parcial', 'INGENIEROS Y LICENCIADOS  DE ALTA DIRECCIÓN', 'Temporal', 40, 231, NULL),
(13, 'B10000024', 'EXPERTA SERVICIOS 024 S.L.', 'Limpieza', '2025-01-02', '2025-04-03', '50%', 'JEFES ADMINISTRATIVOS Y DE TALLER', 'Temporal', NULL, 93, 'Contrato para seguimiento de inserción.'),
(13, 'B10000005', 'NORTE TECNOLOGÍA 005 S.L.', 'Construcción', '2024-10-28', '2025-02-08', 'Fijo Discontínuo', 'PEONES', 'Duración Determinada', 40, 109, NULL),
(14, 'B10000030', 'CENTRAL TECNOLOGÍA 030 S.L.', 'Tecnología', '2024-09-27', '2025-02-27', 'Fijo Discontínuo', 'OFICIALES ADMINISTRATIVOS', 'Duración Determinada', 20, 140, 'Contrato para seguimiento de inserción.'),
(14, 'B10000018', 'CENTRAL DISTRIBUCIÓN 018 S.L.', 'Limpieza', '2024-01-15', '2024-05-17', 'Tiempo Completo', 'AYUDANTES NO TITULADOS', 'Duración Determinada', 40, 113, 'Contrato para seguimiento de inserción.'),
(14, 'B10000017', 'NUEVA TECNOLOGÍA 017 S.L.', 'Limpieza', '2024-04-26', '2024-07-26', 'Fijo Discontínuo', 'SUBALTERNOS', 'Temporal', 20, 99, NULL),
(14, 'B10000025', 'EXPERTA TECNOLOGÍA 025 S.L.', 'Sanidad', '2025-09-28', NULL, 'Tiempo Completo', 'AYUDANTES NO TITULADOS', 'Indefinido', 40, 196, 'Contrato para seguimiento de inserción.'),
(14, 'B10000026', 'GLOBAL SERVICIOS 026 S.L.', 'Seguridad', '2025-03-04', '2025-10-29', '50%', 'OFICIALES DE TERCERA Y ESPECIALISTAS', 'Temporal', NULL, 229, NULL),
(14, 'B10000013', 'GLOBAL DISTRIBUCIÓN 013 S.L.', 'Sanidad', '2025-07-24', '2025-09-09', 'Tiempo Completo', 'SUBALTERNOS', 'Duración Determinada', 20, 49, NULL),
(15, 'B10000028', 'NUEVA GESTIÓN 028 S.L.', 'Hostelería', '2025-12-02', '2026-01-23', '50%', 'AYUDANTES NO TITULADOS', 'Temporal', NULL, 48, NULL),
(15, 'B10000028', 'NUEVA GESTIÓN 028 S.L.', 'Hostelería', '2024-05-31', '2024-12-15', 'Fijo Discontínuo', 'OFICIALES DE PRIMERA Y SEGUNDA', 'Temporal', 20, 197, NULL),
(15, 'B10000023', 'URBANA SERVICIOS 023 S.L.', 'Seguridad', '2025-08-13', '2026-01-01', 'Tiempo Completo', 'INGENIEROS Y LICENCIADOS  DE ALTA DIRECCIÓN', 'Indefinido', 40, 152, NULL),
(15, 'B10000014', 'URBANA COMERCIO 014 S.L.', 'Limpieza', '2026-01-04', NULL, 'Fijo Discontínuo', 'OFICIALES DE TERCERA Y ESPECIALISTAS', 'Duración Determinada', 30, 75, NULL),
(15, 'B10000018', 'CENTRAL DISTRIBUCIÓN 018 S.L.', 'Limpieza', '2024-11-01', '2025-06-17', 'Tiempo Parcial', 'OFICIALES DE TERCERA Y ESPECIALISTAS', 'Duración Determinada', 20, 239, NULL),
(15, 'B10000029', 'ALFA DISTRIBUCIÓN 029 S.L.', 'Atención al cliente', '2025-08-02', '2026-01-27', 'Tiempo Parcial', 'OFICIALES ADMINISTRATIVOS', 'Temporal', 20, 166, NULL),
(15, 'B10000029', 'ALFA DISTRIBUCIÓN 029 S.L.', 'Atención al cliente', '2025-04-04', '2025-09-19', 'Fijo Discontínuo', 'OFICIALES DE PRIMERA Y SEGUNDA', 'Temporal', 40, 154, 'Contrato para seguimiento de inserción.'),
(15, 'B10000029', 'ALFA DISTRIBUCIÓN 029 S.L.', 'Atención al cliente', '2024-12-26', '2025-07-20', '50%', 'AUXILIARES ADMINISTRATIVOS', 'Indefinido', NULL, 218, NULL),
(15, 'B10000002', 'URBANA HOSTELERÍA 002 S.L.', 'Sanidad', '2025-03-15', '2025-09-23', 'Fijo Discontínuo', 'SUBALTERNOS', 'Indefinido', 30, 180, NULL),
(16, 'B10000021', 'URBANA COMERCIO 021 S.L.', 'Comercio', '2025-09-21', '2026-01-24', 'Tiempo Parcial', 'AUXILIARES ADMINISTRATIVOS', 'Temporal', 20, 131, NULL),
(16, 'B10000022', 'URBANA COMERCIO 022 S.L.', 'Seguridad', '2024-11-28', '2025-02-15', 'Tiempo Completo', 'INGENIEROS TÉCNICOS, PERITOS Y AYUDANTES TITULADOS', 'Duración Determinada', 20, 87, 'Contrato para seguimiento de inserción.'),
(16, 'B10000021', 'URBANA COMERCIO 021 S.L.', 'Comercio', '2025-08-29', '2025-10-29', 'Tiempo Completo', 'JEFES ADMINISTRATIVOS Y DE TALLER', 'Indefinido', 30, 59, NULL),
(16, 'B10000018', 'CENTRAL DISTRIBUCIÓN 018 S.L.', 'Limpieza', '2025-10-31', NULL, 'Tiempo Completo', 'AUXILIARES ADMINISTRATIVOS', 'Duración Determinada', 40, 153, NULL),
(16, 'B10000007', 'EXPERTA GESTIÓN 007 S.L.', 'Logística', '2025-04-22', '2025-07-26', 'Tiempo Completo', 'OFICIALES ADMINISTRATIVOS', 'Duración Determinada', 40, 96, NULL),
(16, 'B10000008', 'NORTE SOLUCIONES 008 S.L.', 'Limpieza', '2024-12-08', '2025-05-06', 'Fijo Discontínuo', 'TRABAJADORES MENORES DE DIECIOCHO AÑOS, CUALQUIERA QUE SEA SU CATEGORÍA PROFESIONAL', 'Temporal', 20, 163, NULL),
(16, 'B10000010', 'CENTRAL LOGÍSTICA 010 S.L.', 'Comercio', '2025-07-19', '2025-11-08', '100%', 'INGENIEROS TÉCNICOS, PERITOS Y AYUDANTES TITULADOS', 'Duración Determinada', NULL, 117, 'Contrato para seguimiento de inserción.'),
(16, 'B10000030', 'CENTRAL TECNOLOGÍA 030 S.L.', 'Tecnología', '2025-03-02', '2025-10-25', 'Fijo Discontínuo', 'PEONES', 'Duración Determinada', 40, 244, NULL),
(16, 'B10000012', 'IBÉRICA LOGÍSTICA 012 S.L.', 'Comercio', '2024-05-31', '2025-01-04', 'Fijo Discontínuo', 'SUBALTERNOS', 'Temporal', 30, 209, 'Contrato para seguimiento de inserción.'),
(17, 'B10000024', 'EXPERTA SERVICIOS 024 S.L.', 'Limpieza', '2026-01-06', NULL, 'Fijo Discontínuo', 'INGENIEROS TÉCNICOS, PERITOS Y AYUDANTES TITULADOS', 'Temporal', 20, 84, NULL),
(17, 'B10000018', 'CENTRAL DISTRIBUCIÓN 018 S.L.', 'Limpieza', '2024-02-18', '2024-05-24', 'Tiempo Parcial', 'PEONES', 'Indefinido', 20, 97, NULL),
(17, 'B10000015', 'NORTE TECNOLOGÍA 015 S.L.', 'Logística', '2024-02-28', '2024-04-12', 'Tiempo Completo', 'AUXILIARES ADMINISTRATIVOS', 'Temporal', 30, 41, NULL),
(17, 'B10000001', 'NORTE COMERCIO 001 S.L.', 'Atención al cliente', '2024-06-27', '2024-08-03', 'Tiempo Completo', 'OFICIALES DE TERCERA Y ESPECIALISTAS', 'Duración Determinada', 20, 35, NULL),
(17, 'B10000030', 'CENTRAL TECNOLOGÍA 030 S.L.', 'Tecnología', '2025-11-24', NULL, 'Fijo Discontínuo', 'OFICIALES DE PRIMERA Y SEGUNDA', 'Indefinido', 40, 116, NULL),
(17, 'B10000009', 'NUEVA GESTIÓN 009 S.L.', 'Atención al cliente', '2026-01-12', NULL, 'Tiempo Parcial', 'OFICIALES DE TERCERA Y ESPECIALISTAS', 'Temporal', 40, 86, NULL),
(17, 'B10000023', 'URBANA SERVICIOS 023 S.L.', 'Seguridad', '2025-09-12', '2025-10-24', 'Fijo Discontínuo', 'AUXILIARES ADMINISTRATIVOS', 'Duración Determinada', 30, 47, 'Contrato para seguimiento de inserción.'),
(17, 'B10000010', 'CENTRAL LOGÍSTICA 010 S.L.', 'Comercio', '2024-10-05', '2025-05-23', 'Tiempo Completo', 'PEONES', 'Indefinido', 40, 243, NULL),
(18, 'B10000015', 'NORTE TECNOLOGÍA 015 S.L.', 'Logística', '2024-04-12', '2024-07-24', '50%', 'PEONES', 'Duración Determinada', NULL, 113, NULL),
(18, 'B10000017', 'NUEVA TECNOLOGÍA 017 S.L.', 'Limpieza', '2025-05-26', '2025-07-10', 'Tiempo Completo', 'SUBALTERNOS', 'Temporal', 20, 48, NULL),
(18, 'B10000009', 'NUEVA GESTIÓN 009 S.L.', 'Atención al cliente', '2025-05-24', '2025-11-17', 'Fijo Discontínuo', 'TRABAJADORES MENORES DE DIECIOCHO AÑOS, CUALQUIERA QUE SEA SU CATEGORÍA PROFESIONAL', 'Temporal', 20, 170, NULL),
(18, 'B10000012', 'IBÉRICA LOGÍSTICA 012 S.L.', 'Comercio', '2024-04-03', '2024-11-20', 'Fijo Discontínuo', 'TRABAJADORES MENORES DE DIECIOCHO AÑOS, CUALQUIERA QUE SEA SU CATEGORÍA PROFESIONAL', 'Duración Determinada', 40, 251, NULL),
(18, 'B10000016', 'NORTE DISTRIBUCIÓN 016 S.L.', 'Administración', '2024-04-05', '2024-11-24', 'Tiempo Completo', 'AUXILIARES ADMINISTRATIVOS', 'Duración Determinada', 20, 224, NULL),
(18, 'B10000003', 'ALFA GESTIÓN 003 S.L.', 'Construcción', '2024-08-29', '2024-09-27', 'Fijo Discontínuo', 'INGENIEROS Y LICENCIADOS  DE ALTA DIRECCIÓN', 'Duración Determinada', 20, 30, NULL),
(18, 'B10000002', 'URBANA HOSTELERÍA 002 S.L.', 'Sanidad', '2024-07-19', '2025-02-24', 'Tiempo Completo', 'SUBALTERNOS', 'Indefinido', 20, 202, NULL),
(18, 'B10000022', 'URBANA COMERCIO 022 S.L.', 'Seguridad', '2024-07-11', '2024-11-26', 'Fijo Discontínuo', 'INGENIEROS TÉCNICOS, PERITOS Y AYUDANTES TITULADOS', 'Indefinido', 20, 129, 'Contrato para seguimiento de inserción.'),
(18, 'B10000028', 'NUEVA GESTIÓN 028 S.L.', 'Hostelería', '2024-02-15', '2024-05-05', 'Fijo Discontínuo', 'INGENIEROS TÉCNICOS, PERITOS Y AYUDANTES TITULADOS', 'Duración Determinada', 20, 74, NULL),
(18, 'B10000014', 'URBANA COMERCIO 014 S.L.', 'Limpieza', '2024-04-06', '2024-10-28', 'Fijo Discontínuo', 'OFICIALES ADMINISTRATIVOS', 'Duración Determinada', 30, 192, NULL),
(19, 'B10000006', 'CENTRAL COMERCIO 006 S.L.', 'Logística', '2025-06-18', '2025-08-03', 'Fijo Discontínuo', 'TRABAJADORES MENORES DE DIECIOCHO AÑOS, CUALQUIERA QUE SEA SU CATEGORÍA PROFESIONAL', 'Indefinido', 20, 50, NULL),
(19, 'B10000004', 'IBÉRICA COMERCIO 004 S.L.', 'Seguridad', '2024-04-26', '2024-10-27', 'Fijo Discontínuo', 'INGENIEROS TÉCNICOS, PERITOS Y AYUDANTES TITULADOS', 'Temporal', 40, 173, NULL),
(19, 'B10000024', 'EXPERTA SERVICIOS 024 S.L.', 'Limpieza', '2025-07-20', '2025-10-13', '50%', 'INGENIEROS TÉCNICOS, PERITOS Y AYUDANTES TITULADOS', 'Duración Determinada', NULL, 84, 'Contrato para seguimiento de inserción.'),
(20, 'B10000005', 'NORTE TECNOLOGÍA 005 S.L.', 'Construcción', '2024-05-08', '2024-11-25', 'Fijo Discontínuo', 'OFICIALES ADMINISTRATIVOS', 'Temporal', 30, 201, NULL),
(20, 'B10000001', 'NORTE COMERCIO 001 S.L.', 'Atención al cliente', '2024-05-05', '2024-10-10', 'Tiempo Completo', 'TRABAJADORES MENORES DE DIECIOCHO AÑOS, CUALQUIERA QUE SEA SU CATEGORÍA PROFESIONAL', 'Duración Determinada', 30, 170, NULL),
(20, 'B10000003', 'ALFA GESTIÓN 003 S.L.', 'Construcción', '2024-09-22', '2025-01-08', '50%', 'AYUDANTES NO TITULADOS', 'Indefinido', NULL, 113, NULL),
(20, 'B10000027', 'EXPERTA COMERCIO 027 S.L.', 'Tecnología', '2024-02-07', '2024-05-20', 'Tiempo Completo', 'TRABAJADORES MENORES DE DIECIOCHO AÑOS, CUALQUIERA QUE SEA SU CATEGORÍA PROFESIONAL', 'Duración Determinada', 40, 100, 'Contrato para seguimiento de inserción.'),
(20, 'B10000014', 'URBANA COMERCIO 014 S.L.', 'Limpieza', '2025-11-11', NULL, 'Fijo Discontínuo', 'INGENIEROS TÉCNICOS, PERITOS Y AYUDANTES TITULADOS', 'Duración Determinada', 20, 95, NULL),
(21, 'B10000025', 'EXPERTA TECNOLOGÍA 025 S.L.', 'Sanidad', '2024-05-14', '2024-09-29', 'Tiempo Parcial', 'OFICIALES DE TERCERA Y ESPECIALISTAS', 'Temporal', 30, 148, 'Contrato para seguimiento de inserción.'),
(21, 'B10000027', 'EXPERTA COMERCIO 027 S.L.', 'Tecnología', '2024-02-07', '2024-04-20', '100%', 'INGENIEROS Y LICENCIADOS  DE ALTA DIRECCIÓN', 'Duración Determinada', NULL, 72, NULL),
(21, 'B10000018', 'CENTRAL DISTRIBUCIÓN 018 S.L.', 'Limpieza', '2024-07-16', '2024-12-18', '75%', 'OFICIALES ADMINISTRATIVOS', 'Indefinido', NULL, 166, NULL),
(21, 'B10000024', 'EXPERTA SERVICIOS 024 S.L.', 'Limpieza', '2024-03-28', '2024-10-04', 'Tiempo Parcial', 'INGENIEROS Y LICENCIADOS  DE ALTA DIRECCIÓN', 'Duración Determinada', 40, 182, NULL),
(21, 'B10000028', 'NUEVA GESTIÓN 028 S.L.', 'Hostelería', '2024-09-11', '2025-02-26', 'Tiempo Parcial', 'INGENIEROS TÉCNICOS, PERITOS Y AYUDANTES TITULADOS', 'Temporal', 40, 174, NULL),
(21, 'B10000023', 'URBANA SERVICIOS 023 S.L.', 'Seguridad', '2025-02-26', '2025-07-19', 'Tiempo Completo', 'INGENIEROS TÉCNICOS, PERITOS Y AYUDANTES TITULADOS', 'Temporal', 30, 148, NULL),
(21, 'B10000022', 'URBANA COMERCIO 022 S.L.', 'Seguridad', '2024-10-01', '2025-05-20', 'Tiempo Parcial', 'PEONES', 'Duración Determinada', 20, 249, NULL),
(21, 'B10000012', 'IBÉRICA LOGÍSTICA 012 S.L.', 'Comercio', '2025-07-18', '2025-09-24', 'Tiempo Parcial', 'JEFES ADMINISTRATIVOS Y DE TALLER', 'Temporal', 40, 76, NULL),
(22, 'B10000003', 'ALFA GESTIÓN 003 S.L.', 'Construcción', '2025-06-28', '2026-01-12', 'Tiempo Parcial', 'AYUDANTES NO TITULADOS', 'Indefinido', 30, 204, NULL),
(22, 'B10000015', 'NORTE TECNOLOGÍA 015 S.L.', 'Logística', '2024-12-02', '2025-05-27', '75%', 'OFICIALES DE TERCERA Y ESPECIALISTAS', 'Indefinido', NULL, 178, 'Contrato para seguimiento de inserción.'),
(22, 'B10000008', 'NORTE SOLUCIONES 008 S.L.', 'Limpieza', '2025-07-30', NULL, 'Tiempo Completo', 'JEFES ADMINISTRATIVOS Y DE TALLER', 'Duración Determinada', 40, 198, NULL),
(23, 'B10000001', 'NORTE COMERCIO 001 S.L.', 'Atención al cliente', '2025-08-30', '2026-01-30', 'Fijo Discontínuo', 'INGENIEROS Y LICENCIADOS  DE ALTA DIRECCIÓN', 'Temporal', 40, 158, NULL),
(23, 'B10000022', 'URBANA COMERCIO 022 S.L.', 'Seguridad', '2025-04-03', '2025-09-15', 'Tiempo Parcial', 'PEONES', 'Temporal', 40, 159, NULL),
(23, 'B10000005', 'NORTE TECNOLOGÍA 005 S.L.', 'Construcción', '2025-11-30', NULL, 'Tiempo Completo', 'OFICIALES DE PRIMERA Y SEGUNDA', 'Indefinido', 20, 212, NULL),
(23, 'B10000023', 'URBANA SERVICIOS 023 S.L.', 'Seguridad', '2025-03-18', '2025-05-01', 'Tiempo Completo', 'TRABAJADORES MENORES DE DIECIOCHO AÑOS, CUALQUIERA QUE SEA SU CATEGORÍA PROFESIONAL', 'Temporal', 40, 47, 'Contrato para seguimiento de inserción.'),
(23, 'B10000016', 'NORTE DISTRIBUCIÓN 016 S.L.', 'Administración', '2024-08-06', '2025-01-01', 'Tiempo Completo', 'OFICIALES DE PRIMERA Y SEGUNDA', 'Duración Determinada', 20, 151, NULL),
(23, 'B10000022', 'URBANA COMERCIO 022 S.L.', 'Seguridad', '2025-11-28', NULL, '100%', 'INGENIEROS Y LICENCIADOS  DE ALTA DIRECCIÓN', 'Duración Determinada', NULL, 203, 'Contrato para seguimiento de inserción.'),
(23, 'B10000001', 'NORTE COMERCIO 001 S.L.', 'Atención al cliente', '2025-01-01', '2025-07-27', 'Tiempo Parcial', 'OFICIALES ADMINISTRATIVOS', 'Indefinido', 40, 192, NULL),
(24, 'B10000025', 'EXPERTA TECNOLOGÍA 025 S.L.', 'Sanidad', '2024-06-13', '2024-12-04', 'Tiempo Completo', 'JEFES ADMINISTRATIVOS Y DE TALLER', 'Duración Determinada', 30, 191, NULL),
(24, 'B10000022', 'URBANA COMERCIO 022 S.L.', 'Seguridad', '2025-12-16', NULL, 'Tiempo Parcial', 'OFICIALES DE TERCERA Y ESPECIALISTAS', 'Duración Determinada', 20, 45, 'Contrato para seguimiento de inserción.'),
(24, 'B10000018', 'CENTRAL DISTRIBUCIÓN 018 S.L.', 'Limpieza', '2024-07-26', '2024-09-18', 'Tiempo Completo', 'INGENIEROS Y LICENCIADOS  DE ALTA DIRECCIÓN', 'Temporal', 40, 54, NULL),
(24, 'B10000030', 'CENTRAL TECNOLOGÍA 030 S.L.', 'Tecnología', '2025-09-27', '2025-12-23', 'Tiempo Completo', 'TRABAJADORES MENORES DE DIECIOCHO AÑOS, CUALQUIERA QUE SEA SU CATEGORÍA PROFESIONAL', 'Duración Determinada', 30, 91, 'Contrato para seguimiento de inserción.'),
(24, 'B10000018', 'CENTRAL DISTRIBUCIÓN 018 S.L.', 'Limpieza', '2024-03-05', '2024-04-12', 'Fijo Discontínuo', 'JEFES ADMINISTRATIVOS Y DE TALLER', 'Temporal', 30, 40, 'Contrato para seguimiento de inserción.'),
(24, 'B10000018', 'CENTRAL DISTRIBUCIÓN 018 S.L.', 'Limpieza', '2024-08-31', '2025-01-10', 'Tiempo Parcial', 'OFICIALES DE TERCERA Y ESPECIALISTAS', 'Temporal', 40, 122, NULL),
(24, 'B10000007', 'EXPERTA GESTIÓN 007 S.L.', 'Logística', '2024-12-04', '2025-03-28', 'Fijo Discontínuo', 'PEONES', 'Duración Determinada', 40, 111, NULL),
(24, 'B10000027', 'EXPERTA COMERCIO 027 S.L.', 'Tecnología', '2025-03-21', '2025-08-18', 'Fijo Discontínuo', 'OFICIALES ADMINISTRATIVOS', 'Temporal', 20, 138, NULL),
(24, 'B10000030', 'CENTRAL TECNOLOGÍA 030 S.L.', 'Tecnología', '2024-12-21', '2025-08-03', 'Tiempo Completo', 'SUBALTERNOS', 'Indefinido', 20, 245, NULL),
(25, 'B10000012', 'IBÉRICA LOGÍSTICA 012 S.L.', 'Comercio', '2024-06-03', '2025-01-26', 'Tiempo Parcial', 'OFICIALES ADMINISTRATIVOS', 'Temporal', 20, 215, NULL),
(25, 'B10000002', 'URBANA HOSTELERÍA 002 S.L.', 'Sanidad', '2024-04-30', '2024-10-08', 'Tiempo Parcial', 'TRABAJADORES MENORES DE DIECIOCHO AÑOS, CUALQUIERA QUE SEA SU CATEGORÍA PROFESIONAL', 'Indefinido', 30, 176, NULL),
(25, 'B10000020', 'NUEVA COMERCIO 020 S.L.', 'Sanidad', '2025-06-23', '2025-11-13', 'Tiempo Completo', 'AUXILIARES ADMINISTRATIVOS', 'Duración Determinada', 40, 134, NULL),
(25, 'B10000030', 'CENTRAL TECNOLOGÍA 030 S.L.', 'Tecnología', '2024-10-03', '2025-05-17', '75%', 'JEFES ADMINISTRATIVOS Y DE TALLER', 'Temporal', NULL, 240, 'Contrato para seguimiento de inserción.'),
(25, 'B10000010', 'CENTRAL LOGÍSTICA 010 S.L.', 'Comercio', '2025-06-08', '2025-09-06', '100%', 'JEFES ADMINISTRATIVOS Y DE TALLER', 'Indefinido', NULL, 83, NULL),
(25, 'B10000020', 'NUEVA COMERCIO 020 S.L.', 'Sanidad', '2025-10-12', '2026-01-21', 'Fijo Discontínuo', 'AYUDANTES NO TITULADOS', 'Duración Determinada', 40, 97, NULL),
(26, 'B10000019', 'GLOBAL LOGÍSTICA 019 S.L.', 'Tecnología', '2024-08-21', '2025-04-06', 'Tiempo Completo', 'SUBALTERNOS', 'Indefinido', 30, 213, 'Contrato para seguimiento de inserción.'),
(26, 'B10000016', 'NORTE DISTRIBUCIÓN 016 S.L.', 'Administración', '2024-08-08', '2025-03-02', 'Tiempo Completo', 'JEFES ADMINISTRATIVOS Y DE TALLER', 'Duración Determinada', 30, 198, NULL),
(26, 'B10000003', 'ALFA GESTIÓN 003 S.L.', 'Construcción', '2024-10-03', '2025-01-21', 'Fijo Discontínuo', 'OFICIALES DE PRIMERA Y SEGUNDA', 'Temporal', 40, 109, NULL),
(26, 'B10000028', 'NUEVA GESTIÓN 028 S.L.', 'Hostelería', '2024-11-16', '2025-03-23', 'Fijo Discontínuo', 'INGENIEROS Y LICENCIADOS  DE ALTA DIRECCIÓN', 'Temporal', 20, 117, NULL),
(26, 'B10000011', 'URBANA HOSTELERÍA 011 S.L.', 'Hostelería', '2024-03-18', '2024-08-08', 'Tiempo Parcial', 'TRABAJADORES MENORES DE DIECIOCHO AÑOS, CUALQUIERA QUE SEA SU CATEGORÍA PROFESIONAL', 'Duración Determinada', 30, 146, 'Contrato para seguimiento de inserción.'),
(26, 'B10000010', 'CENTRAL LOGÍSTICA 010 S.L.', 'Comercio', '2024-08-04', '2024-12-14', 'Tiempo Completo', 'AUXILIARES ADMINISTRATIVOS', 'Duración Determinada', 40, 142, NULL),
(26, 'B10000013', 'GLOBAL DISTRIBUCIÓN 013 S.L.', 'Sanidad', '2025-06-17', '2025-09-18', '75%', 'SUBALTERNOS', 'Indefinido', NULL, 91, NULL),
(26, 'B10000025', 'EXPERTA TECNOLOGÍA 025 S.L.', 'Sanidad', '2025-12-29', NULL, 'Tiempo Parcial', 'PEONES', 'Duración Determinada', 20, 188, NULL),
(26, 'B10000010', 'CENTRAL LOGÍSTICA 010 S.L.', 'Comercio', '2025-10-03', '2025-12-24', '100%', 'INGENIEROS Y LICENCIADOS  DE ALTA DIRECCIÓN', 'Indefinido', NULL, 77, 'Contrato para seguimiento de inserción.'),
(26, 'B10000008', 'NORTE SOLUCIONES 008 S.L.', 'Limpieza', '2024-08-03', '2024-10-23', 'Tiempo Parcial', 'PEONES', 'Temporal', 30, 85, 'Contrato para seguimiento de inserción.'),
(27, 'B10000002', 'URBANA HOSTELERÍA 002 S.L.', 'Sanidad', '2024-09-29', '2025-04-28', 'Fijo Discontínuo', 'AUXILIARES ADMINISTRATIVOS', 'Temporal', 20, 226, NULL),
(27, 'B10000017', 'NUEVA TECNOLOGÍA 017 S.L.', 'Limpieza', '2025-07-18', '2025-08-19', 'Fijo Discontínuo', 'AYUDANTES NO TITULADOS', 'Indefinido', 30, 31, NULL),
(27, 'B10000011', 'URBANA HOSTELERÍA 011 S.L.', 'Hostelería', '2025-04-09', '2025-11-03', 'Fijo Discontínuo', 'PEONES', 'Temporal', 40, 221, NULL),
(27, 'B10000020', 'NUEVA COMERCIO 020 S.L.', 'Sanidad', '2025-08-27', '2026-01-18', 'Tiempo Completo', 'OFICIALES ADMINISTRATIVOS', 'Indefinido', 30, 145, NULL),
(27, 'B10000015', 'NORTE TECNOLOGÍA 015 S.L.', 'Logística', '2025-07-10', '2025-08-29', 'Fijo Discontínuo', 'INGENIEROS TÉCNICOS, PERITOS Y AYUDANTES TITULADOS', 'Indefinido', 20, 46, NULL),
(27, 'B10000019', 'GLOBAL LOGÍSTICA 019 S.L.', 'Tecnología', '2024-03-05', '2024-04-19', '75%', 'OFICIALES DE TERCERA Y ESPECIALISTAS', 'Indefinido', NULL, 49, NULL),
(27, 'B10000001', 'NORTE COMERCIO 001 S.L.', 'Atención al cliente', '2024-11-04', '2025-04-26', '75%', 'PEONES', 'Indefinido', NULL, 173, 'Contrato para seguimiento de inserción.'),
(28, 'B10000030', 'CENTRAL TECNOLOGÍA 030 S.L.', 'Tecnología', '2025-09-25', NULL, 'Tiempo Parcial', 'OFICIALES DE PRIMERA Y SEGUNDA', 'Duración Determinada', 20, 167, NULL),
(28, 'B10000017', 'NUEVA TECNOLOGÍA 017 S.L.', 'Limpieza', '2024-12-16', '2025-03-22', 'Tiempo Completo', 'INGENIEROS TÉCNICOS, PERITOS Y AYUDANTES TITULADOS', 'Temporal', 30, 90, NULL);

INSERT INTO hiring_contracts (student_id, company_nif, company_name, sector, start_date, end_date, workday_pct, contribution_group, contract_type, weekly_hours, contributed_days, notes) VALUES
(28, 'B10000020', 'NUEVA COMERCIO 020 S.L.', 'Sanidad', '2024-08-13', '2024-12-24', 'Fijo Discontínuo', 'AYUDANTES NO TITULADOS', 'Indefinido', 40, 126, NULL),
(28, 'B10000030', 'CENTRAL TECNOLOGÍA 030 S.L.', 'Tecnología', '2025-03-14', '2025-05-23', 'Tiempo Completo', 'PEONES', 'Temporal', 30, 66, NULL),
(28, 'B10000026', 'GLOBAL SERVICIOS 026 S.L.', 'Seguridad', '2024-08-24', '2025-01-14', '75%', 'TRABAJADORES MENORES DE DIECIOCHO AÑOS, CUALQUIERA QUE SEA SU CATEGORÍA PROFESIONAL', 'Indefinido', NULL, 156, 'Contrato para seguimiento de inserción.'),
(28, 'B10000013', 'GLOBAL DISTRIBUCIÓN 013 S.L.', 'Sanidad', '2024-02-23', '2024-09-28', 'Fijo Discontínuo', 'AUXILIARES ADMINISTRATIVOS', 'Duración Determinada', 30, 201, NULL),
(28, 'B10000011', 'URBANA HOSTELERÍA 011 S.L.', 'Hostelería', '2025-02-05', '2025-06-08', 'Tiempo Completo', 'SUBALTERNOS', 'Indefinido', 40, 131, NULL),
(28, 'B10000001', 'NORTE COMERCIO 001 S.L.', 'Atención al cliente', '2024-05-08', '2024-12-31', 'Tiempo Completo', 'INGENIEROS Y LICENCIADOS  DE ALTA DIRECCIÓN', 'Duración Determinada', 30, 228, NULL),
(29, 'B10000005', 'NORTE TECNOLOGÍA 005 S.L.', 'Construcción', '2025-01-25', '2025-04-11', 'Fijo Discontínuo', 'OFICIALES DE TERCERA Y ESPECIALISTAS', 'Indefinido', 20, 73, NULL),
(29, 'B10000006', 'CENTRAL COMERCIO 006 S.L.', 'Logística', '2024-10-09', '2025-04-26', '50%', 'AYUDANTES NO TITULADOS', 'Indefinido', NULL, 185, NULL),
(29, 'B10000026', 'GLOBAL SERVICIOS 026 S.L.', 'Seguridad', '2025-07-29', '2026-01-11', 'Tiempo Completo', 'AUXILIARES ADMINISTRATIVOS', 'Indefinido', 30, 183, NULL),
(29, 'B10000004', 'IBÉRICA COMERCIO 004 S.L.', 'Seguridad', '2024-02-25', '2024-10-09', 'Fijo Discontínuo', 'AUXILIARES ADMINISTRATIVOS', 'Duración Determinada', 40, 225, NULL),
(30, 'B10000022', 'URBANA COMERCIO 022 S.L.', 'Seguridad', '2026-01-06', NULL, 'Fijo Discontínuo', 'INGENIEROS TÉCNICOS, PERITOS Y AYUDANTES TITULADOS', 'Duración Determinada', 30, 122, NULL),
(30, 'B10000010', 'CENTRAL LOGÍSTICA 010 S.L.', 'Comercio', '2024-08-02', '2024-09-27', 'Fijo Discontínuo', 'SUBALTERNOS', 'Duración Determinada', 40, 59, NULL),
(30, 'B10000007', 'EXPERTA GESTIÓN 007 S.L.', 'Logística', '2025-01-17', '2025-08-14', '75%', 'TRABAJADORES MENORES DE DIECIOCHO AÑOS, CUALQUIERA QUE SEA SU CATEGORÍA PROFESIONAL', 'Temporal', NULL, 194, NULL),
(30, 'B10000016', 'NORTE DISTRIBUCIÓN 016 S.L.', 'Administración', '2024-12-02', '2025-03-28', 'Tiempo Parcial', 'INGENIEROS Y LICENCIADOS  DE ALTA DIRECCIÓN', 'Temporal', 30, 122, NULL),
(31, 'B10000012', 'IBÉRICA LOGÍSTICA 012 S.L.', 'Comercio', '2024-03-17', '2024-10-25', '100%', 'OFICIALES ADMINISTRATIVOS', 'Temporal', NULL, 235, NULL),
(31, 'B10000008', 'NORTE SOLUCIONES 008 S.L.', 'Limpieza', '2024-06-02', '2024-07-21', 'Fijo Discontínuo', 'INGENIEROS TÉCNICOS, PERITOS Y AYUDANTES TITULADOS', 'Temporal', 30, 54, NULL),
(31, 'B10000004', 'IBÉRICA COMERCIO 004 S.L.', 'Seguridad', '2024-09-12', '2025-02-15', 'Tiempo Parcial', 'PEONES', 'Duración Determinada', 30, 146, 'Contrato para seguimiento de inserción.'),
(31, 'B10000007', 'EXPERTA GESTIÓN 007 S.L.', 'Logística', '2024-11-09', '2025-05-21', 'Tiempo Parcial', 'AUXILIARES ADMINISTRATIVOS', 'Temporal', 20, 206, NULL),
(31, 'B10000005', 'NORTE TECNOLOGÍA 005 S.L.', 'Construcción', '2024-10-14', '2025-04-26', 'Fijo Discontínuo', 'PEONES', 'Temporal', 30, 210, NULL),
(31, 'B10000013', 'GLOBAL DISTRIBUCIÓN 013 S.L.', 'Sanidad', '2024-10-08', '2024-11-15', '50%', 'OFICIALES DE PRIMERA Y SEGUNDA', 'Duración Determinada', NULL, 41, 'Contrato para seguimiento de inserción.'),
(32, 'B10000020', 'NUEVA COMERCIO 020 S.L.', 'Sanidad', '2024-12-01', '2025-02-25', '75%', 'SUBALTERNOS', 'Indefinido', NULL, 81, 'Contrato para seguimiento de inserción.'),
(32, 'B10000011', 'URBANA HOSTELERÍA 011 S.L.', 'Hostelería', '2025-05-10', '2025-07-12', '75%', 'AYUDANTES NO TITULADOS', 'Temporal', NULL, 64, 'Contrato para seguimiento de inserción.'),
(32, 'B10000028', 'NUEVA GESTIÓN 028 S.L.', 'Hostelería', '2025-10-01', '2026-01-22', 'Tiempo Completo', 'INGENIEROS TÉCNICOS, PERITOS Y AYUDANTES TITULADOS', 'Indefinido', 40, 103, NULL),
(32, 'B10000027', 'EXPERTA COMERCIO 027 S.L.', 'Tecnología', '2025-04-26', '2025-10-01', 'Tiempo Completo', 'OFICIALES ADMINISTRATIVOS', 'Temporal', 20, 157, NULL),
(32, 'B10000011', 'URBANA HOSTELERÍA 011 S.L.', 'Hostelería', '2025-07-23', '2025-12-11', 'Tiempo Completo', 'JEFES ADMINISTRATIVOS Y DE TALLER', 'Indefinido', 20, 132, 'Contrato para seguimiento de inserción.'),
(32, 'B10000011', 'URBANA HOSTELERÍA 011 S.L.', 'Hostelería', '2025-11-15', NULL, 'Fijo Discontínuo', 'AYUDANTES NO TITULADOS', 'Temporal', 20, 208, 'Contrato para seguimiento de inserción.'),
(32, 'B10000020', 'NUEVA COMERCIO 020 S.L.', 'Sanidad', '2025-11-24', '2025-12-28', '75%', 'OFICIALES DE TERCERA Y ESPECIALISTAS', 'Temporal', NULL, 38, 'Contrato para seguimiento de inserción.'),
(32, 'B10000025', 'EXPERTA TECNOLOGÍA 025 S.L.', 'Sanidad', '2025-06-07', '2025-11-12', 'Tiempo Completo', 'INGENIEROS Y LICENCIADOS  DE ALTA DIRECCIÓN', 'Temporal', 30, 148, NULL),
(32, 'B10000003', 'ALFA GESTIÓN 003 S.L.', 'Construcción', '2024-11-10', '2025-02-18', 'Tiempo Completo', 'INGENIEROS TÉCNICOS, PERITOS Y AYUDANTES TITULADOS', 'Temporal', 20, 94, NULL),
(32, 'B10000005', 'NORTE TECNOLOGÍA 005 S.L.', 'Construcción', '2024-10-01', '2024-11-13', 'Tiempo Completo', 'OFICIALES ADMINISTRATIVOS', 'Temporal', 20, 48, NULL),
(33, 'B10000022', 'URBANA COMERCIO 022 S.L.', 'Seguridad', '2024-10-06', '2024-11-28', 'Fijo Discontínuo', 'OFICIALES DE PRIMERA Y SEGUNDA', 'Temporal', 30, 55, NULL),
(33, 'B10000027', 'EXPERTA COMERCIO 027 S.L.', 'Tecnología', '2025-06-26', '2025-08-22', 'Tiempo Completo', 'PEONES', 'Duración Determinada', 20, 54, 'Contrato para seguimiento de inserción.'),
(33, 'B10000006', 'CENTRAL COMERCIO 006 S.L.', 'Logística', '2025-04-14', '2025-11-15', 'Tiempo Completo', 'TRABAJADORES MENORES DE DIECIOCHO AÑOS, CUALQUIERA QUE SEA SU CATEGORÍA PROFESIONAL', 'Indefinido', 20, 205, NULL),
(34, 'B10000010', 'CENTRAL LOGÍSTICA 010 S.L.', 'Comercio', '2024-05-31', '2024-08-27', 'Tiempo Completo', 'TRABAJADORES MENORES DE DIECIOCHO AÑOS, CUALQUIERA QUE SEA SU CATEGORÍA PROFESIONAL', 'Temporal', 20, 88, NULL),
(34, 'B10000005', 'NORTE TECNOLOGÍA 005 S.L.', 'Construcción', '2024-03-23', '2024-09-23', '100%', 'AUXILIARES ADMINISTRATIVOS', 'Indefinido', NULL, 192, NULL),
(34, 'B10000002', 'URBANA HOSTELERÍA 002 S.L.', 'Sanidad', '2024-02-18', '2024-04-08', 'Tiempo Parcial', 'INGENIEROS TÉCNICOS, PERITOS Y AYUDANTES TITULADOS', 'Indefinido', 40, 48, NULL),
(34, 'B10000021', 'URBANA COMERCIO 021 S.L.', 'Comercio', '2025-07-15', '2025-08-24', '75%', 'INGENIEROS TÉCNICOS, PERITOS Y AYUDANTES TITULADOS', 'Indefinido', NULL, 41, NULL),
(34, 'B10000002', 'URBANA HOSTELERÍA 002 S.L.', 'Sanidad', '2024-06-01', '2024-12-28', 'Tiempo Parcial', 'INGENIEROS TÉCNICOS, PERITOS Y AYUDANTES TITULADOS', 'Indefinido', 20, 212, 'Contrato para seguimiento de inserción.'),
(34, 'B10000003', 'ALFA GESTIÓN 003 S.L.', 'Construcción', '2024-08-27', '2024-10-14', 'Fijo Discontínuo', 'OFICIALES ADMINISTRATIVOS', 'Indefinido', 40, 50, NULL),
(34, 'B10000021', 'URBANA COMERCIO 021 S.L.', 'Comercio', '2024-08-24', '2024-11-28', 'Tiempo Completo', 'OFICIALES ADMINISTRATIVOS', 'Duración Determinada', 40, 89, 'Contrato para seguimiento de inserción.'),
(34, 'B10000007', 'EXPERTA GESTIÓN 007 S.L.', 'Logística', '2024-06-09', '2024-12-19', 'Tiempo Parcial', 'OFICIALES DE PRIMERA Y SEGUNDA', 'Duración Determinada', 40, 212, NULL),
(34, 'B10000010', 'CENTRAL LOGÍSTICA 010 S.L.', 'Comercio', '2025-03-25', '2025-11-06', 'Tiempo Parcial', 'SUBALTERNOS', 'Temporal', 30, 205, NULL),
(35, 'B10000008', 'NORTE SOLUCIONES 008 S.L.', 'Limpieza', '2025-05-23', '2026-01-07', '100%', 'OFICIALES ADMINISTRATIVOS', 'Indefinido', NULL, 239, NULL),
(35, 'B10000007', 'EXPERTA GESTIÓN 007 S.L.', 'Logística', '2025-12-01', NULL, 'Tiempo Completo', 'TRABAJADORES MENORES DE DIECIOCHO AÑOS, CUALQUIERA QUE SEA SU CATEGORÍA PROFESIONAL', 'Temporal', 40, 167, NULL),
(35, 'B10000019', 'GLOBAL LOGÍSTICA 019 S.L.', 'Tecnología', '2025-10-28', '2025-12-12', 'Tiempo Parcial', 'INGENIEROS Y LICENCIADOS  DE ALTA DIRECCIÓN', 'Temporal', 40, 47, NULL),
(35, 'B10000019', 'GLOBAL LOGÍSTICA 019 S.L.', 'Tecnología', '2025-10-21', NULL, 'Tiempo Parcial', 'INGENIEROS TÉCNICOS, PERITOS Y AYUDANTES TITULADOS', 'Indefinido', 20, 135, NULL),
(36, 'B10000006', 'CENTRAL COMERCIO 006 S.L.', 'Logística', '2024-12-31', '2025-05-05', 'Fijo Discontínuo', 'INGENIEROS Y LICENCIADOS  DE ALTA DIRECCIÓN', 'Indefinido', 30, 118, NULL),
(36, 'B10000015', 'NORTE TECNOLOGÍA 015 S.L.', 'Logística', '2024-05-14', '2024-12-03', 'Tiempo Completo', 'PEONES', 'Duración Determinada', 20, 207, NULL),
(36, 'B10000004', 'IBÉRICA COMERCIO 004 S.L.', 'Seguridad', '2024-06-27', '2025-01-02', '75%', 'OFICIALES DE PRIMERA Y SEGUNDA', 'Duración Determinada', NULL, 193, 'Contrato para seguimiento de inserción.'),
(36, 'B10000029', 'ALFA DISTRIBUCIÓN 029 S.L.', 'Atención al cliente', '2024-11-01', '2025-05-25', 'Fijo Discontínuo', 'TRABAJADORES MENORES DE DIECIOCHO AÑOS, CUALQUIERA QUE SEA SU CATEGORÍA PROFESIONAL', 'Duración Determinada', 30, 225, 'Contrato para seguimiento de inserción.'),
(36, 'B10000013', 'GLOBAL DISTRIBUCIÓN 013 S.L.', 'Sanidad', '2024-05-25', '2024-07-12', 'Tiempo Parcial', 'OFICIALES DE TERCERA Y ESPECIALISTAS', 'Duración Determinada', 20, 44, NULL),
(36, 'B10000002', 'URBANA HOSTELERÍA 002 S.L.', 'Sanidad', '2024-04-28', '2024-09-22', '75%', 'INGENIEROS Y LICENCIADOS  DE ALTA DIRECCIÓN', 'Temporal', NULL, 159, NULL),
(36, 'B10000005', 'NORTE TECNOLOGÍA 005 S.L.', 'Construcción', '2024-01-27', '2024-08-10', 'Fijo Discontínuo', 'OFICIALES DE TERCERA Y ESPECIALISTAS', 'Indefinido', 40, 216, NULL),
(37, 'B10000012', 'IBÉRICA LOGÍSTICA 012 S.L.', 'Comercio', '2024-10-03', '2024-12-04', '75%', 'AYUDANTES NO TITULADOS', 'Indefinido', NULL, 67, NULL),
(37, 'B10000026', 'GLOBAL SERVICIOS 026 S.L.', 'Seguridad', '2024-02-22', '2024-07-25', 'Tiempo Parcial', 'INGENIEROS Y LICENCIADOS  DE ALTA DIRECCIÓN', 'Temporal', 20, 148, NULL),
(37, 'B10000015', 'NORTE TECNOLOGÍA 015 S.L.', 'Logística', '2025-08-15', '2025-12-28', 'Fijo Discontínuo', 'TRABAJADORES MENORES DE DIECIOCHO AÑOS, CUALQUIERA QUE SEA SU CATEGORÍA PROFESIONAL', 'Indefinido', 40, 132, NULL),
(37, 'B10000011', 'URBANA HOSTELERÍA 011 S.L.', 'Hostelería', '2025-03-11', '2025-08-03', 'Fijo Discontínuo', 'SUBALTERNOS', 'Duración Determinada', 20, 152, NULL),
(37, 'B10000015', 'NORTE TECNOLOGÍA 015 S.L.', 'Logística', '2024-06-24', '2024-10-11', 'Tiempo Parcial', 'OFICIALES ADMINISTRATIVOS', 'Temporal', 40, 119, NULL),
(37, 'B10000009', 'NUEVA GESTIÓN 009 S.L.', 'Atención al cliente', '2024-02-21', '2024-10-11', 'Tiempo Completo', 'OFICIALES ADMINISTRATIVOS', 'Temporal', 20, 241, NULL),
(37, 'B10000022', 'URBANA COMERCIO 022 S.L.', 'Seguridad', '2024-12-25', '2025-04-16', 'Tiempo Parcial', 'INGENIEROS Y LICENCIADOS  DE ALTA DIRECCIÓN', 'Duración Determinada', 20, 113, NULL),
(38, 'B10000015', 'NORTE TECNOLOGÍA 015 S.L.', 'Logística', '2025-01-02', '2025-02-06', 'Tiempo Parcial', 'OFICIALES ADMINISTRATIVOS', 'Temporal', 40, 33, NULL),
(38, 'B10000004', 'IBÉRICA COMERCIO 004 S.L.', 'Seguridad', '2024-10-11', '2024-12-18', '75%', 'SUBALTERNOS', 'Temporal', NULL, 71, 'Contrato para seguimiento de inserción.'),
(38, 'B10000020', 'NUEVA COMERCIO 020 S.L.', 'Sanidad', '2024-12-23', '2025-04-01', 'Fijo Discontínuo', 'OFICIALES DE TERCERA Y ESPECIALISTAS', 'Temporal', 20, 92, NULL),
(38, 'B10000001', 'NORTE COMERCIO 001 S.L.', 'Atención al cliente', '2024-03-08', '2024-06-24', 'Tiempo Parcial', 'AUXILIARES ADMINISTRATIVOS', 'Indefinido', 20, 113, NULL),
(39, 'B10000017', 'NUEVA TECNOLOGÍA 017 S.L.', 'Limpieza', '2025-12-18', NULL, 'Tiempo Parcial', 'AYUDANTES NO TITULADOS', 'Temporal', 20, 112, NULL),
(39, 'B10000012', 'IBÉRICA LOGÍSTICA 012 S.L.', 'Comercio', '2025-10-12', '2026-01-09', 'Tiempo Parcial', 'OFICIALES DE TERCERA Y ESPECIALISTAS', 'Indefinido', 20, 95, NULL),
(39, 'B10000019', 'GLOBAL LOGÍSTICA 019 S.L.', 'Tecnología', '2025-12-29', NULL, 'Fijo Discontínuo', 'INGENIEROS Y LICENCIADOS  DE ALTA DIRECCIÓN', 'Duración Determinada', 30, 169, NULL),
(39, 'B10000020', 'NUEVA COMERCIO 020 S.L.', 'Sanidad', '2024-07-05', '2024-10-25', '100%', 'OFICIALES DE PRIMERA Y SEGUNDA', 'Duración Determinada', NULL, 110, NULL),
(39, 'B10000024', 'EXPERTA SERVICIOS 024 S.L.', 'Limpieza', '2024-10-02', '2024-11-12', 'Fijo Discontínuo', 'OFICIALES DE PRIMERA Y SEGUNDA', 'Duración Determinada', 40, 38, NULL),
(39, 'B10000025', 'EXPERTA TECNOLOGÍA 025 S.L.', 'Sanidad', '2024-02-24', '2024-06-24', '50%', 'PEONES', 'Indefinido', NULL, 122, NULL),
(39, 'B10000015', 'NORTE TECNOLOGÍA 015 S.L.', 'Logística', '2024-04-29', '2024-11-18', 'Fijo Discontínuo', 'AYUDANTES NO TITULADOS', 'Indefinido', 30, 189, NULL),
(39, 'B10000003', 'ALFA GESTIÓN 003 S.L.', 'Construcción', '2024-09-02', '2024-12-07', 'Fijo Discontínuo', 'PEONES', 'Duración Determinada', 20, 97, NULL),
(39, 'B10000009', 'NUEVA GESTIÓN 009 S.L.', 'Atención al cliente', '2024-11-11', '2025-04-02', '75%', 'AYUDANTES NO TITULADOS', 'Indefinido', NULL, 145, 'Contrato para seguimiento de inserción.'),
(40, 'B10000008', 'NORTE SOLUCIONES 008 S.L.', 'Limpieza', '2024-10-08', '2025-04-03', 'Fijo Discontínuo', 'JEFES ADMINISTRATIVOS Y DE TALLER', 'Indefinido', 40, 163, NULL),
(40, 'B10000024', 'EXPERTA SERVICIOS 024 S.L.', 'Limpieza', '2025-08-18', '2025-11-05', 'Fijo Discontínuo', 'AUXILIARES ADMINISTRATIVOS', 'Temporal', 40, 82, 'Contrato para seguimiento de inserción.'),
(40, 'B10000027', 'EXPERTA COMERCIO 027 S.L.', 'Tecnología', '2024-04-24', '2024-05-26', 'Tiempo Completo', 'INGENIEROS Y LICENCIADOS  DE ALTA DIRECCIÓN', 'Indefinido', 30, 33, NULL),
(40, 'B10000014', 'URBANA COMERCIO 014 S.L.', 'Limpieza', '2025-02-09', '2025-07-12', 'Tiempo Parcial', 'OFICIALES DE TERCERA Y ESPECIALISTAS', 'Indefinido', 30, 149, NULL),
(40, 'B10000022', 'URBANA COMERCIO 022 S.L.', 'Seguridad', '2025-07-19', '2025-10-12', '100%', 'JEFES ADMINISTRATIVOS Y DE TALLER', 'Temporal', NULL, 79, NULL),
(40, 'B10000012', 'IBÉRICA LOGÍSTICA 012 S.L.', 'Comercio', '2024-02-07', '2024-06-11', 'Fijo Discontínuo', 'OFICIALES ADMINISTRATIVOS', 'Temporal', 20, 132, NULL),
(40, 'B10000008', 'NORTE SOLUCIONES 008 S.L.', 'Limpieza', '2025-05-03', '2025-10-03', 'Tiempo Completo', 'JEFES ADMINISTRATIVOS Y DE TALLER', 'Indefinido', 30, 142, NULL),
(40, 'B10000028', 'NUEVA GESTIÓN 028 S.L.', 'Hostelería', '2024-08-05', '2024-09-23', 'Fijo Discontínuo', 'PEONES', 'Indefinido', 20, 54, NULL),
(40, 'B10000019', 'GLOBAL LOGÍSTICA 019 S.L.', 'Tecnología', '2024-05-03', '2024-08-09', 'Tiempo Completo', 'AYUDANTES NO TITULADOS', 'Indefinido', 30, 106, NULL),
(40, 'B10000013', 'GLOBAL DISTRIBUCIÓN 013 S.L.', 'Sanidad', '2025-12-13', NULL, 'Tiempo Completo', 'INGENIEROS TÉCNICOS, PERITOS Y AYUDANTES TITULADOS', 'Temporal', 30, 171, 'Contrato para seguimiento de inserción.'),
(41, 'B10000019', 'GLOBAL LOGÍSTICA 019 S.L.', 'Tecnología', '2025-03-22', '2025-09-14', 'Tiempo Completo', 'INGENIEROS TÉCNICOS, PERITOS Y AYUDANTES TITULADOS', 'Duración Determinada', 40, 169, NULL),
(41, 'B10000028', 'NUEVA GESTIÓN 028 S.L.', 'Hostelería', '2024-05-06', '2024-09-05', 'Tiempo Parcial', 'AUXILIARES ADMINISTRATIVOS', 'Temporal', 30, 115, NULL),
(41, 'B10000017', 'NUEVA TECNOLOGÍA 017 S.L.', 'Limpieza', '2025-06-19', '2026-01-14', 'Tiempo Completo', 'OFICIALES DE TERCERA Y ESPECIALISTAS', 'Indefinido', 30, 202, NULL),
(41, 'B10000018', 'CENTRAL DISTRIBUCIÓN 018 S.L.', 'Limpieza', '2024-11-21', '2024-12-28', '75%', 'OFICIALES DE TERCERA Y ESPECIALISTAS', 'Temporal', NULL, 40, NULL),
(41, 'B10000008', 'NORTE SOLUCIONES 008 S.L.', 'Limpieza', '2024-02-03', '2024-04-16', '100%', 'SUBALTERNOS', 'Duración Determinada', NULL, 68, NULL),
(41, 'B10000007', 'EXPERTA GESTIÓN 007 S.L.', 'Logística', '2025-04-14', '2025-10-09', 'Fijo Discontínuo', 'OFICIALES DE PRIMERA Y SEGUNDA', 'Indefinido', 40, 182, NULL),
(41, 'B10000014', 'URBANA COMERCIO 014 S.L.', 'Limpieza', '2024-09-15', '2025-02-12', '100%', 'AYUDANTES NO TITULADOS', 'Duración Determinada', NULL, 154, NULL),
(41, 'B10000017', 'NUEVA TECNOLOGÍA 017 S.L.', 'Limpieza', '2025-10-26', NULL, 'Fijo Discontínuo', 'OFICIALES DE PRIMERA Y SEGUNDA', 'Indefinido', 20, 207, NULL),
(41, 'B10000005', 'NORTE TECNOLOGÍA 005 S.L.', 'Construcción', '2024-12-21', '2025-02-13', 'Fijo Discontínuo', 'AUXILIARES ADMINISTRATIVOS', 'Indefinido', 40, 56, NULL),
(41, 'B10000013', 'GLOBAL DISTRIBUCIÓN 013 S.L.', 'Sanidad', '2025-06-09', '2025-10-23', 'Tiempo Parcial', 'SUBALTERNOS', 'Indefinido', 40, 147, 'Contrato para seguimiento de inserción.'),
(42, 'B10000001', 'NORTE COMERCIO 001 S.L.', 'Atención al cliente', '2024-09-17', '2025-04-17', 'Tiempo Parcial', 'INGENIEROS TÉCNICOS, PERITOS Y AYUDANTES TITULADOS', 'Indefinido', 30, 205, NULL),
(42, 'B10000023', 'URBANA SERVICIOS 023 S.L.', 'Seguridad', '2025-04-29', '2025-11-18', '50%', 'OFICIALES DE TERCERA Y ESPECIALISTAS', 'Indefinido', NULL, 189, NULL),
(43, 'B10000025', 'EXPERTA TECNOLOGÍA 025 S.L.', 'Sanidad', '2025-05-17', '2025-07-31', 'Tiempo Completo', 'AYUDANTES NO TITULADOS', 'Temporal', 20, 81, NULL),
(43, 'B10000016', 'NORTE DISTRIBUCIÓN 016 S.L.', 'Administración', '2024-06-28', '2024-12-31', '100%', 'SUBALTERNOS', 'Indefinido', NULL, 180, 'Contrato para seguimiento de inserción.'),
(43, 'B10000015', 'NORTE TECNOLOGÍA 015 S.L.', 'Logística', '2024-05-16', '2024-08-14', 'Tiempo Completo', 'JEFES ADMINISTRATIVOS Y DE TALLER', 'Indefinido', 20, 92, 'Contrato para seguimiento de inserción.'),
(43, 'B10000005', 'NORTE TECNOLOGÍA 005 S.L.', 'Construcción', '2024-10-05', '2025-03-20', '50%', 'OFICIALES DE PRIMERA Y SEGUNDA', 'Indefinido', NULL, 176, 'Contrato para seguimiento de inserción.'),
(43, 'B10000012', 'IBÉRICA LOGÍSTICA 012 S.L.', 'Comercio', '2024-12-02', '2025-01-03', 'Tiempo Completo', 'OFICIALES ADMINISTRATIVOS', 'Temporal', 20, 34, NULL),
(43, 'B10000030', 'CENTRAL TECNOLOGÍA 030 S.L.', 'Tecnología', '2025-11-27', NULL, 'Fijo Discontínuo', 'SUBALTERNOS', 'Duración Determinada', 40, 155, NULL),
(44, 'B10000010', 'CENTRAL LOGÍSTICA 010 S.L.', 'Comercio', '2024-09-11', '2024-10-31', 'Tiempo Completo', 'INGENIEROS Y LICENCIADOS  DE ALTA DIRECCIÓN', 'Indefinido', 40, 50, NULL),
(44, 'B10000004', 'IBÉRICA COMERCIO 004 S.L.', 'Seguridad', '2024-05-03', '2024-06-05', '75%', 'AYUDANTES NO TITULADOS', 'Duración Determinada', NULL, 33, NULL),
(44, 'B10000028', 'NUEVA GESTIÓN 028 S.L.', 'Hostelería', '2024-03-14', '2024-10-20', '100%', 'JEFES ADMINISTRATIVOS Y DE TALLER', 'Temporal', NULL, 236, 'Contrato para seguimiento de inserción.'),
(44, 'B10000023', 'URBANA SERVICIOS 023 S.L.', 'Seguridad', '2025-01-30', '2025-05-08', 'Tiempo Completo', 'PEONES', 'Duración Determinada', 20, 94, 'Contrato para seguimiento de inserción.'),
(44, 'B10000021', 'URBANA COMERCIO 021 S.L.', 'Comercio', '2024-06-10', '2024-10-27', '75%', 'AYUDANTES NO TITULADOS', 'Duración Determinada', NULL, 136, 'Contrato para seguimiento de inserción.'),
(44, 'B10000006', 'CENTRAL COMERCIO 006 S.L.', 'Logística', '2024-08-02', '2024-11-11', 'Tiempo Parcial', 'AUXILIARES ADMINISTRATIVOS', 'Temporal', 20, 100, 'Contrato para seguimiento de inserción.'),
(44, 'B10000014', 'URBANA COMERCIO 014 S.L.', 'Limpieza', '2024-10-24', '2024-12-24', '75%', 'OFICIALES DE TERCERA Y ESPECIALISTAS', 'Duración Determinada', NULL, 58, NULL),
(44, 'B10000025', 'EXPERTA TECNOLOGÍA 025 S.L.', 'Sanidad', '2024-10-10', '2025-01-19', 'Tiempo Completo', 'AUXILIARES ADMINISTRATIVOS', 'Duración Determinada', 20, 94, NULL),
(45, 'B10000018', 'CENTRAL DISTRIBUCIÓN 018 S.L.', 'Limpieza', '2025-07-07', '2025-09-14', 'Tiempo Completo', 'JEFES ADMINISTRATIVOS Y DE TALLER', 'Duración Determinada', 20, 66, NULL),
(45, 'B10000008', 'NORTE SOLUCIONES 008 S.L.', 'Limpieza', '2025-10-11', NULL, 'Tiempo Parcial', 'AYUDANTES NO TITULADOS', 'Duración Determinada', 30, 212, NULL),
(45, 'B10000014', 'URBANA COMERCIO 014 S.L.', 'Limpieza', '2024-01-23', '2024-04-28', '100%', 'OFICIALES DE TERCERA Y ESPECIALISTAS', 'Indefinido', NULL, 106, 'Contrato para seguimiento de inserción.'),
(45, 'B10000012', 'IBÉRICA LOGÍSTICA 012 S.L.', 'Comercio', '2025-10-19', NULL, 'Fijo Discontínuo', 'JEFES ADMINISTRATIVOS Y DE TALLER', 'Temporal', 20, 123, NULL),
(45, 'B10000024', 'EXPERTA SERVICIOS 024 S.L.', 'Limpieza', '2025-08-08', '2025-09-28', 'Tiempo Completo', 'TRABAJADORES MENORES DE DIECIOCHO AÑOS, CUALQUIERA QUE SEA SU CATEGORÍA PROFESIONAL', 'Indefinido', 20, 50, NULL),
(46, 'B10000016', 'NORTE DISTRIBUCIÓN 016 S.L.', 'Administración', '2025-06-16', '2026-01-23', 'Tiempo Completo', 'TRABAJADORES MENORES DE DIECIOCHO AÑOS, CUALQUIERA QUE SEA SU CATEGORÍA PROFESIONAL', 'Temporal', 20, 223, NULL),
(46, 'B10000010', 'CENTRAL LOGÍSTICA 010 S.L.', 'Comercio', '2024-07-08', '2025-02-17', '100%', 'PEONES', 'Duración Determinada', NULL, 229, NULL),
(46, 'B10000008', 'NORTE SOLUCIONES 008 S.L.', 'Limpieza', '2025-03-01', '2025-10-21', '75%', 'SUBALTERNOS', 'Duración Determinada', NULL, 236, NULL),
(46, 'B10000020', 'NUEVA COMERCIO 020 S.L.', 'Sanidad', '2024-04-05', '2024-05-23', 'Tiempo Completo', 'PEONES', 'Duración Determinada', 30, 51, NULL),
(46, 'B10000013', 'GLOBAL DISTRIBUCIÓN 013 S.L.', 'Sanidad', '2025-08-30', NULL, 'Tiempo Parcial', 'TRABAJADORES MENORES DE DIECIOCHO AÑOS, CUALQUIERA QUE SEA SU CATEGORÍA PROFESIONAL', 'Duración Determinada', 40, 173, NULL),
(46, 'B10000003', 'ALFA GESTIÓN 003 S.L.', 'Construcción', '2025-03-25', '2025-10-01', 'Fijo Discontínuo', 'JEFES ADMINISTRATIVOS Y DE TALLER', 'Duración Determinada', 40, 188, 'Contrato para seguimiento de inserción.'),
(46, 'B10000029', 'ALFA DISTRIBUCIÓN 029 S.L.', 'Atención al cliente', '2024-02-10', '2024-06-21', 'Fijo Discontínuo', 'INGENIEROS Y LICENCIADOS  DE ALTA DIRECCIÓN', 'Temporal', 20, 129, NULL),
(46, 'B10000012', 'IBÉRICA LOGÍSTICA 012 S.L.', 'Comercio', '2026-01-13', NULL, 'Tiempo Parcial', 'PEONES', 'Indefinido', 20, 207, NULL),
(46, 'B10000002', 'URBANA HOSTELERÍA 002 S.L.', 'Sanidad', '2025-03-27', '2025-07-12', 'Fijo Discontínuo', 'OFICIALES DE PRIMERA Y SEGUNDA', 'Indefinido', 30, 103, 'Contrato para seguimiento de inserción.'),
(47, 'B10000025', 'EXPERTA TECNOLOGÍA 025 S.L.', 'Sanidad', '2025-09-18', NULL, 'Fijo Discontínuo', 'OFICIALES DE PRIMERA Y SEGUNDA', 'Temporal', 40, 228, NULL),
(47, 'B10000013', 'GLOBAL DISTRIBUCIÓN 013 S.L.', 'Sanidad', '2025-06-14', '2025-12-14', 'Fijo Discontínuo', 'INGENIEROS Y LICENCIADOS  DE ALTA DIRECCIÓN', 'Temporal', 30, 171, 'Contrato para seguimiento de inserción.'),
(47, 'B10000011', 'URBANA HOSTELERÍA 011 S.L.', 'Hostelería', '2024-05-07', '2024-08-05', '100%', 'OFICIALES DE TERCERA Y ESPECIALISTAS', 'Temporal', NULL, 94, NULL),
(47, 'B10000027', 'EXPERTA COMERCIO 027 S.L.', 'Tecnología', '2026-01-02', NULL, 'Tiempo Parcial', 'TRABAJADORES MENORES DE DIECIOCHO AÑOS, CUALQUIERA QUE SEA SU CATEGORÍA PROFESIONAL', 'Duración Determinada', 20, 126, NULL),
(47, 'B10000027', 'EXPERTA COMERCIO 027 S.L.', 'Tecnología', '2024-10-25', '2025-02-23', 'Tiempo Parcial', 'TRABAJADORES MENORES DE DIECIOCHO AÑOS, CUALQUIERA QUE SEA SU CATEGORÍA PROFESIONAL', 'Duración Determinada', 20, 125, NULL),
(47, 'B10000022', 'URBANA COMERCIO 022 S.L.', 'Seguridad', '2024-02-17', '2024-06-15', 'Tiempo Parcial', 'OFICIALES DE PRIMERA Y SEGUNDA', 'Duración Determinada', 40, 128, NULL),
(48, 'B10000006', 'CENTRAL COMERCIO 006 S.L.', 'Logística', '2024-10-19', '2025-02-04', 'Tiempo Parcial', 'PEONES', 'Indefinido', 30, 116, 'Contrato para seguimiento de inserción.'),
(48, 'B10000009', 'NUEVA GESTIÓN 009 S.L.', 'Atención al cliente', '2024-11-17', '2025-06-09', 'Tiempo Parcial', 'OFICIALES DE TERCERA Y ESPECIALISTAS', 'Duración Determinada', 30, 221, NULL),
(48, 'B10000030', 'CENTRAL TECNOLOGÍA 030 S.L.', 'Tecnología', '2025-02-14', '2025-08-28', 'Tiempo Completo', 'AUXILIARES ADMINISTRATIVOS', 'Indefinido', 20, 201, NULL),
(48, 'B10000017', 'NUEVA TECNOLOGÍA 017 S.L.', 'Limpieza', '2024-03-08', '2024-08-08', 'Tiempo Parcial', 'AUXILIARES ADMINISTRATIVOS', 'Temporal', 30, 153, NULL),
(48, 'B10000001', 'NORTE COMERCIO 001 S.L.', 'Atención al cliente', '2025-02-05', '2025-08-24', 'Tiempo Completo', 'TRABAJADORES MENORES DE DIECIOCHO AÑOS, CUALQUIERA QUE SEA SU CATEGORÍA PROFESIONAL', 'Duración Determinada', 40, 209, NULL),
(48, 'B10000001', 'NORTE COMERCIO 001 S.L.', 'Atención al cliente', '2025-02-25', '2025-06-17', 'Tiempo Parcial', 'SUBALTERNOS', 'Duración Determinada', 40, 112, NULL),
(48, 'B10000015', 'NORTE TECNOLOGÍA 015 S.L.', 'Logística', '2024-01-04', '2024-06-25', 'Tiempo Completo', 'TRABAJADORES MENORES DE DIECIOCHO AÑOS, CUALQUIERA QUE SEA SU CATEGORÍA PROFESIONAL', 'Temporal', 30, 174, NULL),
(48, 'B10000007', 'EXPERTA GESTIÓN 007 S.L.', 'Logística', '2025-04-19', '2025-09-10', '50%', 'INGENIEROS Y LICENCIADOS  DE ALTA DIRECCIÓN', 'Duración Determinada', NULL, 147, NULL),
(49, 'B10000007', 'EXPERTA GESTIÓN 007 S.L.', 'Logística', '2024-06-28', '2024-11-13', 'Tiempo Parcial', 'OFICIALES DE PRIMERA Y SEGUNDA', 'Duración Determinada', 40, 149, NULL),
(49, 'B10000019', 'GLOBAL LOGÍSTICA 019 S.L.', 'Tecnología', '2025-10-07', '2025-12-13', 'Tiempo Parcial', 'TRABAJADORES MENORES DE DIECIOCHO AÑOS, CUALQUIERA QUE SEA SU CATEGORÍA PROFESIONAL', 'Temporal', 40, 63, NULL),
(49, 'B10000015', 'NORTE TECNOLOGÍA 015 S.L.', 'Logística', '2025-08-14', '2025-09-19', 'Tiempo Parcial', 'TRABAJADORES MENORES DE DIECIOCHO AÑOS, CUALQUIERA QUE SEA SU CATEGORÍA PROFESIONAL', 'Temporal', 30, 34, NULL),
(49, 'B10000011', 'URBANA HOSTELERÍA 011 S.L.', 'Hostelería', '2025-07-15', NULL, 'Tiempo Completo', 'OFICIALES DE TERCERA Y ESPECIALISTAS', 'Temporal', 20, 207, 'Contrato para seguimiento de inserción.'),
(49, 'B10000004', 'IBÉRICA COMERCIO 004 S.L.', 'Seguridad', '2025-05-14', '2025-09-20', '50%', 'OFICIALES DE PRIMERA Y SEGUNDA', 'Indefinido', NULL, 121, NULL),
(49, 'B10000024', 'EXPERTA SERVICIOS 024 S.L.', 'Limpieza', '2025-03-06', '2025-05-01', 'Tiempo Completo', 'PEONES', 'Indefinido', 40, 60, 'Contrato para seguimiento de inserción.'),
(49, 'B10000012', 'IBÉRICA LOGÍSTICA 012 S.L.', 'Comercio', '2025-03-15', '2025-11-01', 'Tiempo Completo', 'SUBALTERNOS', 'Temporal', 30, 218, 'Contrato para seguimiento de inserción.'),
(49, 'B10000012', 'IBÉRICA LOGÍSTICA 012 S.L.', 'Comercio', '2025-10-01', '2025-12-15', 'Tiempo Completo', 'OFICIALES DE PRIMERA Y SEGUNDA', 'Temporal', 40, 76, NULL),
(49, 'B10000010', 'CENTRAL LOGÍSTICA 010 S.L.', 'Comercio', '2024-03-16', '2024-10-30', 'Tiempo Parcial', 'INGENIEROS TÉCNICOS, PERITOS Y AYUDANTES TITULADOS', 'Indefinido', 20, 212, NULL),
(50, 'B10000003', 'ALFA GESTIÓN 003 S.L.', 'Construcción', '2024-02-22', '2024-05-07', 'Tiempo Parcial', 'SUBALTERNOS', 'Indefinido', 20, 76, NULL),
(50, 'B10000017', 'NUEVA TECNOLOGÍA 017 S.L.', 'Limpieza', '2024-01-31', '2024-04-06', 'Tiempo Completo', 'TRABAJADORES MENORES DE DIECIOCHO AÑOS, CUALQUIERA QUE SEA SU CATEGORÍA PROFESIONAL', 'Indefinido', 30, 63, NULL),
(50, 'B10000002', 'URBANA HOSTELERÍA 002 S.L.', 'Sanidad', '2024-08-23', '2025-03-24', '100%', 'OFICIALES DE PRIMERA Y SEGUNDA', 'Duración Determinada', NULL, 215, NULL),
(50, 'B10000023', 'URBANA SERVICIOS 023 S.L.', 'Seguridad', '2024-06-18', '2024-08-11', 'Fijo Discontínuo', 'INGENIEROS Y LICENCIADOS  DE ALTA DIRECCIÓN', 'Indefinido', 30, 50, NULL),
(50, 'B10000005', 'NORTE TECNOLOGÍA 005 S.L.', 'Construcción', '2025-05-24', '2025-10-01', '100%', 'INGENIEROS Y LICENCIADOS  DE ALTA DIRECCIÓN', 'Duración Determinada', NULL, 139, 'Contrato para seguimiento de inserción.'),
(50, 'B10000007', 'EXPERTA GESTIÓN 007 S.L.', 'Logística', '2025-02-04', '2025-04-06', 'Fijo Discontínuo', 'AUXILIARES ADMINISTRATIVOS', 'Temporal', 20, 64, NULL),
(51, 'B10000011', 'URBANA HOSTELERÍA 011 S.L.', 'Hostelería', '2025-09-28', '2025-12-21', 'Fijo Discontínuo', 'OFICIALES DE TERCERA Y ESPECIALISTAS', 'Duración Determinada', 30, 93, 'Contrato para seguimiento de inserción.'),
(51, 'B10000023', 'URBANA SERVICIOS 023 S.L.', 'Seguridad', '2025-10-09', NULL, 'Tiempo Completo', 'INGENIEROS TÉCNICOS, PERITOS Y AYUDANTES TITULADOS', 'Temporal', 30, 190, NULL),
(51, 'B10000018', 'CENTRAL DISTRIBUCIÓN 018 S.L.', 'Limpieza', '2024-09-01', '2025-01-13', 'Fijo Discontínuo', 'OFICIALES ADMINISTRATIVOS', 'Temporal', 40, 140, NULL),
(51, 'B10000004', 'IBÉRICA COMERCIO 004 S.L.', 'Seguridad', '2025-11-08', '2026-01-19', '75%', 'OFICIALES DE PRIMERA Y SEGUNDA', 'Indefinido', NULL, 66, NULL),
(51, 'B10000029', 'ALFA DISTRIBUCIÓN 029 S.L.', 'Atención al cliente', '2025-03-16', '2025-07-09', '50%', 'SUBALTERNOS', 'Temporal', NULL, 124, NULL),
(51, 'B10000017', 'NUEVA TECNOLOGÍA 017 S.L.', 'Limpieza', '2024-01-23', '2024-05-11', 'Tiempo Parcial', 'SUBALTERNOS', 'Temporal', 40, 107, NULL),
(51, 'B10000015', 'NORTE TECNOLOGÍA 015 S.L.', 'Logística', '2024-03-03', '2024-09-02', '100%', 'AYUDANTES NO TITULADOS', 'Indefinido', NULL, 194, NULL),
(51, 'B10000028', 'NUEVA GESTIÓN 028 S.L.', 'Hostelería', '2026-01-01', NULL, 'Fijo Discontínuo', 'INGENIEROS Y LICENCIADOS  DE ALTA DIRECCIÓN', 'Duración Determinada', 40, 104, 'Contrato para seguimiento de inserción.'),
(52, 'B10000030', 'CENTRAL TECNOLOGÍA 030 S.L.', 'Tecnología', '2025-08-20', NULL, 'Tiempo Parcial', 'PEONES', 'Temporal', 30, 247, 'Contrato para seguimiento de inserción.'),
(52, 'B10000011', 'URBANA HOSTELERÍA 011 S.L.', 'Hostelería', '2025-03-03', '2025-10-23', '100%', 'INGENIEROS TÉCNICOS, PERITOS Y AYUDANTES TITULADOS', 'Indefinido', NULL, 242, NULL),
(52, 'B10000026', 'GLOBAL SERVICIOS 026 S.L.', 'Seguridad', '2025-04-30', '2025-11-30', 'Tiempo Parcial', 'AUXILIARES ADMINISTRATIVOS', 'Duración Determinada', 40, 202, NULL),
(52, 'B10000025', 'EXPERTA TECNOLOGÍA 025 S.L.', 'Sanidad', '2024-09-02', '2025-03-04', 'Fijo Discontínuo', 'PEONES', 'Duración Determinada', 20, 167, NULL),
(52, 'B10000004', 'IBÉRICA COMERCIO 004 S.L.', 'Seguridad', '2025-03-11', '2025-10-06', 'Tiempo Parcial', 'OFICIALES ADMINISTRATIVOS', 'Indefinido', 40, 231, NULL),
(53, 'B10000013', 'GLOBAL DISTRIBUCIÓN 013 S.L.', 'Sanidad', '2025-07-31', '2026-01-04', 'Tiempo Completo', 'SUBALTERNOS', 'Temporal', 30, 146, 'Contrato para seguimiento de inserción.'),
(53, 'B10000019', 'GLOBAL LOGÍSTICA 019 S.L.', 'Tecnología', '2025-07-27', NULL, 'Fijo Discontínuo', 'INGENIEROS TÉCNICOS, PERITOS Y AYUDANTES TITULADOS', 'Indefinido', 30, 259, 'Contrato para seguimiento de inserción.'),
(54, 'B10000003', 'ALFA GESTIÓN 003 S.L.', 'Construcción', '2025-04-10', '2025-08-24', 'Tiempo Completo', 'INGENIEROS Y LICENCIADOS  DE ALTA DIRECCIÓN', 'Temporal', 30, 141, 'Contrato para seguimiento de inserción.'),
(54, 'B10000006', 'CENTRAL COMERCIO 006 S.L.', 'Logística', '2024-12-04', '2025-06-12', '75%', 'AYUDANTES NO TITULADOS', 'Temporal', NULL, 176, NULL),
(54, 'B10000018', 'CENTRAL DISTRIBUCIÓN 018 S.L.', 'Limpieza', '2025-08-29', NULL, 'Tiempo Completo', 'AUXILIARES ADMINISTRATIVOS', 'Duración Determinada', 40, 155, NULL),
(54, 'B10000008', 'NORTE SOLUCIONES 008 S.L.', 'Limpieza', '2025-02-17', '2025-06-15', 'Tiempo Parcial', 'INGENIEROS TÉCNICOS, PERITOS Y AYUDANTES TITULADOS', 'Duración Determinada', 40, 123, 'Contrato para seguimiento de inserción.'),
(54, 'B10000002', 'URBANA HOSTELERÍA 002 S.L.', 'Sanidad', '2024-04-24', '2024-09-13', 'Fijo Discontínuo', 'OFICIALES DE PRIMERA Y SEGUNDA', 'Temporal', 20, 140, NULL),
(54, 'B10000027', 'EXPERTA COMERCIO 027 S.L.', 'Tecnología', '2025-09-25', '2025-11-01', '50%', 'AUXILIARES ADMINISTRATIVOS', 'Temporal', NULL, 37, NULL),
(54, 'B10000028', 'NUEVA GESTIÓN 028 S.L.', 'Hostelería', '2024-04-15', '2024-10-15', 'Fijo Discontínuo', 'PEONES', 'Duración Determinada', 20, 182, 'Contrato para seguimiento de inserción.'),
(54, 'B10000028', 'NUEVA GESTIÓN 028 S.L.', 'Hostelería', '2024-12-21', '2025-02-07', '100%', 'AYUDANTES NO TITULADOS', 'Temporal', NULL, 52, NULL),
(54, 'B10000012', 'IBÉRICA LOGÍSTICA 012 S.L.', 'Comercio', '2024-11-02', '2025-04-28', 'Tiempo Completo', 'PEONES', 'Indefinido', 40, 162, NULL),
(54, 'B10000029', 'ALFA DISTRIBUCIÓN 029 S.L.', 'Atención al cliente', '2024-10-25', '2025-05-20', 'Fijo Discontínuo', 'TRABAJADORES MENORES DE DIECIOCHO AÑOS, CUALQUIERA QUE SEA SU CATEGORÍA PROFESIONAL', 'Indefinido', 30, 216, NULL),
(55, 'B10000010', 'CENTRAL LOGÍSTICA 010 S.L.', 'Comercio', '2024-01-29', '2024-06-20', 'Tiempo Completo', 'AYUDANTES NO TITULADOS', 'Temporal', 40, 132, NULL),
(55, 'B10000020', 'NUEVA COMERCIO 020 S.L.', 'Sanidad', '2025-05-27', '2025-08-29', 'Tiempo Parcial', 'JEFES ADMINISTRATIVOS Y DE TALLER', 'Temporal', 40, 98, NULL),
(55, 'B10000023', 'URBANA SERVICIOS 023 S.L.', 'Seguridad', '2025-03-28', '2025-09-17', '75%', 'JEFES ADMINISTRATIVOS Y DE TALLER', 'Indefinido', NULL, 173, NULL),
(55, 'B10000006', 'CENTRAL COMERCIO 006 S.L.', 'Logística', '2025-06-16', '2026-01-14', 'Tiempo Parcial', 'TRABAJADORES MENORES DE DIECIOCHO AÑOS, CUALQUIERA QUE SEA SU CATEGORÍA PROFESIONAL', 'Indefinido', 40, 208, NULL),
(55, 'B10000004', 'IBÉRICA COMERCIO 004 S.L.', 'Seguridad', '2025-10-01', '2026-01-05', 'Tiempo Parcial', 'OFICIALES DE TERCERA Y ESPECIALISTAS', 'Duración Determinada', 20, 96, NULL),
(55, 'B10000028', 'NUEVA GESTIÓN 028 S.L.', 'Hostelería', '2025-05-11', '2025-08-25', 'Tiempo Parcial', 'OFICIALES DE PRIMERA Y SEGUNDA', 'Indefinido', 30, 116, 'Contrato para seguimiento de inserción.'),
(55, 'B10000014', 'URBANA COMERCIO 014 S.L.', 'Limpieza', '2024-07-05', '2024-08-18', 'Fijo Discontínuo', 'INGENIEROS Y LICENCIADOS  DE ALTA DIRECCIÓN', 'Temporal', 20, 42, 'Contrato para seguimiento de inserción.'),
(55, 'B10000016', 'NORTE DISTRIBUCIÓN 016 S.L.', 'Administración', '2024-04-07', '2024-05-11', 'Fijo Discontínuo', 'TRABAJADORES MENORES DE DIECIOCHO AÑOS, CUALQUIERA QUE SEA SU CATEGORÍA PROFESIONAL', 'Temporal', 40, 34, NULL),
(56, 'B10000006', 'CENTRAL COMERCIO 006 S.L.', 'Logística', '2024-08-23', '2025-03-12', 'Fijo Discontínuo', 'INGENIEROS Y LICENCIADOS  DE ALTA DIRECCIÓN', 'Duración Determinada', 40, 183, NULL),
(56, 'B10000015', 'NORTE TECNOLOGÍA 015 S.L.', 'Logística', '2025-04-07', '2025-10-09', '100%', 'JEFES ADMINISTRATIVOS Y DE TALLER', 'Indefinido', NULL, 204, NULL),
(57, 'B10000004', 'IBÉRICA COMERCIO 004 S.L.', 'Seguridad', '2025-06-21', '2025-11-03', 'Tiempo Completo', 'INGENIEROS Y LICENCIADOS  DE ALTA DIRECCIÓN', 'Temporal', 30, 147, NULL),
(57, 'B10000008', 'NORTE SOLUCIONES 008 S.L.', 'Limpieza', '2025-12-08', '2026-01-09', 'Tiempo Parcial', 'INGENIEROS TÉCNICOS, PERITOS Y AYUDANTES TITULADOS', 'Duración Determinada', 20, 30, NULL),
(57, 'B10000003', 'ALFA GESTIÓN 003 S.L.', 'Construcción', '2024-09-01', '2025-03-07', 'Tiempo Parcial', 'AUXILIARES ADMINISTRATIVOS', 'Duración Determinada', 30, 195, NULL),
(57, 'B10000016', 'NORTE DISTRIBUCIÓN 016 S.L.', 'Administración', '2025-09-08', NULL, 'Tiempo Completo', 'JEFES ADMINISTRATIVOS Y DE TALLER', 'Indefinido', 40, 187, NULL),
(57, 'B10000026', 'GLOBAL SERVICIOS 026 S.L.', 'Seguridad', '2025-05-31', '2026-01-08', 'Tiempo Parcial', 'JEFES ADMINISTRATIVOS Y DE TALLER', 'Temporal', 40, 202, NULL),
(57, 'B10000006', 'CENTRAL COMERCIO 006 S.L.', 'Logística', '2024-08-03', '2024-10-06', 'Tiempo Completo', 'OFICIALES DE PRIMERA Y SEGUNDA', 'Indefinido', 40, 61, NULL),
(57, 'B10000011', 'URBANA HOSTELERÍA 011 S.L.', 'Hostelería', '2025-10-26', NULL, 'Fijo Discontínuo', 'INGENIEROS Y LICENCIADOS  DE ALTA DIRECCIÓN', 'Indefinido', 40, 238, NULL),
(58, 'B10000011', 'URBANA HOSTELERÍA 011 S.L.', 'Hostelería', '2025-07-31', '2026-01-06', 'Tiempo Completo', 'INGENIEROS Y LICENCIADOS  DE ALTA DIRECCIÓN', 'Indefinido', 20, 164, NULL),
(58, 'B10000014', 'URBANA COMERCIO 014 S.L.', 'Limpieza', '2026-01-03', NULL, 'Fijo Discontínuo', 'AUXILIARES ADMINISTRATIVOS', 'Indefinido', 40, 59, NULL),
(58, 'B10000006', 'CENTRAL COMERCIO 006 S.L.', 'Logística', '2025-05-13', '2025-12-21', 'Tiempo Parcial', 'INGENIEROS Y LICENCIADOS  DE ALTA DIRECCIÓN', 'Indefinido', 40, 236, 'Contrato para seguimiento de inserción.'),
(58, 'B10000018', 'CENTRAL DISTRIBUCIÓN 018 S.L.', 'Limpieza', '2024-07-24', '2025-01-11', 'Tiempo Parcial', 'AYUDANTES NO TITULADOS', 'Duración Determinada', 20, 167, NULL),
(58, 'B10000012', 'IBÉRICA LOGÍSTICA 012 S.L.', 'Comercio', '2025-09-19', '2025-12-14', 'Fijo Discontínuo', 'AYUDANTES NO TITULADOS', 'Duración Determinada', 40, 87, NULL),
(58, 'B10000006', 'CENTRAL COMERCIO 006 S.L.', 'Logística', '2024-05-05', '2024-10-29', 'Tiempo Parcial', 'OFICIALES DE PRIMERA Y SEGUNDA', 'Temporal', 20, 171, 'Contrato para seguimiento de inserción.');

INSERT INTO hiring_contracts (student_id, company_nif, company_name, sector, start_date, end_date, workday_pct, contribution_group, contract_type, weekly_hours, contributed_days, notes) VALUES
(59, 'B10000002', 'URBANA HOSTELERÍA 002 S.L.', 'Sanidad', '2024-06-09', '2024-12-17', 'Fijo Discontínuo', 'OFICIALES DE TERCERA Y ESPECIALISTAS', 'Duración Determinada', 40, 208, NULL),
(59, 'B10000022', 'URBANA COMERCIO 022 S.L.', 'Seguridad', '2024-10-05', '2025-01-30', '75%', 'OFICIALES ADMINISTRATIVOS', 'Indefinido', NULL, 121, NULL),
(59, 'B10000020', 'NUEVA COMERCIO 020 S.L.', 'Sanidad', '2024-06-23', '2024-09-22', 'Fijo Discontínuo', 'SUBALTERNOS', 'Duración Determinada', 40, 93, NULL),
(59, 'B10000018', 'CENTRAL DISTRIBUCIÓN 018 S.L.', 'Limpieza', '2025-06-28', '2025-09-30', 'Fijo Discontínuo', 'OFICIALES DE PRIMERA Y SEGUNDA', 'Temporal', 30, 92, 'Contrato para seguimiento de inserción.'),
(59, 'B10000006', 'CENTRAL COMERCIO 006 S.L.', 'Logística', '2025-01-03', '2025-02-02', 'Tiempo Parcial', 'SUBALTERNOS', 'Temporal', 30, 30, NULL),
(59, 'B10000028', 'NUEVA GESTIÓN 028 S.L.', 'Hostelería', '2024-02-03', '2024-09-18', 'Tiempo Parcial', 'TRABAJADORES MENORES DE DIECIOCHO AÑOS, CUALQUIERA QUE SEA SU CATEGORÍA PROFESIONAL', 'Indefinido', 40, 229, NULL),
(59, 'B10000012', 'IBÉRICA LOGÍSTICA 012 S.L.', 'Comercio', '2024-05-19', '2024-10-16', '100%', 'TRABAJADORES MENORES DE DIECIOCHO AÑOS, CUALQUIERA QUE SEA SU CATEGORÍA PROFESIONAL', 'Indefinido', NULL, 151, NULL),
(59, 'B10000005', 'NORTE TECNOLOGÍA 005 S.L.', 'Construcción', '2024-12-14', '2025-07-31', 'Fijo Discontínuo', 'OFICIALES DE TERCERA Y ESPECIALISTAS', 'Duración Determinada', 30, 213, NULL),
(59, 'B10000011', 'URBANA HOSTELERÍA 011 S.L.', 'Hostelería', '2024-10-11', '2025-03-23', '100%', 'INGENIEROS Y LICENCIADOS  DE ALTA DIRECCIÓN', 'Indefinido', NULL, 178, NULL),
(60, 'B10000023', 'URBANA SERVICIOS 023 S.L.', 'Seguridad', '2024-07-28', '2024-10-03', 'Tiempo Parcial', 'AYUDANTES NO TITULADOS', 'Indefinido', 20, 63, 'Contrato para seguimiento de inserción.'),
(60, 'B10000020', 'NUEVA COMERCIO 020 S.L.', 'Sanidad', '2024-10-20', '2025-02-11', 'Fijo Discontínuo', 'PEONES', 'Temporal', 20, 119, 'Contrato para seguimiento de inserción.'),
(60, 'B10000001', 'NORTE COMERCIO 001 S.L.', 'Atención al cliente', '2025-08-07', '2026-01-24', 'Tiempo Completo', 'INGENIEROS TÉCNICOS, PERITOS Y AYUDANTES TITULADOS', 'Duración Determinada', 20, 178, NULL),
(61, 'B10000024', 'EXPERTA SERVICIOS 024 S.L.', 'Limpieza', '2024-08-03', '2025-02-01', 'Tiempo Parcial', 'PEONES', 'Indefinido', 20, 199, 'Contrato para seguimiento de inserción.'),
(61, 'B10000025', 'EXPERTA TECNOLOGÍA 025 S.L.', 'Sanidad', '2024-08-04', '2024-11-09', 'Tiempo Completo', 'PEONES', 'Duración Determinada', 20, 99, NULL),
(61, 'B10000026', 'GLOBAL SERVICIOS 026 S.L.', 'Seguridad', '2024-10-16', '2025-03-23', 'Tiempo Completo', 'OFICIALES DE TERCERA Y ESPECIALISTAS', 'Temporal', 20, 166, NULL),
(61, 'B10000005', 'NORTE TECNOLOGÍA 005 S.L.', 'Construcción', '2024-03-29', '2024-07-30', '50%', 'AUXILIARES ADMINISTRATIVOS', 'Temporal', NULL, 115, NULL),
(62, 'B10000021', 'URBANA COMERCIO 021 S.L.', 'Comercio', '2025-11-07', NULL, 'Fijo Discontínuo', 'INGENIEROS TÉCNICOS, PERITOS Y AYUDANTES TITULADOS', 'Temporal', 20, 106, 'Contrato para seguimiento de inserción.'),
(62, 'B10000013', 'GLOBAL DISTRIBUCIÓN 013 S.L.', 'Sanidad', '2025-12-08', '2026-01-31', '100%', 'AYUDANTES NO TITULADOS', 'Temporal', NULL, 55, NULL),
(62, 'B10000016', 'NORTE DISTRIBUCIÓN 016 S.L.', 'Administración', '2025-03-28', '2025-08-27', '75%', 'INGENIEROS TÉCNICOS, PERITOS Y AYUDANTES TITULADOS', 'Indefinido', NULL, 146, NULL),
(62, 'B10000025', 'EXPERTA TECNOLOGÍA 025 S.L.', 'Sanidad', '2024-12-29', '2025-02-22', 'Tiempo Completo', 'AYUDANTES NO TITULADOS', 'Temporal', 30, 53, NULL),
(62, 'B10000027', 'EXPERTA COMERCIO 027 S.L.', 'Tecnología', '2025-02-12', '2025-03-18', '50%', 'INGENIEROS TÉCNICOS, PERITOS Y AYUDANTES TITULADOS', 'Temporal', NULL, 38, 'Contrato para seguimiento de inserción.'),
(62, 'B10000012', 'IBÉRICA LOGÍSTICA 012 S.L.', 'Comercio', '2024-03-08', '2024-10-31', '100%', 'PEONES', 'Indefinido', NULL, 233, NULL),
(62, 'B10000019', 'GLOBAL LOGÍSTICA 019 S.L.', 'Tecnología', '2024-06-14', '2024-12-30', 'Tiempo Parcial', 'OFICIALES DE PRIMERA Y SEGUNDA', 'Indefinido', 20, 189, NULL),
(62, 'B10000030', 'CENTRAL TECNOLOGÍA 030 S.L.', 'Tecnología', '2025-12-05', NULL, 'Tiempo Parcial', 'PEONES', 'Indefinido', 40, 139, NULL),
(62, 'B10000016', 'NORTE DISTRIBUCIÓN 016 S.L.', 'Administración', '2024-08-28', '2025-01-28', 'Fijo Discontínuo', 'PEONES', 'Duración Determinada', 30, 141, NULL),
(63, 'B10000006', 'CENTRAL COMERCIO 006 S.L.', 'Logística', '2025-12-02', NULL, 'Tiempo Completo', 'AUXILIARES ADMINISTRATIVOS', 'Temporal', 20, 169, NULL),
(63, 'B10000008', 'NORTE SOLUCIONES 008 S.L.', 'Limpieza', '2025-05-23', '2025-08-30', 'Tiempo Completo', 'SUBALTERNOS', 'Temporal', 30, 99, NULL),
(63, 'B10000012', 'IBÉRICA LOGÍSTICA 012 S.L.', 'Comercio', '2024-09-18', '2024-11-23', 'Tiempo Parcial', 'OFICIALES DE PRIMERA Y SEGUNDA', 'Temporal', 40, 71, NULL),
(63, 'B10000019', 'GLOBAL LOGÍSTICA 019 S.L.', 'Tecnología', '2024-11-19', '2025-01-06', '100%', 'TRABAJADORES MENORES DE DIECIOCHO AÑOS, CUALQUIERA QUE SEA SU CATEGORÍA PROFESIONAL', 'Indefinido', NULL, 52, 'Contrato para seguimiento de inserción.'),
(63, 'B10000030', 'CENTRAL TECNOLOGÍA 030 S.L.', 'Tecnología', '2025-02-18', '2025-04-27', 'Fijo Discontínuo', 'INGENIEROS Y LICENCIADOS  DE ALTA DIRECCIÓN', 'Indefinido', 30, 72, 'Contrato para seguimiento de inserción.'),
(63, 'B10000013', 'GLOBAL DISTRIBUCIÓN 013 S.L.', 'Sanidad', '2025-01-09', '2025-07-31', '50%', 'TRABAJADORES MENORES DE DIECIOCHO AÑOS, CUALQUIERA QUE SEA SU CATEGORÍA PROFESIONAL', 'Temporal', NULL, 217, NULL),
(63, 'B10000017', 'NUEVA TECNOLOGÍA 017 S.L.', 'Limpieza', '2024-05-23', '2024-09-29', 'Tiempo Completo', 'TRABAJADORES MENORES DE DIECIOCHO AÑOS, CUALQUIERA QUE SEA SU CATEGORÍA PROFESIONAL', 'Temporal', 20, 132, NULL),
(63, 'B10000022', 'URBANA COMERCIO 022 S.L.', 'Seguridad', '2024-07-16', '2024-11-17', 'Fijo Discontínuo', 'INGENIEROS TÉCNICOS, PERITOS Y AYUDANTES TITULADOS', 'Temporal', 20, 116, NULL),
(63, 'B10000002', 'URBANA HOSTELERÍA 002 S.L.', 'Sanidad', '2025-07-26', '2025-11-28', '50%', 'AUXILIARES ADMINISTRATIVOS', 'Duración Determinada', NULL, 114, NULL),
(64, 'B10000025', 'EXPERTA TECNOLOGÍA 025 S.L.', 'Sanidad', '2025-06-17', '2025-09-22', 'Tiempo Parcial', 'TRABAJADORES MENORES DE DIECIOCHO AÑOS, CUALQUIERA QUE SEA SU CATEGORÍA PROFESIONAL', 'Duración Determinada', 40, 101, NULL),
(64, 'B10000005', 'NORTE TECNOLOGÍA 005 S.L.', 'Construcción', '2024-01-09', '2024-02-10', 'Fijo Discontínuo', 'AYUDANTES NO TITULADOS', 'Temporal', 20, 35, 'Contrato para seguimiento de inserción.'),
(64, 'B10000002', 'URBANA HOSTELERÍA 002 S.L.', 'Sanidad', '2024-09-08', '2025-02-12', '75%', 'OFICIALES ADMINISTRATIVOS', 'Duración Determinada', NULL, 168, 'Contrato para seguimiento de inserción.'),
(64, 'B10000003', 'ALFA GESTIÓN 003 S.L.', 'Construcción', '2025-12-20', NULL, 'Fijo Discontínuo', 'JEFES ADMINISTRATIVOS Y DE TALLER', 'Temporal', 30, 209, 'Contrato para seguimiento de inserción.'),
(64, 'B10000005', 'NORTE TECNOLOGÍA 005 S.L.', 'Construcción', '2025-09-30', NULL, 'Tiempo Parcial', 'TRABAJADORES MENORES DE DIECIOCHO AÑOS, CUALQUIERA QUE SEA SU CATEGORÍA PROFESIONAL', 'Duración Determinada', 40, 199, NULL),
(64, 'B10000007', 'EXPERTA GESTIÓN 007 S.L.', 'Logística', '2024-12-10', '2025-05-09', '50%', 'OFICIALES DE TERCERA Y ESPECIALISTAS', 'Duración Determinada', NULL, 146, NULL),
(64, 'B10000029', 'ALFA DISTRIBUCIÓN 029 S.L.', 'Atención al cliente', '2024-06-09', '2024-12-12', 'Fijo Discontínuo', 'OFICIALES DE TERCERA Y ESPECIALISTAS', 'Duración Determinada', 40, 182, 'Contrato para seguimiento de inserción.'),
(64, 'B10000030', 'CENTRAL TECNOLOGÍA 030 S.L.', 'Tecnología', '2025-10-15', NULL, 'Fijo Discontínuo', 'OFICIALES DE TERCERA Y ESPECIALISTAS', 'Duración Determinada', 20, 247, 'Contrato para seguimiento de inserción.'),
(64, 'B10000005', 'NORTE TECNOLOGÍA 005 S.L.', 'Construcción', '2024-10-09', '2025-05-30', '100%', 'INGENIEROS TÉCNICOS, PERITOS Y AYUDANTES TITULADOS', 'Duración Determinada', NULL, 249, NULL),
(65, 'B10000019', 'GLOBAL LOGÍSTICA 019 S.L.', 'Tecnología', '2024-09-25', '2025-05-07', 'Fijo Discontínuo', 'JEFES ADMINISTRATIVOS Y DE TALLER', 'Indefinido', 40, 233, NULL),
(65, 'B10000011', 'URBANA HOSTELERÍA 011 S.L.', 'Hostelería', '2025-07-31', '2025-10-29', 'Tiempo Parcial', 'JEFES ADMINISTRATIVOS Y DE TALLER', 'Indefinido', 30, 87, 'Contrato para seguimiento de inserción.'),
(65, 'B10000001', 'NORTE COMERCIO 001 S.L.', 'Atención al cliente', '2025-03-01', '2025-09-04', 'Fijo Discontínuo', 'OFICIALES ADMINISTRATIVOS', 'Temporal', 30, 172, 'Contrato para seguimiento de inserción.'),
(65, 'B10000012', 'IBÉRICA LOGÍSTICA 012 S.L.', 'Comercio', '2026-01-03', NULL, '50%', 'JEFES ADMINISTRATIVOS Y DE TALLER', 'Duración Determinada', NULL, 60, 'Contrato para seguimiento de inserción.'),
(65, 'B10000024', 'EXPERTA SERVICIOS 024 S.L.', 'Limpieza', '2024-09-16', '2025-03-11', 'Fijo Discontínuo', 'OFICIALES DE TERCERA Y ESPECIALISTAS', 'Temporal', 20, 181, NULL),
(66, 'B10000017', 'NUEVA TECNOLOGÍA 017 S.L.', 'Limpieza', '2024-10-21', '2024-12-04', '100%', 'OFICIALES DE TERCERA Y ESPECIALISTAS', 'Indefinido', NULL, 44, 'Contrato para seguimiento de inserción.'),
(66, 'B10000007', 'EXPERTA GESTIÓN 007 S.L.', 'Logística', '2025-07-26', '2026-01-19', '75%', 'SUBALTERNOS', 'Temporal', NULL, 181, NULL),
(66, 'B10000015', 'NORTE TECNOLOGÍA 015 S.L.', 'Logística', '2024-03-28', '2024-05-15', 'Tiempo Completo', 'INGENIEROS Y LICENCIADOS  DE ALTA DIRECCIÓN', 'Indefinido', 20, 51, NULL),
(66, 'B10000022', 'URBANA COMERCIO 022 S.L.', 'Seguridad', '2025-10-05', '2026-01-02', 'Tiempo Parcial', 'INGENIEROS TÉCNICOS, PERITOS Y AYUDANTES TITULADOS', 'Indefinido', 40, 84, NULL),
(66, 'B10000002', 'URBANA HOSTELERÍA 002 S.L.', 'Sanidad', '2025-08-06', '2025-10-07', 'Tiempo Parcial', 'SUBALTERNOS', 'Indefinido', 30, 61, NULL),
(66, 'B10000023', 'URBANA SERVICIOS 023 S.L.', 'Seguridad', '2025-11-22', NULL, 'Fijo Discontínuo', 'OFICIALES DE TERCERA Y ESPECIALISTAS', 'Temporal', 40, 178, NULL),
(66, 'B10000001', 'NORTE COMERCIO 001 S.L.', 'Atención al cliente', '2025-06-17', '2025-10-07', 'Fijo Discontínuo', 'OFICIALES DE PRIMERA Y SEGUNDA', 'Temporal', 30, 114, 'Contrato para seguimiento de inserción.'),
(66, 'B10000022', 'URBANA COMERCIO 022 S.L.', 'Seguridad', '2024-11-07', '2025-02-19', 'Fijo Discontínuo', 'SUBALTERNOS', 'Duración Determinada', 20, 109, NULL),
(66, 'B10000006', 'CENTRAL COMERCIO 006 S.L.', 'Logística', '2025-08-19', '2025-09-20', 'Fijo Discontínuo', 'AUXILIARES ADMINISTRATIVOS', 'Indefinido', 40, 34, 'Contrato para seguimiento de inserción.'),
(67, 'B10000010', 'CENTRAL LOGÍSTICA 010 S.L.', 'Comercio', '2024-08-20', '2025-02-11', 'Fijo Discontínuo', 'INGENIEROS TÉCNICOS, PERITOS Y AYUDANTES TITULADOS', 'Indefinido', 40, 187, 'Contrato para seguimiento de inserción.'),
(67, 'B10000017', 'NUEVA TECNOLOGÍA 017 S.L.', 'Limpieza', '2024-02-01', '2024-08-07', 'Tiempo Completo', 'TRABAJADORES MENORES DE DIECIOCHO AÑOS, CUALQUIERA QUE SEA SU CATEGORÍA PROFESIONAL', 'Indefinido', 40, 204, NULL),
(67, 'B10000013', 'GLOBAL DISTRIBUCIÓN 013 S.L.', 'Sanidad', '2024-04-05', '2024-10-31', 'Fijo Discontínuo', 'SUBALTERNOS', 'Temporal', 40, 205, NULL),
(68, 'B10000004', 'IBÉRICA COMERCIO 004 S.L.', 'Seguridad', '2025-03-26', '2025-07-01', 'Fijo Discontínuo', 'INGENIEROS Y LICENCIADOS  DE ALTA DIRECCIÓN', 'Duración Determinada', 30, 95, NULL),
(68, 'B10000011', 'URBANA HOSTELERÍA 011 S.L.', 'Hostelería', '2024-06-26', '2024-12-14', 'Tiempo Parcial', 'INGENIEROS Y LICENCIADOS  DE ALTA DIRECCIÓN', 'Temporal', 40, 183, NULL),
(68, 'B10000027', 'EXPERTA COMERCIO 027 S.L.', 'Tecnología', '2025-09-22', NULL, 'Tiempo Completo', 'TRABAJADORES MENORES DE DIECIOCHO AÑOS, CUALQUIERA QUE SEA SU CATEGORÍA PROFESIONAL', 'Temporal', 40, 135, 'Contrato para seguimiento de inserción.'),
(68, 'B10000011', 'URBANA HOSTELERÍA 011 S.L.', 'Hostelería', '2024-06-16', '2025-02-03', 'Fijo Discontínuo', 'OFICIALES ADMINISTRATIVOS', 'Duración Determinada', 40, 247, NULL),
(68, 'B10000005', 'NORTE TECNOLOGÍA 005 S.L.', 'Construcción', '2025-08-06', NULL, 'Tiempo Parcial', 'TRABAJADORES MENORES DE DIECIOCHO AÑOS, CUALQUIERA QUE SEA SU CATEGORÍA PROFESIONAL', 'Duración Determinada', 20, 221, NULL),
(68, 'B10000004', 'IBÉRICA COMERCIO 004 S.L.', 'Seguridad', '2025-12-02', NULL, 'Tiempo Parcial', 'AUXILIARES ADMINISTRATIVOS', 'Indefinido', 30, 180, 'Contrato para seguimiento de inserción.'),
(69, 'B10000004', 'IBÉRICA COMERCIO 004 S.L.', 'Seguridad', '2024-07-29', '2025-01-28', 'Tiempo Completo', 'JEFES ADMINISTRATIVOS Y DE TALLER', 'Duración Determinada', 40, 186, NULL),
(69, 'B10000029', 'ALFA DISTRIBUCIÓN 029 S.L.', 'Atención al cliente', '2025-01-23', '2025-02-23', '50%', 'OFICIALES DE TERCERA Y ESPECIALISTAS', 'Temporal', NULL, 31, 'Contrato para seguimiento de inserción.'),
(69, 'B10000007', 'EXPERTA GESTIÓN 007 S.L.', 'Logística', '2025-05-19', '2025-07-04', 'Fijo Discontínuo', 'TRABAJADORES MENORES DE DIECIOCHO AÑOS, CUALQUIERA QUE SEA SU CATEGORÍA PROFESIONAL', 'Indefinido', 40, 44, 'Contrato para seguimiento de inserción.'),
(70, 'B10000002', 'URBANA HOSTELERÍA 002 S.L.', 'Sanidad', '2025-07-29', '2025-10-14', '100%', 'INGENIEROS TÉCNICOS, PERITOS Y AYUDANTES TITULADOS', 'Temporal', NULL, 82, NULL),
(70, 'B10000020', 'NUEVA COMERCIO 020 S.L.', 'Sanidad', '2025-03-12', '2025-09-29', 'Fijo Discontínuo', 'INGENIEROS Y LICENCIADOS  DE ALTA DIRECCIÓN', 'Temporal', 40, 196, NULL),
(71, 'B10000002', 'URBANA HOSTELERÍA 002 S.L.', 'Sanidad', '2025-03-04', '2025-06-07', 'Tiempo Parcial', 'PEONES', 'Duración Determinada', 30, 105, NULL),
(71, 'B10000002', 'URBANA HOSTELERÍA 002 S.L.', 'Sanidad', '2025-06-28', '2025-09-28', 'Tiempo Parcial', 'INGENIEROS TÉCNICOS, PERITOS Y AYUDANTES TITULADOS', 'Duración Determinada', 30, 94, NULL),
(71, 'B10000021', 'URBANA COMERCIO 021 S.L.', 'Comercio', '2025-01-18', '2025-06-29', 'Tiempo Completo', 'SUBALTERNOS', 'Temporal', 30, 171, NULL),
(71, 'B10000014', 'URBANA COMERCIO 014 S.L.', 'Limpieza', '2024-07-28', '2024-12-10', 'Tiempo Parcial', 'OFICIALES DE TERCERA Y ESPECIALISTAS', 'Duración Determinada', 30, 138, NULL),
(71, 'B10000008', 'NORTE SOLUCIONES 008 S.L.', 'Limpieza', '2025-02-16', '2025-07-09', '100%', 'OFICIALES ADMINISTRATIVOS', 'Duración Determinada', NULL, 143, NULL),
(72, 'B10000014', 'URBANA COMERCIO 014 S.L.', 'Limpieza', '2025-09-15', NULL, 'Tiempo Completo', 'INGENIEROS Y LICENCIADOS  DE ALTA DIRECCIÓN', 'Temporal', 20, 245, 'Contrato para seguimiento de inserción.'),
(72, 'B10000010', 'CENTRAL LOGÍSTICA 010 S.L.', 'Comercio', '2025-07-25', NULL, 'Tiempo Completo', 'OFICIALES DE TERCERA Y ESPECIALISTAS', 'Temporal', 40, 194, 'Contrato para seguimiento de inserción.'),
(72, 'B10000008', 'NORTE SOLUCIONES 008 S.L.', 'Limpieza', '2024-01-25', '2024-09-18', 'Tiempo Parcial', 'PEONES', 'Temporal', 20, 253, 'Contrato para seguimiento de inserción.'),
(72, 'B10000006', 'CENTRAL COMERCIO 006 S.L.', 'Logística', '2024-12-23', '2025-04-27', 'Fijo Discontínuo', 'JEFES ADMINISTRATIVOS Y DE TALLER', 'Temporal', 40, 119, NULL),
(72, 'B10000010', 'CENTRAL LOGÍSTICA 010 S.L.', 'Comercio', '2025-04-03', '2025-10-08', '100%', 'OFICIALES DE PRIMERA Y SEGUNDA', 'Temporal', NULL, 206, NULL),
(73, 'B10000004', 'IBÉRICA COMERCIO 004 S.L.', 'Seguridad', '2025-06-23', '2025-08-01', 'Tiempo Parcial', 'OFICIALES DE TERCERA Y ESPECIALISTAS', 'Indefinido', 40, 42, NULL),
(73, 'B10000008', 'NORTE SOLUCIONES 008 S.L.', 'Limpieza', '2025-06-24', '2025-12-14', '75%', 'PEONES', 'Indefinido', NULL, 169, NULL),
(73, 'B10000020', 'NUEVA COMERCIO 020 S.L.', 'Sanidad', '2025-04-10', '2025-06-08', '75%', 'JEFES ADMINISTRATIVOS Y DE TALLER', 'Duración Determinada', NULL, 64, NULL),
(73, 'B10000030', 'CENTRAL TECNOLOGÍA 030 S.L.', 'Tecnología', '2025-06-24', '2025-10-14', '75%', 'SUBALTERNOS', 'Temporal', NULL, 104, NULL),
(74, 'B10000017', 'NUEVA TECNOLOGÍA 017 S.L.', 'Limpieza', '2025-09-10', NULL, 'Fijo Discontínuo', 'AYUDANTES NO TITULADOS', 'Duración Determinada', 40, 163, NULL),
(74, 'B10000022', 'URBANA COMERCIO 022 S.L.', 'Seguridad', '2024-01-05', '2024-06-07', 'Tiempo Completo', 'INGENIEROS Y LICENCIADOS  DE ALTA DIRECCIÓN', 'Duración Determinada', 40, 161, 'Contrato para seguimiento de inserción.'),
(75, 'B10000007', 'EXPERTA GESTIÓN 007 S.L.', 'Logística', '2025-08-10', '2025-09-27', '50%', 'SUBALTERNOS', 'Duración Determinada', NULL, 46, NULL),
(75, 'B10000024', 'EXPERTA SERVICIOS 024 S.L.', 'Limpieza', '2025-11-16', NULL, 'Tiempo Completo', 'TRABAJADORES MENORES DE DIECIOCHO AÑOS, CUALQUIERA QUE SEA SU CATEGORÍA PROFESIONAL', 'Temporal', 20, 248, NULL),
(75, 'B10000029', 'ALFA DISTRIBUCIÓN 029 S.L.', 'Atención al cliente', '2024-10-26', '2025-01-29', '75%', 'OFICIALES DE TERCERA Y ESPECIALISTAS', 'Duración Determinada', NULL, 103, NULL),
(75, 'B10000023', 'URBANA SERVICIOS 023 S.L.', 'Seguridad', '2024-08-20', '2024-12-22', 'Tiempo Completo', 'AUXILIARES ADMINISTRATIVOS', 'Indefinido', 30, 137, NULL),
(75, 'B10000025', 'EXPERTA TECNOLOGÍA 025 S.L.', 'Sanidad', '2024-03-26', '2024-10-27', 'Tiempo Parcial', 'INGENIEROS TÉCNICOS, PERITOS Y AYUDANTES TITULADOS', 'Indefinido', 30, 210, 'Contrato para seguimiento de inserción.'),
(75, 'B10000028', 'NUEVA GESTIÓN 028 S.L.', 'Hostelería', '2025-03-02', '2025-07-15', 'Tiempo Parcial', 'JEFES ADMINISTRATIVOS Y DE TALLER', 'Duración Determinada', 20, 144, NULL),
(75, 'B10000023', 'URBANA SERVICIOS 023 S.L.', 'Seguridad', '2024-03-05', '2024-08-06', '100%', 'AUXILIARES ADMINISTRATIVOS', 'Indefinido', NULL, 161, NULL),
(75, 'B10000030', 'CENTRAL TECNOLOGÍA 030 S.L.', 'Tecnología', '2024-02-16', '2024-10-06', 'Fijo Discontínuo', 'OFICIALES DE PRIMERA Y SEGUNDA', 'Duración Determinada', 40, 257, NULL),
(75, 'B10000006', 'CENTRAL COMERCIO 006 S.L.', 'Logística', '2024-12-02', '2025-06-16', 'Tiempo Parcial', 'INGENIEROS TÉCNICOS, PERITOS Y AYUDANTES TITULADOS', 'Temporal', 40, 194, NULL),
(75, 'B10000013', 'GLOBAL DISTRIBUCIÓN 013 S.L.', 'Sanidad', '2024-04-19', '2024-07-08', 'Tiempo Completo', 'SUBALTERNOS', 'Indefinido', 30, 85, NULL),
(76, 'B10000026', 'GLOBAL SERVICIOS 026 S.L.', 'Seguridad', '2025-11-14', NULL, '50%', 'OFICIALES ADMINISTRATIVOS', 'Duración Determinada', NULL, 169, NULL),
(76, 'B10000015', 'NORTE TECNOLOGÍA 015 S.L.', 'Logística', '2024-08-04', '2025-02-20', '75%', 'INGENIEROS TÉCNICOS, PERITOS Y AYUDANTES TITULADOS', 'Duración Determinada', NULL, 185, NULL),
(76, 'B10000010', 'CENTRAL LOGÍSTICA 010 S.L.', 'Comercio', '2024-04-24', '2024-08-28', 'Tiempo Completo', 'PEONES', 'Duración Determinada', 20, 136, 'Contrato para seguimiento de inserción.'),
(76, 'B10000002', 'URBANA HOSTELERÍA 002 S.L.', 'Sanidad', '2024-10-15', '2025-05-21', 'Tiempo Parcial', 'OFICIALES DE TERCERA Y ESPECIALISTAS', 'Temporal', 30, 202, NULL),
(76, 'B10000026', 'GLOBAL SERVICIOS 026 S.L.', 'Seguridad', '2025-12-16', NULL, 'Tiempo Completo', 'INGENIEROS Y LICENCIADOS  DE ALTA DIRECCIÓN', 'Temporal', 40, 106, NULL),
(77, 'B10000011', 'URBANA HOSTELERÍA 011 S.L.', 'Hostelería', '2025-11-03', NULL, '100%', 'PEONES', 'Indefinido', NULL, 151, 'Contrato para seguimiento de inserción.'),
(77, 'B10000003', 'ALFA GESTIÓN 003 S.L.', 'Construcción', '2024-10-01', '2025-05-19', 'Fijo Discontínuo', 'TRABAJADORES MENORES DE DIECIOCHO AÑOS, CUALQUIERA QUE SEA SU CATEGORÍA PROFESIONAL', 'Indefinido', 20, 230, NULL),
(77, 'B10000014', 'URBANA COMERCIO 014 S.L.', 'Limpieza', '2025-08-01', '2026-01-17', '50%', 'AYUDANTES NO TITULADOS', 'Duración Determinada', NULL, 185, NULL),
(77, 'B10000012', 'IBÉRICA LOGÍSTICA 012 S.L.', 'Comercio', '2025-05-13', '2025-08-16', 'Tiempo Parcial', 'OFICIALES ADMINISTRATIVOS', 'Indefinido', 30, 101, 'Contrato para seguimiento de inserción.'),
(77, 'B10000025', 'EXPERTA TECNOLOGÍA 025 S.L.', 'Sanidad', '2024-02-22', '2024-09-10', 'Fijo Discontínuo', 'INGENIEROS TÉCNICOS, PERITOS Y AYUDANTES TITULADOS', 'Duración Determinada', 30, 207, NULL),
(77, 'B10000003', 'ALFA GESTIÓN 003 S.L.', 'Construcción', '2024-09-06', '2024-11-25', 'Tiempo Completo', 'PEONES', 'Indefinido', 30, 78, NULL),
(77, 'B10000021', 'URBANA COMERCIO 021 S.L.', 'Comercio', '2024-08-08', '2025-04-04', 'Tiempo Completo', 'OFICIALES ADMINISTRATIVOS', 'Temporal', 40, 238, NULL),
(77, 'B10000004', 'IBÉRICA COMERCIO 004 S.L.', 'Seguridad', '2024-08-05', '2025-03-20', 'Tiempo Completo', 'OFICIALES ADMINISTRATIVOS', 'Temporal', 20, 234, NULL),
(77, 'B10000006', 'CENTRAL COMERCIO 006 S.L.', 'Logística', '2024-07-21', '2024-12-30', '100%', 'INGENIEROS Y LICENCIADOS  DE ALTA DIRECCIÓN', 'Indefinido', NULL, 174, NULL),
(78, 'B10000026', 'GLOBAL SERVICIOS 026 S.L.', 'Seguridad', '2024-06-09', '2024-07-17', '50%', 'AUXILIARES ADMINISTRATIVOS', 'Indefinido', NULL, 36, 'Contrato para seguimiento de inserción.'),
(78, 'B10000005', 'NORTE TECNOLOGÍA 005 S.L.', 'Construcción', '2025-03-20', '2025-06-18', 'Tiempo Parcial', 'OFICIALES DE TERCERA Y ESPECIALISTAS', 'Temporal', 20, 87, NULL),
(78, 'B10000016', 'NORTE DISTRIBUCIÓN 016 S.L.', 'Administración', '2024-07-14', '2024-12-12', 'Fijo Discontínuo', 'AYUDANTES NO TITULADOS', 'Temporal', 20, 162, NULL),
(78, 'B10000020', 'NUEVA COMERCIO 020 S.L.', 'Sanidad', '2024-01-05', '2024-04-16', 'Tiempo Completo', 'AUXILIARES ADMINISTRATIVOS', 'Temporal', 30, 108, NULL),
(78, 'B10000014', 'URBANA COMERCIO 014 S.L.', 'Limpieza', '2025-09-25', NULL, 'Tiempo Parcial', 'PEONES', 'Indefinido', 40, 187, 'Contrato para seguimiento de inserción.'),
(78, 'B10000025', 'EXPERTA TECNOLOGÍA 025 S.L.', 'Sanidad', '2024-08-04', '2025-03-19', 'Fijo Discontínuo', 'TRABAJADORES MENORES DE DIECIOCHO AÑOS, CUALQUIERA QUE SEA SU CATEGORÍA PROFESIONAL', 'Temporal', 40, 246, NULL),
(79, 'B10000004', 'IBÉRICA COMERCIO 004 S.L.', 'Seguridad', '2025-10-05', NULL, 'Tiempo Completo', 'AUXILIARES ADMINISTRATIVOS', 'Duración Determinada', 20, 142, 'Contrato para seguimiento de inserción.'),
(79, 'B10000027', 'EXPERTA COMERCIO 027 S.L.', 'Tecnología', '2025-08-29', NULL, 'Tiempo Completo', 'AUXILIARES ADMINISTRATIVOS', 'Duración Determinada', 20, 200, NULL),
(80, 'B10000020', 'NUEVA COMERCIO 020 S.L.', 'Sanidad', '2024-10-13', '2025-03-27', 'Tiempo Parcial', 'OFICIALES DE TERCERA Y ESPECIALISTAS', 'Temporal', 40, 167, 'Contrato para seguimiento de inserción.'),
(80, 'B10000016', 'NORTE DISTRIBUCIÓN 016 S.L.', 'Administración', '2025-06-19', '2026-01-29', 'Fijo Discontínuo', 'PEONES', 'Indefinido', 30, 246, NULL),
(81, 'B10000001', 'NORTE COMERCIO 001 S.L.', 'Atención al cliente', '2025-04-03', '2025-10-10', '100%', 'TRABAJADORES MENORES DE DIECIOCHO AÑOS, CUALQUIERA QUE SEA SU CATEGORÍA PROFESIONAL', 'Indefinido', NULL, 205, NULL),
(81, 'B10000028', 'NUEVA GESTIÓN 028 S.L.', 'Hostelería', '2025-07-21', '2026-01-10', 'Tiempo Parcial', 'OFICIALES ADMINISTRATIVOS', 'Indefinido', 30, 170, NULL),
(81, 'B10000014', 'URBANA COMERCIO 014 S.L.', 'Limpieza', '2024-09-11', '2025-04-12', '100%', 'PEONES', 'Duración Determinada', NULL, 234, NULL),
(81, 'B10000021', 'URBANA COMERCIO 021 S.L.', 'Comercio', '2025-12-18', NULL, 'Tiempo Parcial', 'OFICIALES DE PRIMERA Y SEGUNDA', 'Duración Determinada', 20, 207, NULL),
(81, 'B10000002', 'URBANA HOSTELERÍA 002 S.L.', 'Sanidad', '2025-03-12', '2025-04-18', 'Tiempo Completo', 'INGENIEROS Y LICENCIADOS  DE ALTA DIRECCIÓN', 'Indefinido', 40, 40, NULL),
(81, 'B10000017', 'NUEVA TECNOLOGÍA 017 S.L.', 'Limpieza', '2025-03-31', '2025-09-07', 'Tiempo Completo', 'AUXILIARES ADMINISTRATIVOS', 'Indefinido', 40, 166, NULL),
(81, 'B10000022', 'URBANA COMERCIO 022 S.L.', 'Seguridad', '2024-12-20', '2025-05-15', 'Fijo Discontínuo', 'OFICIALES ADMINISTRATIVOS', 'Temporal', 30, 151, 'Contrato para seguimiento de inserción.'),
(81, 'B10000013', 'GLOBAL DISTRIBUCIÓN 013 S.L.', 'Sanidad', '2024-11-28', '2025-01-04', 'Tiempo Completo', 'AUXILIARES ADMINISTRATIVOS', 'Temporal', 30, 34, 'Contrato para seguimiento de inserción.'),
(81, 'B10000008', 'NORTE SOLUCIONES 008 S.L.', 'Limpieza', '2025-11-09', NULL, 'Fijo Discontínuo', 'SUBALTERNOS', 'Indefinido', 20, 116, NULL),
(81, 'B10000026', 'GLOBAL SERVICIOS 026 S.L.', 'Seguridad', '2024-10-29', '2025-03-30', 'Fijo Discontínuo', 'OFICIALES DE TERCERA Y ESPECIALISTAS', 'Temporal', 20, 149, NULL),
(82, 'B10000013', 'GLOBAL DISTRIBUCIÓN 013 S.L.', 'Sanidad', '2025-05-02', '2025-07-22', 'Fijo Discontínuo', 'JEFES ADMINISTRATIVOS Y DE TALLER', 'Temporal', 20, 80, 'Contrato para seguimiento de inserción.'),
(82, 'B10000027', 'EXPERTA COMERCIO 027 S.L.', 'Tecnología', '2025-01-31', '2025-08-03', 'Fijo Discontínuo', 'OFICIALES ADMINISTRATIVOS', 'Temporal', 20, 192, NULL),
(82, 'B10000019', 'GLOBAL LOGÍSTICA 019 S.L.', 'Tecnología', '2025-03-20', '2025-09-22', 'Tiempo Completo', 'PEONES', 'Indefinido', 20, 199, 'Contrato para seguimiento de inserción.'),
(83, 'B10000018', 'CENTRAL DISTRIBUCIÓN 018 S.L.', 'Limpieza', '2024-10-13', '2025-04-03', 'Tiempo Parcial', 'SUBALTERNOS', 'Duración Determinada', 20, 167, NULL),
(83, 'B10000017', 'NUEVA TECNOLOGÍA 017 S.L.', 'Limpieza', '2025-10-10', '2026-01-25', 'Tiempo Completo', 'AYUDANTES NO TITULADOS', 'Duración Determinada', 40, 112, 'Contrato para seguimiento de inserción.'),
(83, 'B10000004', 'IBÉRICA COMERCIO 004 S.L.', 'Seguridad', '2024-07-08', '2025-02-13', 'Fijo Discontínuo', 'JEFES ADMINISTRATIVOS Y DE TALLER', 'Duración Determinada', 40, 202, 'Contrato para seguimiento de inserción.'),
(83, 'B10000003', 'ALFA GESTIÓN 003 S.L.', 'Construcción', '2024-03-12', '2024-07-07', 'Fijo Discontínuo', 'SUBALTERNOS', 'Duración Determinada', 40, 115, NULL),
(83, 'B10000024', 'EXPERTA SERVICIOS 024 S.L.', 'Limpieza', '2025-01-09', '2025-04-06', 'Fijo Discontínuo', 'INGENIEROS TÉCNICOS, PERITOS Y AYUDANTES TITULADOS', 'Temporal', 20, 95, NULL),
(83, 'B10000016', 'NORTE DISTRIBUCIÓN 016 S.L.', 'Administración', '2024-04-11', '2024-11-14', 'Tiempo Completo', 'OFICIALES ADMINISTRATIVOS', 'Duración Determinada', 30, 216, NULL),
(83, 'B10000029', 'ALFA DISTRIBUCIÓN 029 S.L.', 'Atención al cliente', '2026-01-09', NULL, 'Tiempo Parcial', 'TRABAJADORES MENORES DE DIECIOCHO AÑOS, CUALQUIERA QUE SEA SU CATEGORÍA PROFESIONAL', 'Duración Determinada', 20, 245, NULL),
(83, 'B10000013', 'GLOBAL DISTRIBUCIÓN 013 S.L.', 'Sanidad', '2024-06-06', '2024-10-13', '50%', 'OFICIALES DE PRIMERA Y SEGUNDA', 'Indefinido', NULL, 117, 'Contrato para seguimiento de inserción.'),
(83, 'B10000019', 'GLOBAL LOGÍSTICA 019 S.L.', 'Tecnología', '2025-05-01', '2025-11-24', 'Tiempo Parcial', 'INGENIEROS TÉCNICOS, PERITOS Y AYUDANTES TITULADOS', 'Temporal', 40, 204, NULL),
(83, 'B10000018', 'CENTRAL DISTRIBUCIÓN 018 S.L.', 'Limpieza', '2024-01-23', '2024-05-23', 'Tiempo Completo', 'INGENIEROS TÉCNICOS, PERITOS Y AYUDANTES TITULADOS', 'Duración Determinada', 30, 128, NULL),
(84, 'B10000009', 'NUEVA GESTIÓN 009 S.L.', 'Atención al cliente', '2025-01-23', '2025-03-28', 'Fijo Discontínuo', 'JEFES ADMINISTRATIVOS Y DE TALLER', 'Temporal', 40, 70, NULL),
(84, 'B10000023', 'URBANA SERVICIOS 023 S.L.', 'Seguridad', '2025-12-17', NULL, 'Tiempo Parcial', 'OFICIALES DE PRIMERA Y SEGUNDA', 'Temporal', 30, 71, NULL),
(84, 'B10000016', 'NORTE DISTRIBUCIÓN 016 S.L.', 'Administración', '2024-04-01', '2024-09-18', '100%', 'JEFES ADMINISTRATIVOS Y DE TALLER', 'Temporal', NULL, 186, 'Contrato para seguimiento de inserción.'),
(84, 'B10000021', 'URBANA COMERCIO 021 S.L.', 'Comercio', '2024-02-03', '2024-07-22', 'Tiempo Parcial', 'INGENIEROS Y LICENCIADOS  DE ALTA DIRECCIÓN', 'Indefinido', 30, 156, 'Contrato para seguimiento de inserción.'),
(84, 'B10000022', 'URBANA COMERCIO 022 S.L.', 'Seguridad', '2024-12-20', '2025-01-26', '50%', 'AYUDANTES NO TITULADOS', 'Temporal', NULL, 38, NULL),
(85, 'B10000014', 'URBANA COMERCIO 014 S.L.', 'Limpieza', '2025-10-12', NULL, 'Tiempo Parcial', 'SUBALTERNOS', 'Temporal', 40, 198, NULL),
(85, 'B10000024', 'EXPERTA SERVICIOS 024 S.L.', 'Limpieza', '2025-09-04', '2025-10-24', 'Fijo Discontínuo', 'INGENIEROS TÉCNICOS, PERITOS Y AYUDANTES TITULADOS', 'Indefinido', 20, 55, NULL),
(85, 'B10000007', 'EXPERTA GESTIÓN 007 S.L.', 'Logística', '2024-01-26', '2024-04-02', 'Tiempo Parcial', 'PEONES', 'Temporal', 40, 62, NULL),
(85, 'B10000010', 'CENTRAL LOGÍSTICA 010 S.L.', 'Comercio', '2025-10-05', NULL, 'Tiempo Completo', 'OFICIALES DE TERCERA Y ESPECIALISTAS', 'Indefinido', 20, 195, 'Contrato para seguimiento de inserción.'),
(85, 'B10000015', 'NORTE TECNOLOGÍA 015 S.L.', 'Logística', '2024-03-28', '2024-08-07', '50%', 'OFICIALES DE TERCERA Y ESPECIALISTAS', 'Temporal', NULL, 141, NULL),
(85, 'B10000011', 'URBANA HOSTELERÍA 011 S.L.', 'Hostelería', '2024-03-07', '2024-10-22', 'Tiempo Parcial', 'INGENIEROS TÉCNICOS, PERITOS Y AYUDANTES TITULADOS', 'Indefinido', 30, 212, NULL),
(85, 'B10000027', 'EXPERTA COMERCIO 027 S.L.', 'Tecnología', '2025-12-26', NULL, 'Fijo Discontínuo', 'AYUDANTES NO TITULADOS', 'Indefinido', 20, 79, 'Contrato para seguimiento de inserción.'),
(85, 'B10000007', 'EXPERTA GESTIÓN 007 S.L.', 'Logística', '2025-01-01', '2025-08-24', 'Fijo Discontínuo', 'INGENIEROS TÉCNICOS, PERITOS Y AYUDANTES TITULADOS', 'Indefinido', 40, 214, NULL),
(85, 'B10000020', 'NUEVA COMERCIO 020 S.L.', 'Sanidad', '2025-10-17', '2026-01-17', '75%', 'INGENIEROS TÉCNICOS, PERITOS Y AYUDANTES TITULADOS', 'Duración Determinada', NULL, 84, NULL),
(86, 'B10000024', 'EXPERTA SERVICIOS 024 S.L.', 'Limpieza', '2024-07-12', '2024-11-07', 'Tiempo Parcial', 'AUXILIARES ADMINISTRATIVOS', 'Indefinido', 20, 111, NULL),
(86, 'B10000015', 'NORTE TECNOLOGÍA 015 S.L.', 'Logística', '2024-03-16', '2024-10-22', 'Tiempo Parcial', 'PEONES', 'Temporal', 20, 201, NULL),
(86, 'B10000013', 'GLOBAL DISTRIBUCIÓN 013 S.L.', 'Sanidad', '2024-05-27', '2024-09-23', '75%', 'PEONES', 'Duración Determinada', NULL, 121, 'Contrato para seguimiento de inserción.'),
(86, 'B10000027', 'EXPERTA COMERCIO 027 S.L.', 'Tecnología', '2024-08-23', '2024-10-06', '75%', 'AYUDANTES NO TITULADOS', 'Duración Determinada', NULL, 46, NULL),
(86, 'B10000024', 'EXPERTA SERVICIOS 024 S.L.', 'Limpieza', '2025-06-13', '2025-07-25', 'Tiempo Parcial', 'INGENIEROS TÉCNICOS, PERITOS Y AYUDANTES TITULADOS', 'Temporal', 40, 41, NULL),
(86, 'B10000008', 'NORTE SOLUCIONES 008 S.L.', 'Limpieza', '2024-09-22', '2025-03-17', 'Fijo Discontínuo', 'OFICIALES DE TERCERA Y ESPECIALISTAS', 'Indefinido', 40, 176, NULL),
(86, 'B10000024', 'EXPERTA SERVICIOS 024 S.L.', 'Limpieza', '2025-12-25', NULL, 'Fijo Discontínuo', 'AUXILIARES ADMINISTRATIVOS', 'Temporal', 20, 231, NULL),
(87, 'B10000023', 'URBANA SERVICIOS 023 S.L.', 'Seguridad', '2024-12-09', '2025-01-21', '50%', 'INGENIEROS TÉCNICOS, PERITOS Y AYUDANTES TITULADOS', 'Indefinido', NULL, 41, 'Contrato para seguimiento de inserción.'),
(87, 'B10000025', 'EXPERTA TECNOLOGÍA 025 S.L.', 'Sanidad', '2025-12-14', NULL, 'Fijo Discontínuo', 'AYUDANTES NO TITULADOS', 'Temporal', 30, 168, 'Contrato para seguimiento de inserción.'),
(87, 'B10000030', 'CENTRAL TECNOLOGÍA 030 S.L.', 'Tecnología', '2025-12-02', NULL, '50%', 'INGENIEROS Y LICENCIADOS  DE ALTA DIRECCIÓN', 'Temporal', NULL, 246, NULL),
(87, 'B10000015', 'NORTE TECNOLOGÍA 015 S.L.', 'Logística', '2025-07-05', NULL, 'Tiempo Completo', 'AYUDANTES NO TITULADOS', 'Indefinido', 20, 229, 'Contrato para seguimiento de inserción.'),
(87, 'B10000006', 'CENTRAL COMERCIO 006 S.L.', 'Logística', '2025-12-14', NULL, '50%', 'AUXILIARES ADMINISTRATIVOS', 'Temporal', NULL, 60, NULL),
(87, 'B10000018', 'CENTRAL DISTRIBUCIÓN 018 S.L.', 'Limpieza', '2025-11-02', NULL, 'Tiempo Parcial', 'INGENIEROS Y LICENCIADOS  DE ALTA DIRECCIÓN', 'Temporal', 40, 176, NULL),
(88, 'B10000027', 'EXPERTA COMERCIO 027 S.L.', 'Tecnología', '2024-10-20', '2025-01-26', 'Tiempo Parcial', 'AYUDANTES NO TITULADOS', 'Temporal', 30, 100, NULL),
(88, 'B10000024', 'EXPERTA SERVICIOS 024 S.L.', 'Limpieza', '2025-03-05', '2025-05-04', 'Tiempo Parcial', 'TRABAJADORES MENORES DE DIECIOCHO AÑOS, CUALQUIERA QUE SEA SU CATEGORÍA PROFESIONAL', 'Indefinido', 20, 59, NULL),
(88, 'B10000020', 'NUEVA COMERCIO 020 S.L.', 'Sanidad', '2024-10-02', '2025-03-26', 'Fijo Discontínuo', 'OFICIALES ADMINISTRATIVOS', 'Temporal', 40, 159, 'Contrato para seguimiento de inserción.'),
(88, 'B10000001', 'NORTE COMERCIO 001 S.L.', 'Atención al cliente', '2025-01-26', '2025-06-20', 'Tiempo Parcial', 'SUBALTERNOS', 'Indefinido', 30, 133, NULL),
(88, 'B10000017', 'NUEVA TECNOLOGÍA 017 S.L.', 'Limpieza', '2025-05-15', '2025-09-26', 'Fijo Discontínuo', 'SUBALTERNOS', 'Duración Determinada', 30, 124, NULL),
(88, 'B10000018', 'CENTRAL DISTRIBUCIÓN 018 S.L.', 'Limpieza', '2024-08-20', '2024-12-25', 'Tiempo Completo', 'OFICIALES DE TERCERA Y ESPECIALISTAS', 'Temporal', 30, 140, NULL),
(88, 'B10000012', 'IBÉRICA LOGÍSTICA 012 S.L.', 'Comercio', '2025-03-01', '2025-08-20', 'Tiempo Parcial', 'AYUDANTES NO TITULADOS', 'Duración Determinada', 40, 157, NULL),
(88, 'B10000011', 'URBANA HOSTELERÍA 011 S.L.', 'Hostelería', '2025-03-01', '2025-06-13', 'Tiempo Completo', 'AYUDANTES NO TITULADOS', 'Indefinido', 20, 97, NULL),
(88, 'B10000003', 'ALFA GESTIÓN 003 S.L.', 'Construcción', '2024-01-21', '2024-05-03', 'Tiempo Parcial', 'TRABAJADORES MENORES DE DIECIOCHO AÑOS, CUALQUIERA QUE SEA SU CATEGORÍA PROFESIONAL', 'Temporal', 20, 96, 'Contrato para seguimiento de inserción.'),
(88, 'B10000025', 'EXPERTA TECNOLOGÍA 025 S.L.', 'Sanidad', '2025-11-08', NULL, 'Tiempo Completo', 'TRABAJADORES MENORES DE DIECIOCHO AÑOS, CUALQUIERA QUE SEA SU CATEGORÍA PROFESIONAL', 'Temporal', 30, 181, NULL),
(89, 'B10000023', 'URBANA SERVICIOS 023 S.L.', 'Seguridad', '2024-01-23', '2024-04-03', 'Tiempo Completo', 'OFICIALES DE TERCERA Y ESPECIALISTAS', 'Duración Determinada', 30, 71, NULL),
(89, 'B10000007', 'EXPERTA GESTIÓN 007 S.L.', 'Logística', '2024-11-13', '2025-02-26', '50%', 'INGENIEROS Y LICENCIADOS  DE ALTA DIRECCIÓN', 'Indefinido', NULL, 103, NULL),
(89, 'B10000009', 'NUEVA GESTIÓN 009 S.L.', 'Atención al cliente', '2025-07-28', '2026-01-07', '75%', 'SUBALTERNOS', 'Indefinido', NULL, 149, NULL),
(89, 'B10000015', 'NORTE TECNOLOGÍA 015 S.L.', 'Logística', '2024-12-13', '2025-05-13', 'Fijo Discontínuo', 'OFICIALES DE TERCERA Y ESPECIALISTAS', 'Temporal', 40, 148, 'Contrato para seguimiento de inserción.'),
(89, 'B10000024', 'EXPERTA SERVICIOS 024 S.L.', 'Limpieza', '2024-10-05', '2025-03-23', '75%', 'AYUDANTES NO TITULADOS', 'Indefinido', NULL, 159, NULL),
(89, 'B10000001', 'NORTE COMERCIO 001 S.L.', 'Atención al cliente', '2024-12-15', '2025-05-14', 'Tiempo Parcial', 'JEFES ADMINISTRATIVOS Y DE TALLER', 'Indefinido', 30, 152, NULL),
(89, 'B10000023', 'URBANA SERVICIOS 023 S.L.', 'Seguridad', '2025-07-03', '2025-12-26', 'Tiempo Parcial', 'OFICIALES ADMINISTRATIVOS', 'Temporal', 40, 178, 'Contrato para seguimiento de inserción.'),
(89, 'B10000012', 'IBÉRICA LOGÍSTICA 012 S.L.', 'Comercio', '2025-10-28', '2025-12-16', 'Tiempo Completo', 'PEONES', 'Indefinido', 20, 54, NULL),
(90, 'B10000028', 'NUEVA GESTIÓN 028 S.L.', 'Hostelería', '2025-04-05', '2025-05-16', 'Tiempo Parcial', 'AYUDANTES NO TITULADOS', 'Temporal', 40, 39, 'Contrato para seguimiento de inserción.'),
(90, 'B10000030', 'CENTRAL TECNOLOGÍA 030 S.L.', 'Tecnología', '2025-07-04', '2025-09-12', 'Fijo Discontínuo', 'AUXILIARES ADMINISTRATIVOS', 'Temporal', 20, 65, 'Contrato para seguimiento de inserción.'),
(90, 'B10000003', 'ALFA GESTIÓN 003 S.L.', 'Construcción', '2024-05-08', '2024-08-31', 'Tiempo Parcial', 'SUBALTERNOS', 'Indefinido', 20, 113, NULL),
(90, 'B10000019', 'GLOBAL LOGÍSTICA 019 S.L.', 'Tecnología', '2025-08-21', '2025-10-30', 'Tiempo Parcial', 'PEONES', 'Indefinido', 20, 77, NULL),
(91, 'B10000016', 'NORTE DISTRIBUCIÓN 016 S.L.', 'Administración', '2025-12-27', NULL, 'Tiempo Parcial', 'AYUDANTES NO TITULADOS', 'Indefinido', 40, 73, NULL),
(91, 'B10000014', 'URBANA COMERCIO 014 S.L.', 'Limpieza', '2024-07-09', '2024-10-27', 'Tiempo Parcial', 'AYUDANTES NO TITULADOS', 'Indefinido', 40, 120, NULL),
(91, 'B10000021', 'URBANA COMERCIO 021 S.L.', 'Comercio', '2024-04-03', '2024-09-09', 'Tiempo Completo', 'INGENIEROS Y LICENCIADOS  DE ALTA DIRECCIÓN', 'Indefinido', 40, 147, NULL),
(91, 'B10000006', 'CENTRAL COMERCIO 006 S.L.', 'Logística', '2025-04-25', '2025-12-09', 'Tiempo Completo', 'INGENIEROS Y LICENCIADOS  DE ALTA DIRECCIÓN', 'Temporal', 40, 226, 'Contrato para seguimiento de inserción.'),
(91, 'B10000030', 'CENTRAL TECNOLOGÍA 030 S.L.', 'Tecnología', '2024-07-18', '2024-09-08', 'Tiempo Parcial', 'INGENIEROS Y LICENCIADOS  DE ALTA DIRECCIÓN', 'Temporal', 20, 50, NULL),
(92, 'B10000029', 'ALFA DISTRIBUCIÓN 029 S.L.', 'Atención al cliente', '2025-09-16', NULL, '75%', 'AYUDANTES NO TITULADOS', 'Indefinido', NULL, 187, 'Contrato para seguimiento de inserción.'),
(92, 'B10000013', 'GLOBAL DISTRIBUCIÓN 013 S.L.', 'Sanidad', '2024-07-31', '2024-09-20', '75%', 'PEONES', 'Duración Determinada', NULL, 52, NULL);

INSERT INTO hiring_contracts (student_id, company_nif, company_name, sector, start_date, end_date, workday_pct, contribution_group, contract_type, weekly_hours, contributed_days, notes) VALUES
(92, 'B10000021', 'URBANA COMERCIO 021 S.L.', 'Comercio', '2024-04-12', '2024-10-17', 'Tiempo Parcial', 'OFICIALES DE TERCERA Y ESPECIALISTAS', 'Temporal', 30, 180, NULL),
(92, 'B10000011', 'URBANA HOSTELERÍA 011 S.L.', 'Hostelería', '2024-06-18', '2024-08-10', 'Fijo Discontínuo', 'JEFES ADMINISTRATIVOS Y DE TALLER', 'Temporal', 40, 57, NULL),
(93, 'B10000014', 'URBANA COMERCIO 014 S.L.', 'Limpieza', '2024-04-10', '2024-08-18', 'Fijo Discontínuo', 'TRABAJADORES MENORES DE DIECIOCHO AÑOS, CUALQUIERA QUE SEA SU CATEGORÍA PROFESIONAL', 'Temporal', 30, 131, 'Contrato para seguimiento de inserción.'),
(93, 'B10000003', 'ALFA GESTIÓN 003 S.L.', 'Construcción', '2025-05-23', '2025-12-11', '75%', 'OFICIALES DE PRIMERA Y SEGUNDA', 'Temporal', NULL, 183, NULL),
(93, 'B10000030', 'CENTRAL TECNOLOGÍA 030 S.L.', 'Tecnología', '2024-08-01', '2024-12-26', '100%', 'INGENIEROS Y LICENCIADOS  DE ALTA DIRECCIÓN', 'Duración Determinada', NULL, 140, NULL),
(93, 'B10000010', 'CENTRAL LOGÍSTICA 010 S.L.', 'Comercio', '2025-10-16', NULL, 'Fijo Discontínuo', 'INGENIEROS Y LICENCIADOS  DE ALTA DIRECCIÓN', 'Temporal', 40, 175, NULL),
(93, 'B10000029', 'ALFA DISTRIBUCIÓN 029 S.L.', 'Atención al cliente', '2025-11-28', '2026-01-26', 'Fijo Discontínuo', 'SUBALTERNOS', 'Temporal', 20, 63, NULL),
(94, 'B10000006', 'CENTRAL COMERCIO 006 S.L.', 'Logística', '2025-08-30', '2026-01-03', 'Fijo Discontínuo', 'AUXILIARES ADMINISTRATIVOS', 'Indefinido', 40, 128, NULL),
(94, 'B10000025', 'EXPERTA TECNOLOGÍA 025 S.L.', 'Sanidad', '2024-12-07', '2025-01-25', 'Fijo Discontínuo', 'INGENIEROS TÉCNICOS, PERITOS Y AYUDANTES TITULADOS', 'Temporal', 40, 47, 'Contrato para seguimiento de inserción.'),
(94, 'B10000012', 'IBÉRICA LOGÍSTICA 012 S.L.', 'Comercio', '2024-02-26', '2024-06-19', 'Tiempo Completo', 'INGENIEROS Y LICENCIADOS  DE ALTA DIRECCIÓN', 'Duración Determinada', 20, 126, NULL),
(95, 'B10000011', 'URBANA HOSTELERÍA 011 S.L.', 'Hostelería', '2025-11-09', '2025-12-12', 'Tiempo Parcial', 'TRABAJADORES MENORES DE DIECIOCHO AÑOS, CUALQUIERA QUE SEA SU CATEGORÍA PROFESIONAL', 'Temporal', 20, 36, 'Contrato para seguimiento de inserción.'),
(95, 'B10000030', 'CENTRAL TECNOLOGÍA 030 S.L.', 'Tecnología', '2025-02-19', '2025-04-14', '75%', 'INGENIEROS TÉCNICOS, PERITOS Y AYUDANTES TITULADOS', 'Indefinido', NULL, 54, NULL),
(95, 'B10000019', 'GLOBAL LOGÍSTICA 019 S.L.', 'Tecnología', '2025-08-14', '2026-01-28', '75%', 'OFICIALES DE PRIMERA Y SEGUNDA', 'Temporal', NULL, 180, 'Contrato para seguimiento de inserción.'),
(95, 'B10000005', 'NORTE TECNOLOGÍA 005 S.L.', 'Construcción', '2024-08-21', '2025-03-13', 'Tiempo Completo', 'TRABAJADORES MENORES DE DIECIOCHO AÑOS, CUALQUIERA QUE SEA SU CATEGORÍA PROFESIONAL', 'Duración Determinada', 40, 189, NULL),
(95, 'B10000016', 'NORTE DISTRIBUCIÓN 016 S.L.', 'Administración', '2025-03-27', '2025-10-06', '100%', 'INGENIEROS TÉCNICOS, PERITOS Y AYUDANTES TITULADOS', 'Indefinido', NULL, 211, NULL),
(95, 'B10000011', 'URBANA HOSTELERÍA 011 S.L.', 'Hostelería', '2024-06-07', '2024-10-04', 'Fijo Discontínuo', 'OFICIALES ADMINISTRATIVOS', 'Indefinido', 20, 129, NULL),
(95, 'B10000023', 'URBANA SERVICIOS 023 S.L.', 'Seguridad', '2025-09-30', '2025-11-06', '75%', 'PEONES', 'Indefinido', NULL, 41, NULL),
(96, 'B10000030', 'CENTRAL TECNOLOGÍA 030 S.L.', 'Tecnología', '2024-11-25', '2025-07-09', '75%', 'JEFES ADMINISTRATIVOS Y DE TALLER', 'Temporal', NULL, 232, NULL),
(96, 'B10000021', 'URBANA COMERCIO 021 S.L.', 'Comercio', '2025-07-15', '2025-11-07', 'Tiempo Completo', 'OFICIALES ADMINISTRATIVOS', 'Temporal', 30, 117, 'Contrato para seguimiento de inserción.'),
(96, 'B10000019', 'GLOBAL LOGÍSTICA 019 S.L.', 'Tecnología', '2024-08-31', '2025-04-06', 'Tiempo Parcial', 'AYUDANTES NO TITULADOS', 'Indefinido', 30, 239, NULL),
(96, 'B10000006', 'CENTRAL COMERCIO 006 S.L.', 'Logística', '2025-10-07', NULL, 'Fijo Discontínuo', 'AUXILIARES ADMINISTRATIVOS', 'Duración Determinada', 40, 129, 'Contrato para seguimiento de inserción.'),
(97, 'B10000027', 'EXPERTA COMERCIO 027 S.L.', 'Tecnología', '2024-06-13', '2024-07-25', 'Tiempo Completo', 'PEONES', 'Duración Determinada', 40, 43, NULL),
(97, 'B10000020', 'NUEVA COMERCIO 020 S.L.', 'Sanidad', '2024-12-03', '2025-03-07', 'Fijo Discontínuo', 'INGENIEROS TÉCNICOS, PERITOS Y AYUDANTES TITULADOS', 'Duración Determinada', 20, 90, NULL),
(98, 'B10000013', 'GLOBAL DISTRIBUCIÓN 013 S.L.', 'Sanidad', '2024-04-13', '2024-07-01', 'Tiempo Completo', 'AYUDANTES NO TITULADOS', 'Duración Determinada', 20, 74, NULL),
(98, 'B10000012', 'IBÉRICA LOGÍSTICA 012 S.L.', 'Comercio', '2024-06-11', '2024-11-10', 'Tiempo Parcial', 'INGENIEROS TÉCNICOS, PERITOS Y AYUDANTES TITULADOS', 'Temporal', 20, 158, NULL),
(98, 'B10000019', 'GLOBAL LOGÍSTICA 019 S.L.', 'Tecnología', '2024-08-15', '2025-02-21', 'Fijo Discontínuo', 'OFICIALES ADMINISTRATIVOS', 'Indefinido', 30, 187, NULL),
(98, 'B10000012', 'IBÉRICA LOGÍSTICA 012 S.L.', 'Comercio', '2025-06-23', NULL, '100%', 'INGENIEROS TÉCNICOS, PERITOS Y AYUDANTES TITULADOS', 'Indefinido', NULL, 221, 'Contrato para seguimiento de inserción.'),
(98, 'B10000003', 'ALFA GESTIÓN 003 S.L.', 'Construcción', '2024-05-25', '2024-12-22', 'Fijo Discontínuo', 'INGENIEROS TÉCNICOS, PERITOS Y AYUDANTES TITULADOS', 'Duración Determinada', 40, 202, 'Contrato para seguimiento de inserción.'),
(98, 'B10000002', 'URBANA HOSTELERÍA 002 S.L.', 'Sanidad', '2024-08-23', '2024-11-24', 'Tiempo Parcial', 'INGENIEROS TÉCNICOS, PERITOS Y AYUDANTES TITULADOS', 'Duración Determinada', 20, 98, NULL),
(98, 'B10000007', 'EXPERTA GESTIÓN 007 S.L.', 'Logística', '2025-07-19', NULL, 'Tiempo Parcial', 'AUXILIARES ADMINISTRATIVOS', 'Duración Determinada', 20, 228, 'Contrato para seguimiento de inserción.'),
(98, 'B10000014', 'URBANA COMERCIO 014 S.L.', 'Limpieza', '2024-10-17', '2025-03-09', '100%', 'AYUDANTES NO TITULADOS', 'Temporal', NULL, 130, 'Contrato para seguimiento de inserción.'),
(98, 'B10000018', 'CENTRAL DISTRIBUCIÓN 018 S.L.', 'Limpieza', '2024-05-15', '2024-07-20', 'Tiempo Completo', 'INGENIEROS TÉCNICOS, PERITOS Y AYUDANTES TITULADOS', 'Indefinido', 20, 62, NULL),
(98, 'B10000004', 'IBÉRICA COMERCIO 004 S.L.', 'Seguridad', '2024-06-10', '2024-12-30', '75%', 'JEFES ADMINISTRATIVOS Y DE TALLER', 'Temporal', NULL, 207, NULL),
(99, 'B10000025', 'EXPERTA TECNOLOGÍA 025 S.L.', 'Sanidad', '2025-06-30', '2025-11-09', 'Fijo Discontínuo', 'TRABAJADORES MENORES DE DIECIOCHO AÑOS, CUALQUIERA QUE SEA SU CATEGORÍA PROFESIONAL', 'Duración Determinada', 20, 140, NULL),
(99, 'B10000021', 'URBANA COMERCIO 021 S.L.', 'Comercio', '2024-11-12', '2024-12-17', 'Tiempo Completo', 'TRABAJADORES MENORES DE DIECIOCHO AÑOS, CUALQUIERA QUE SEA SU CATEGORÍA PROFESIONAL', 'Temporal', 20, 35, NULL),
(99, 'B10000021', 'URBANA COMERCIO 021 S.L.', 'Comercio', '2025-08-19', '2025-11-16', 'Fijo Discontínuo', 'JEFES ADMINISTRATIVOS Y DE TALLER', 'Duración Determinada', 30, 88, NULL),
(100, 'B10000026', 'GLOBAL SERVICIOS 026 S.L.', 'Seguridad', '2024-04-26', '2024-08-27', 'Tiempo Completo', 'OFICIALES DE PRIMERA Y SEGUNDA', 'Duración Determinada', 40, 118, NULL),
(100, 'B10000006', 'CENTRAL COMERCIO 006 S.L.', 'Logística', '2024-03-02', '2024-10-08', '100%', 'OFICIALES DE PRIMERA Y SEGUNDA', 'Indefinido', NULL, 208, NULL),
(100, 'B10000020', 'NUEVA COMERCIO 020 S.L.', 'Sanidad', '2024-07-04', '2025-01-09', 'Tiempo Completo', 'AUXILIARES ADMINISTRATIVOS', 'Indefinido', 30, 189, 'Contrato para seguimiento de inserción.'),
(100, 'B10000002', 'URBANA HOSTELERÍA 002 S.L.', 'Sanidad', '2024-08-11', '2025-02-01', 'Fijo Discontínuo', 'AYUDANTES NO TITULADOS', 'Duración Determinada', 40, 173, NULL);

INSERT INTO invitations (vacancy_id, student_id, status, sent_at, responded_at) VALUES
(75, 1, 'sent', '2025-09-14 14:08:26', NULL),
(43, 1, 'sent', '2025-07-11 16:35:09', NULL),
(41, 1, 'sent', '2025-07-13 13:03:40', NULL),
(10, 2, 'sent', '2025-10-28 15:14:04', NULL),
(36, 2, 'accepted', '2025-06-23 13:40:52', '2026-01-06 13:23:07'),
(41, 2, 'sent', '2025-10-15 13:01:55', NULL),
(35, 3, 'expired', '2025-10-01 12:35:01', '2025-11-13 13:48:12'),
(49, 3, 'rejected', '2025-09-18 15:02:56', '2026-01-18 15:26:21'),
(58, 3, 'sent', '2025-10-14 08:31:13', NULL),
(3, 3, 'sent', '2025-12-29 11:41:21', NULL),
(51, 3, 'sent', '2025-11-08 14:11:58', NULL),
(22, 3, 'sent', '2025-07-02 16:55:14', NULL),
(11, 3, 'accepted', '2026-01-12 14:38:09', '2026-01-18 13:42:53'),
(3, 4, 'sent', '2026-01-06 18:29:09', NULL),
(4, 4, 'sent', '2026-01-23 12:37:37', NULL),
(11, 4, 'sent', '2025-10-28 10:56:45', NULL),
(16, 4, 'rejected', '2025-06-13 15:02:05', '2025-07-28 16:23:40'),
(60, 4, 'rejected', '2025-06-18 17:09:09', '2025-12-07 17:16:13'),
(38, 5, 'accepted', '2025-06-19 10:44:08', '2025-07-27 11:10:19'),
(67, 5, 'sent', '2025-12-25 13:43:53', NULL),
(34, 5, 'sent', '2025-08-31 08:40:58', NULL),
(59, 6, 'sent', '2025-09-05 13:57:16', NULL),
(12, 6, 'accepted', '2025-08-12 09:05:44', '2025-09-26 14:22:49'),
(51, 6, 'sent', '2025-10-10 18:24:25', NULL),
(46, 6, 'accepted', '2025-12-31 11:30:56', '2026-01-24 18:21:02'),
(41, 6, 'accepted', '2025-09-27 08:30:50', '2026-01-15 16:04:47'),
(68, 6, 'sent', '2025-09-25 12:30:46', NULL),
(15, 6, 'accepted', '2025-08-27 09:55:15', '2026-01-29 12:58:38'),
(20, 7, 'sent', '2025-12-16 11:15:07', NULL),
(48, 7, 'sent', '2025-06-20 15:51:08', NULL),
(73, 7, 'sent', '2025-06-14 13:30:51', NULL),
(21, 8, 'accepted', '2025-12-14 18:03:30', '2025-12-27 13:29:16'),
(33, 8, 'sent', '2025-07-28 09:02:50', NULL),
(67, 8, 'sent', '2025-06-02 12:48:36', NULL),
(72, 8, 'sent', '2025-11-29 15:36:20', NULL),
(44, 8, 'sent', '2025-07-10 12:59:06', NULL),
(16, 9, 'expired', '2025-10-21 11:13:19', '2025-12-06 12:18:04'),
(63, 9, 'sent', '2025-12-24 16:46:25', NULL),
(45, 9, 'accepted', '2025-10-09 14:09:26', '2025-12-24 17:44:13'),
(67, 9, 'sent', '2025-12-25 18:48:51', NULL),
(65, 9, 'sent', '2025-12-20 15:43:23', NULL),
(7, 9, 'expired', '2025-09-18 10:45:18', '2025-11-19 12:57:27'),
(16, 10, 'sent', '2025-07-24 18:33:26', NULL),
(39, 10, 'sent', '2025-08-01 13:33:43', NULL),
(64, 10, 'rejected', '2025-06-06 17:48:18', '2026-01-10 17:47:39'),
(23, 10, 'sent', '2025-11-15 17:23:12', NULL),
(35, 10, 'sent', '2025-06-02 10:04:13', NULL),
(71, 10, 'expired', '2025-10-06 13:40:24', '2025-11-27 18:11:29'),
(32, 11, 'sent', '2025-12-15 13:59:43', NULL),
(53, 11, 'expired', '2025-10-31 11:15:49', '2025-12-28 09:00:34'),
(5, 11, 'sent', '2025-12-13 15:50:57', NULL),
(28, 11, 'accepted', '2025-12-24 11:52:04', '2026-01-07 11:48:41'),
(4, 11, 'sent', '2025-11-07 18:43:45', NULL),
(3, 11, 'sent', '2025-12-30 18:06:54', NULL),
(54, 11, 'sent', '2025-12-12 13:11:07', NULL),
(2, 12, 'rejected', '2025-06-08 12:24:37', '2025-12-07 17:56:30'),
(59, 12, 'accepted', '2025-12-02 14:58:06', '2025-12-21 15:59:37'),
(10, 12, 'sent', '2025-10-08 18:54:00', NULL),
(25, 12, 'rejected', '2025-10-04 14:57:32', '2026-01-17 08:57:40'),
(33, 12, 'expired', '2025-10-06 15:28:15', '2025-12-09 10:37:12'),
(64, 12, 'sent', '2025-11-01 09:08:34', NULL),
(3, 13, 'sent', '2025-07-15 08:04:20', NULL),
(11, 13, 'expired', '2025-12-17 12:08:01', '2026-01-28 12:24:04'),
(5, 13, 'sent', '2025-12-15 13:23:49', NULL),
(75, 13, 'sent', '2025-09-13 15:12:57', NULL),
(17, 13, 'sent', '2025-12-15 10:30:33', NULL),
(14, 14, 'accepted', '2026-01-07 15:38:26', '2026-01-07 11:13:06'),
(51, 14, 'expired', '2025-07-24 08:23:45', '2026-01-07 12:15:52'),
(34, 14, 'expired', '2025-10-14 11:23:05', '2025-10-18 13:58:41'),
(43, 14, 'expired', '2025-10-28 13:20:10', '2025-11-08 18:55:30'),
(38, 14, 'sent', '2026-01-20 14:19:06', NULL),
(31, 14, 'sent', '2025-10-22 08:12:31', NULL),
(49, 15, 'sent', '2026-01-15 18:38:16', NULL),
(21, 15, 'accepted', '2026-02-01 12:11:48', '2026-02-01 10:43:40'),
(59, 15, 'rejected', '2026-01-28 08:34:38', '2026-01-28 12:23:48'),
(34, 15, 'sent', '2025-10-01 08:27:01', NULL),
(22, 15, 'sent', '2025-12-25 12:18:39', NULL),
(11, 16, 'rejected', '2025-06-28 08:06:00', '2025-07-09 18:10:39'),
(32, 16, 'accepted', '2025-12-10 09:25:02', '2025-12-11 08:10:52'),
(10, 16, 'accepted', '2025-12-12 10:44:39', '2025-12-24 17:13:34'),
(4, 16, 'sent', '2026-01-24 17:56:35', NULL),
(12, 16, 'sent', '2025-08-09 14:23:47', NULL),
(55, 16, 'sent', '2026-01-24 08:55:02', NULL),
(9, 16, 'expired', '2025-07-31 15:04:31', '2025-08-07 09:23:51'),
(67, 17, 'accepted', '2025-07-21 10:20:22', '2026-01-12 13:22:05'),
(33, 17, 'accepted', '2025-08-10 13:13:31', '2025-09-09 14:04:00'),
(10, 17, 'expired', '2025-07-31 17:17:19', '2026-01-19 15:33:40'),
(73, 18, 'sent', '2025-09-13 12:08:44', NULL),
(27, 18, 'sent', '2025-09-22 13:51:45', NULL),
(47, 18, 'sent', '2026-01-07 10:17:31', NULL),
(30, 18, 'rejected', '2025-07-08 09:45:52', '2025-12-29 16:42:16'),
(55, 18, 'accepted', '2025-11-29 18:37:56', '2025-12-22 13:22:10'),
(22, 18, 'rejected', '2025-08-25 11:00:19', '2025-12-26 08:31:39'),
(54, 18, 'sent', '2025-09-30 17:34:02', NULL),
(32, 19, 'sent', '2026-01-28 09:36:13', NULL),
(11, 19, 'sent', '2025-11-08 17:04:40', NULL),
(54, 19, 'sent', '2025-09-24 09:09:38', NULL),
(34, 19, 'sent', '2025-10-11 11:13:11', NULL),
(9, 20, 'accepted', '2025-12-24 18:59:21', '2025-12-29 14:58:00'),
(63, 20, 'sent', '2025-06-11 10:53:55', NULL),
(17, 20, 'sent', '2025-08-02 14:34:35', NULL),
(46, 20, 'sent', '2025-06-22 18:49:53', NULL),
(43, 20, 'rejected', '2025-09-30 17:19:28', '2025-10-23 15:05:21'),
(6, 20, 'sent', '2025-12-21 14:36:21', NULL),
(53, 21, 'sent', '2025-08-11 16:05:35', NULL),
(51, 21, 'sent', '2025-07-21 11:40:14', NULL),
(68, 21, 'sent', '2025-07-19 08:44:47', NULL),
(36, 21, 'sent', '2025-07-03 13:21:39', NULL),
(72, 21, 'rejected', '2025-12-29 17:43:45', '2026-01-07 15:30:33'),
(35, 21, 'sent', '2025-09-07 14:14:18', NULL),
(37, 21, 'sent', '2025-09-14 14:41:51', NULL),
(69, 22, 'rejected', '2025-12-01 08:00:08', '2025-12-10 11:28:57'),
(20, 22, 'sent', '2025-07-02 17:02:19', NULL),
(32, 22, 'accepted', '2025-11-26 15:24:15', '2025-12-23 18:24:53'),
(71, 22, 'sent', '2025-12-27 11:46:21', NULL),
(31, 22, 'sent', '2026-01-31 12:34:24', NULL),
(63, 22, 'sent', '2025-06-07 12:58:09', NULL),
(23, 22, 'sent', '2025-07-06 16:13:47', NULL),
(12, 23, 'sent', '2025-11-06 13:53:16', NULL),
(20, 23, 'sent', '2025-12-09 13:05:18', NULL),
(41, 23, 'accepted', '2025-11-10 11:20:30', '2025-11-28 12:49:31'),
(37, 23, 'sent', '2025-10-11 16:22:38', NULL),
(60, 24, 'sent', '2025-11-29 08:36:51', NULL),
(37, 24, 'rejected', '2025-07-08 15:53:29', '2025-10-21 13:39:51'),
(23, 24, 'accepted', '2025-07-23 09:05:11', '2025-07-26 10:02:54'),
(52, 24, 'accepted', '2025-07-10 11:39:51', '2025-10-02 18:42:57'),
(6, 24, 'accepted', '2025-08-24 13:37:21', '2025-10-14 16:17:02'),
(12, 24, 'sent', '2025-11-18 16:42:42', NULL),
(57, 25, 'expired', '2025-11-22 10:46:03', '2025-12-27 13:40:45'),
(17, 25, 'sent', '2025-07-12 10:03:53', NULL),
(30, 25, 'sent', '2025-06-11 08:04:55', NULL),
(14, 25, 'sent', '2025-06-20 14:46:08', NULL),
(55, 25, 'sent', '2025-10-03 18:06:33', NULL),
(29, 26, 'rejected', '2025-06-06 10:34:34', '2025-08-24 12:28:06'),
(64, 26, 'sent', '2025-10-22 14:03:48', NULL),
(31, 26, 'sent', '2025-08-23 10:23:01', NULL),
(73, 26, 'accepted', '2026-01-31 16:46:46', '2026-01-31 11:39:50'),
(62, 26, 'sent', '2025-06-07 13:42:09', NULL),
(25, 26, 'sent', '2025-09-28 10:54:45', NULL),
(53, 26, 'sent', '2025-10-30 12:34:28', NULL),
(70, 27, 'accepted', '2025-07-30 17:00:39', '2025-08-21 15:30:27'),
(24, 27, 'sent', '2025-08-06 12:06:41', NULL),
(1, 27, 'accepted', '2025-08-15 16:19:30', '2026-01-12 15:14:18'),
(45, 27, 'sent', '2025-07-27 12:01:22', NULL),
(46, 27, 'sent', '2025-09-11 15:14:56', NULL),
(49, 27, 'sent', '2026-01-22 15:51:34', NULL),
(48, 28, 'rejected', '2025-07-14 15:45:56', '2026-01-01 12:31:56'),
(41, 28, 'sent', '2025-06-25 15:36:25', NULL),
(33, 28, 'sent', '2025-08-13 11:27:50', NULL),
(35, 28, 'sent', '2025-09-18 10:33:10', NULL),
(14, 29, 'sent', '2025-06-17 10:08:45', NULL),
(7, 29, 'sent', '2025-10-31 09:00:39', NULL),
(17, 29, 'rejected', '2026-01-07 13:38:36', '2026-01-16 14:11:20'),
(31, 29, 'sent', '2025-06-22 12:00:36', NULL),
(71, 29, 'rejected', '2025-07-26 14:35:38', '2025-12-31 09:08:49'),
(15, 29, 'sent', '2025-08-10 16:10:44', NULL),
(68, 30, 'sent', '2025-10-30 13:19:29', NULL),
(2, 30, 'rejected', '2025-12-13 14:50:20', '2026-01-06 16:21:54'),
(7, 30, 'sent', '2025-07-17 15:47:36', NULL),
(11, 30, 'accepted', '2026-01-20 10:32:06', '2026-01-30 12:13:40'),
(43, 30, 'sent', '2025-10-16 16:55:27', NULL),
(28, 30, 'sent', '2025-10-06 14:36:46', NULL),
(73, 31, 'accepted', '2025-06-05 10:42:34', '2025-09-21 18:55:01'),
(40, 31, 'sent', '2025-09-13 16:50:34', NULL),
(52, 31, 'sent', '2025-11-05 08:52:17', NULL),
(12, 31, 'sent', '2025-06-06 09:02:56', NULL),
(54, 31, 'sent', '2025-12-07 17:55:07', NULL),
(67, 31, 'expired', '2025-07-02 11:42:09', '2025-12-09 18:37:21'),
(55, 32, 'sent', '2025-07-13 17:07:04', NULL),
(64, 32, 'sent', '2025-07-15 09:45:33', NULL),
(28, 32, 'accepted', '2026-01-26 09:46:36', '2026-01-26 14:18:49'),
(71, 32, 'sent', '2025-11-29 15:57:00', NULL),
(65, 32, 'sent', '2026-01-23 12:27:28', NULL),
(43, 32, 'sent', '2025-08-10 11:24:53', NULL),
(28, 33, 'sent', '2025-11-07 15:54:46', NULL),
(32, 33, 'expired', '2025-11-20 13:40:10', '2025-11-23 18:24:04'),
(73, 33, 'accepted', '2025-10-08 14:06:12', '2026-01-03 09:25:19'),
(52, 33, 'accepted', '2026-01-12 14:21:52', '2026-01-14 18:13:36'),
(56, 33, 'sent', '2025-07-03 13:16:48', NULL),
(55, 33, 'expired', '2025-06-03 12:24:57', '2025-06-23 18:23:03'),
(31, 34, 'accepted', '2025-10-27 14:46:08', '2025-12-14 16:58:41'),
(61, 34, 'sent', '2025-09-25 16:26:10', NULL),
(46, 34, 'sent', '2025-08-17 08:44:27', NULL),
(26, 34, 'accepted', '2025-07-18 11:02:48', '2025-08-27 16:02:59'),
(3, 34, 'expired', '2025-12-02 11:46:54', '2025-12-04 18:38:08'),
(22, 34, 'sent', '2025-10-05 08:52:00', NULL),
(25, 34, 'sent', '2025-11-04 11:03:33', NULL),
(1, 35, 'accepted', '2025-08-04 17:25:09', '2026-01-02 08:50:11'),
(73, 35, 'rejected', '2025-07-21 10:26:28', '2025-12-28 12:09:53'),
(41, 35, 'sent', '2025-11-02 09:18:26', NULL),
(8, 35, 'sent', '2025-12-11 18:48:06', NULL),
(21, 36, 'sent', '2025-07-23 10:58:47', NULL),
(11, 36, 'sent', '2025-12-29 09:31:51', NULL),
(37, 36, 'expired', '2025-08-02 17:22:22', '2025-08-30 12:21:33'),
(29, 36, 'sent', '2025-12-01 17:31:35', NULL),
(31, 37, 'sent', '2025-08-27 14:14:41', NULL),
(19, 37, 'accepted', '2025-10-23 08:32:34', '2026-01-10 13:20:32'),
(51, 37, 'sent', '2025-10-21 13:36:24', NULL),
(71, 38, 'sent', '2025-06-14 11:42:38', NULL),
(9, 38, 'sent', '2025-11-14 08:31:29', NULL),
(55, 38, 'accepted', '2025-10-22 17:04:47', '2026-01-20 15:49:11'),
(39, 38, 'rejected', '2025-09-11 13:53:16', '2025-10-15 15:36:57'),
(3, 38, 'expired', '2025-07-10 10:38:40', '2025-08-12 09:11:11'),
(48, 38, 'expired', '2025-09-08 08:16:52', '2026-01-22 16:30:36'),
(40, 39, 'sent', '2025-08-29 16:51:25', NULL),
(8, 39, 'sent', '2026-01-16 09:09:11', NULL),
(31, 39, 'rejected', '2025-09-07 10:44:16', '2025-10-29 16:48:06'),
(13, 39, 'sent', '2025-09-27 09:13:44', NULL),
(35, 40, 'sent', '2026-01-02 09:23:06', NULL),
(30, 40, 'sent', '2025-06-21 09:56:20', NULL),
(23, 40, 'sent', '2025-06-01 17:05:13', NULL),
(27, 40, 'sent', '2025-08-21 08:55:32', NULL),
(43, 40, 'accepted', '2025-10-07 15:51:24', '2026-01-02 17:23:32'),
(52, 41, 'sent', '2025-08-01 09:22:00', NULL),
(32, 41, 'accepted', '2025-10-28 14:57:54', '2026-01-06 17:50:03'),
(37, 41, 'accepted', '2026-01-07 11:53:30', '2026-01-17 13:33:35'),
(33, 41, 'sent', '2025-12-01 10:55:31', NULL),
(66, 41, 'sent', '2025-10-12 11:52:06', NULL),
(65, 41, 'rejected', '2025-12-03 08:58:37', '2026-01-24 08:58:00'),
(3, 41, 'accepted', '2026-01-07 17:07:17', '2026-01-26 12:11:33'),
(45, 42, 'accepted', '2025-08-07 10:51:07', '2025-09-25 11:46:00'),
(23, 42, 'accepted', '2026-01-15 16:04:00', '2026-01-19 10:21:43'),
(1, 42, 'sent', '2025-07-12 16:49:05', NULL),
(72, 42, 'sent', '2025-10-04 16:53:06', NULL),
(74, 43, 'accepted', '2025-06-17 17:45:42', '2025-10-29 16:59:22'),
(14, 43, 'sent', '2025-07-01 18:42:37', NULL),
(6, 43, 'accepted', '2025-11-16 17:46:32', '2026-01-02 12:55:35'),
(66, 43, 'rejected', '2025-07-09 10:45:19', '2025-09-02 14:47:19'),
(32, 43, 'rejected', '2025-09-25 17:31:30', '2025-11-09 16:38:59'),
(30, 43, 'sent', '2025-09-29 16:21:31', NULL),
(9, 44, 'expired', '2025-11-16 18:58:18', '2025-12-06 15:57:50'),
(71, 44, 'accepted', '2025-06-09 11:42:48', '2025-10-23 13:00:37'),
(38, 44, 'accepted', '2025-12-09 08:18:04', '2025-12-14 17:40:10'),
(29, 44, 'sent', '2026-01-29 10:06:12', NULL),
(46, 44, 'sent', '2025-06-14 13:09:36', NULL),
(62, 44, 'sent', '2025-12-12 18:40:11', NULL),
(57, 44, 'expired', '2025-08-22 13:04:17', '2025-11-15 14:25:03'),
(65, 45, 'sent', '2025-12-06 09:25:52', NULL),
(6, 45, 'sent', '2025-11-21 13:03:21', NULL),
(45, 45, 'sent', '2025-08-06 10:25:47', NULL),
(11, 45, 'expired', '2025-09-08 11:37:18', '2025-12-06 10:38:55'),
(30, 45, 'expired', '2026-01-18 12:37:30', '2026-02-01 16:44:12'),
(7, 45, 'sent', '2026-01-15 10:37:13', NULL),
(38, 45, 'sent', '2025-11-12 15:19:30', NULL),
(56, 46, 'sent', '2025-10-13 10:19:14', NULL),
(43, 46, 'accepted', '2025-08-09 09:37:32', '2026-01-29 09:44:46'),
(47, 46, 'accepted', '2025-11-01 12:31:46', '2025-11-29 15:00:39'),
(26, 46, 'sent', '2026-01-17 16:14:51', NULL),
(65, 46, 'sent', '2025-09-02 16:43:52', NULL),
(23, 47, 'sent', '2025-12-27 17:23:13', NULL);

INSERT INTO invitations (vacancy_id, student_id, status, sent_at, responded_at) VALUES
(18, 47, 'expired', '2025-10-06 18:40:34', '2026-01-25 10:36:14'),
(47, 47, 'sent', '2025-09-07 12:29:18', NULL),
(6, 47, 'sent', '2025-11-25 09:13:42', NULL),
(11, 47, 'rejected', '2025-09-22 10:15:32', '2025-11-11 11:20:51'),
(68, 47, 'sent', '2025-09-14 17:18:33', NULL),
(58, 47, 'sent', '2025-10-08 13:51:40', NULL),
(69, 48, 'sent', '2025-11-12 15:14:30', NULL),
(70, 48, 'sent', '2025-07-07 11:17:37', NULL),
(31, 48, 'sent', '2026-01-10 17:17:19', NULL),
(24, 49, 'sent', '2026-02-01 12:55:04', NULL),
(7, 49, 'rejected', '2025-11-24 11:32:17', '2025-12-22 10:36:53'),
(58, 49, 'sent', '2025-06-11 15:41:58', NULL),
(17, 49, 'sent', '2025-08-21 16:29:39', NULL),
(25, 49, 'expired', '2025-10-22 15:11:44', '2025-12-20 16:36:22'),
(69, 49, 'accepted', '2025-07-01 14:02:20', '2026-01-28 12:15:17'),
(60, 49, 'rejected', '2026-01-17 12:33:10', '2026-02-01 12:18:16'),
(14, 50, 'sent', '2025-06-01 18:18:00', NULL),
(6, 50, 'accepted', '2025-09-24 10:58:33', '2025-11-15 17:52:16'),
(34, 50, 'sent', '2025-09-26 16:07:48', NULL),
(69, 50, 'rejected', '2025-08-23 16:16:50', '2026-01-22 10:47:42'),
(41, 50, 'sent', '2025-10-29 17:12:11', NULL),
(23, 50, 'accepted', '2025-08-07 15:08:47', '2025-09-28 09:42:41'),
(66, 50, 'accepted', '2025-12-04 17:37:34', '2026-01-06 11:00:31'),
(42, 51, 'accepted', '2025-11-08 18:47:43', '2026-01-15 18:38:19'),
(37, 51, 'sent', '2025-11-13 14:43:35', NULL),
(71, 51, 'sent', '2025-07-24 11:38:43', NULL),
(12, 51, 'accepted', '2025-08-20 16:03:06', '2025-10-04 12:50:49'),
(25, 51, 'sent', '2025-09-08 14:09:18', NULL),
(72, 51, 'sent', '2025-10-25 09:02:15', NULL),
(73, 51, 'accepted', '2025-12-16 18:57:56', '2026-01-24 12:27:35'),
(60, 52, 'accepted', '2025-08-02 15:16:09', '2025-09-16 10:34:39'),
(2, 52, 'sent', '2025-09-27 17:25:32', NULL),
(44, 52, 'sent', '2026-01-13 10:23:23', NULL),
(31, 53, 'sent', '2025-08-26 12:36:42', NULL),
(53, 53, 'sent', '2025-09-16 16:12:01', NULL),
(47, 53, 'sent', '2025-10-19 14:22:22', NULL),
(75, 54, 'accepted', '2025-12-12 08:01:52', '2026-01-03 14:49:05'),
(44, 54, 'sent', '2025-08-29 10:30:14', NULL),
(24, 54, 'sent', '2026-01-10 12:24:49', NULL),
(20, 55, 'sent', '2025-06-01 18:50:42', NULL),
(1, 55, 'sent', '2025-06-25 15:29:03', NULL),
(59, 55, 'sent', '2025-11-13 09:43:52', NULL),
(27, 56, 'accepted', '2025-09-19 11:33:22', '2025-10-17 09:34:13'),
(64, 56, 'expired', '2026-01-24 15:16:24', '2026-01-27 15:59:50'),
(69, 56, 'expired', '2025-06-10 18:00:40', '2025-08-14 16:51:45'),
(26, 56, 'sent', '2025-11-19 10:18:10', NULL),
(29, 56, 'expired', '2026-01-14 17:02:24', '2026-01-30 11:50:10'),
(37, 56, 'sent', '2025-06-21 16:08:50', NULL),
(59, 56, 'accepted', '2025-07-03 13:43:40', '2025-11-14 16:11:07'),
(57, 57, 'accepted', '2025-11-26 16:44:52', '2025-12-16 18:54:50'),
(7, 57, 'sent', '2025-12-11 14:25:00', NULL),
(36, 57, 'rejected', '2025-07-16 17:37:23', '2025-10-07 08:49:17'),
(40, 57, 'sent', '2025-11-21 10:43:25', NULL),
(60, 57, 'sent', '2025-10-04 17:09:16', NULL),
(43, 57, 'sent', '2025-10-22 11:33:36', NULL),
(58, 57, 'sent', '2025-07-09 17:07:34', NULL),
(59, 58, 'sent', '2025-09-29 09:31:49', NULL),
(2, 58, 'sent', '2026-01-02 10:49:40', NULL),
(70, 58, 'sent', '2025-11-14 13:50:17', NULL),
(69, 58, 'expired', '2026-01-30 13:24:56', '2026-01-30 14:05:17'),
(38, 58, 'sent', '2025-11-09 12:39:03', NULL),
(42, 59, 'sent', '2025-10-03 10:32:52', NULL),
(4, 59, 'rejected', '2025-07-19 15:22:25', '2026-01-20 13:51:14'),
(13, 59, 'sent', '2025-06-11 11:21:42', NULL),
(63, 60, 'accepted', '2026-01-21 11:58:54', '2026-01-26 18:27:16'),
(25, 60, 'sent', '2025-11-12 13:43:50', NULL),
(58, 60, 'accepted', '2025-08-17 13:58:22', '2025-09-13 08:32:35'),
(47, 60, 'sent', '2025-12-12 09:07:11', NULL),
(4, 60, 'expired', '2025-12-24 18:16:03', '2026-01-19 17:55:44'),
(26, 61, 'rejected', '2025-08-09 15:36:24', '2025-10-28 13:48:38'),
(55, 61, 'rejected', '2025-11-30 15:37:36', '2026-01-27 13:12:57'),
(32, 61, 'sent', '2025-10-15 17:17:21', NULL),
(75, 62, 'sent', '2025-07-08 08:05:45', NULL),
(39, 62, 'sent', '2026-01-28 08:06:36', NULL),
(4, 62, 'accepted', '2026-01-10 12:20:05', '2026-02-01 10:33:32'),
(58, 62, 'sent', '2025-08-22 14:03:15', NULL),
(38, 62, 'sent', '2026-01-01 08:12:58', NULL),
(48, 63, 'accepted', '2025-08-28 16:39:49', '2025-12-07 11:32:57'),
(71, 63, 'rejected', '2025-10-01 13:10:35', '2025-12-08 09:05:10'),
(14, 63, 'rejected', '2025-08-18 18:07:09', '2026-01-10 08:47:45'),
(74, 63, 'sent', '2026-01-28 17:26:28', NULL),
(32, 64, 'sent', '2026-01-17 10:27:45', NULL),
(71, 64, 'expired', '2025-12-26 14:34:10', '2026-01-15 16:04:33'),
(41, 64, 'accepted', '2026-01-17 10:19:13', '2026-01-19 12:02:56'),
(16, 64, 'rejected', '2025-12-21 15:01:54', '2025-12-22 13:11:55'),
(31, 64, 'sent', '2025-08-31 14:17:40', NULL),
(73, 64, 'rejected', '2025-09-14 08:36:59', '2025-12-07 12:49:33'),
(14, 65, 'sent', '2025-12-21 16:35:13', NULL),
(2, 65, 'sent', '2025-08-08 13:35:09', NULL),
(39, 65, 'sent', '2025-06-16 09:46:24', NULL),
(40, 65, 'rejected', '2025-11-05 12:40:28', '2025-11-06 16:39:11'),
(36, 65, 'expired', '2026-01-31 10:12:38', '2026-01-31 15:02:19'),
(13, 66, 'accepted', '2025-07-26 13:17:49', '2025-10-12 14:22:19'),
(60, 66, 'sent', '2026-01-28 17:15:38', NULL),
(1, 66, 'sent', '2025-12-22 14:37:08', NULL),
(68, 66, 'expired', '2025-10-16 13:35:48', '2025-11-04 11:51:31'),
(16, 66, 'rejected', '2025-07-12 13:32:46', '2025-07-27 17:18:22'),
(66, 66, 'sent', '2026-01-26 13:35:10', NULL),
(2, 66, 'accepted', '2025-08-10 18:50:24', '2025-08-18 08:47:39'),
(43, 67, 'accepted', '2025-06-29 12:14:49', '2025-08-10 17:31:51'),
(50, 67, 'sent', '2025-09-20 12:40:03', NULL),
(42, 67, 'accepted', '2025-10-19 14:33:48', '2026-01-17 16:51:48'),
(12, 67, 'rejected', '2025-09-20 17:48:33', '2025-12-13 10:42:47'),
(16, 67, 'sent', '2026-01-15 11:36:11', NULL),
(5, 68, 'accepted', '2025-10-14 08:02:50', '2025-10-18 15:29:16'),
(21, 68, 'accepted', '2025-10-15 17:32:38', '2025-10-15 15:33:44'),
(23, 68, 'sent', '2025-08-13 15:22:16', NULL),
(34, 68, 'accepted', '2025-12-11 16:07:44', '2026-01-10 12:21:15'),
(46, 68, 'accepted', '2025-09-25 09:18:35', '2026-01-09 17:08:48'),
(72, 68, 'rejected', '2025-08-21 18:46:45', '2025-11-01 08:21:30'),
(32, 68, 'rejected', '2025-12-07 15:43:09', '2026-01-16 13:04:05'),
(25, 69, 'expired', '2025-07-21 18:23:14', '2026-01-29 09:20:17'),
(5, 69, 'rejected', '2025-12-06 12:02:19', '2026-01-09 14:41:09'),
(74, 69, 'sent', '2026-01-04 13:26:45', NULL),
(38, 70, 'sent', '2025-08-03 14:30:48', NULL),
(61, 70, 'rejected', '2025-07-08 12:43:53', '2025-08-06 12:00:15'),
(31, 70, 'sent', '2025-08-02 11:20:15', NULL),
(8, 70, 'expired', '2025-11-19 10:18:04', '2025-12-24 11:44:44'),
(64, 70, 'expired', '2025-06-08 09:54:09', '2025-10-10 15:25:41'),
(71, 70, 'expired', '2025-08-11 17:18:09', '2025-11-16 09:00:10'),
(51, 70, 'accepted', '2025-10-11 14:38:44', '2026-01-29 08:44:43'),
(71, 71, 'sent', '2025-07-14 10:12:04', NULL),
(57, 71, 'sent', '2025-06-14 16:53:34', NULL),
(50, 71, 'sent', '2025-06-02 14:19:55', NULL),
(37, 71, 'sent', '2026-01-24 15:57:37', NULL),
(23, 71, 'sent', '2025-09-18 09:04:56', NULL),
(72, 72, 'sent', '2025-09-30 16:53:48', NULL),
(54, 72, 'accepted', '2025-09-20 08:40:41', '2025-10-06 15:12:28'),
(63, 72, 'sent', '2025-07-25 18:03:45', NULL),
(62, 73, 'expired', '2025-11-04 12:46:02', '2026-01-09 18:49:59'),
(57, 73, 'sent', '2025-12-08 14:19:06', NULL),
(47, 73, 'expired', '2025-08-18 11:33:18', '2025-12-10 12:31:34'),
(66, 73, 'sent', '2025-06-20 11:56:46', NULL),
(63, 74, 'rejected', '2025-08-15 17:13:19', '2025-10-19 12:59:43'),
(75, 74, 'accepted', '2025-10-06 08:04:44', '2025-10-12 17:11:08'),
(15, 74, 'sent', '2025-11-15 13:54:48', NULL),
(49, 74, 'sent', '2025-09-18 08:44:48', NULL),
(23, 74, 'sent', '2026-01-23 15:06:56', NULL),
(10, 75, 'rejected', '2025-08-20 15:45:04', '2026-01-14 16:43:04'),
(2, 75, 'sent', '2025-10-16 12:34:26', NULL),
(25, 75, 'sent', '2025-12-17 15:40:36', NULL),
(34, 75, 'sent', '2025-08-20 18:52:54', NULL),
(56, 75, 'sent', '2026-01-28 11:56:58', NULL),
(35, 75, 'sent', '2025-11-04 09:18:52', NULL),
(9, 76, 'sent', '2026-01-29 12:55:53', NULL),
(37, 76, 'sent', '2025-12-16 08:44:01', NULL),
(15, 76, 'sent', '2025-12-17 15:57:31', NULL),
(66, 76, 'sent', '2025-10-26 08:01:57', NULL),
(19, 76, 'accepted', '2025-06-08 10:06:28', '2025-12-20 16:00:54'),
(47, 76, 'accepted', '2025-09-30 17:55:01', '2025-11-27 11:49:25'),
(58, 77, 'accepted', '2025-11-13 17:43:28', '2026-01-01 10:05:08'),
(69, 77, 'sent', '2025-12-25 18:02:24', NULL),
(25, 77, 'sent', '2025-09-17 12:22:11', NULL),
(2, 77, 'expired', '2025-11-30 10:04:46', '2025-12-20 18:22:23'),
(56, 77, 'expired', '2025-08-19 10:15:16', '2025-09-12 09:59:43'),
(28, 77, 'rejected', '2025-09-27 11:03:22', '2025-10-24 13:59:38'),
(58, 78, 'sent', '2025-12-20 15:24:30', NULL),
(6, 78, 'expired', '2025-10-22 13:43:17', '2025-12-25 16:44:04'),
(67, 78, 'sent', '2025-09-09 12:57:18', NULL),
(59, 78, 'sent', '2025-08-23 12:18:22', NULL),
(14, 78, 'rejected', '2025-10-14 11:16:40', '2025-12-06 18:09:59'),
(36, 78, 'accepted', '2025-12-12 17:28:02', '2026-01-23 12:23:48'),
(74, 79, 'sent', '2025-08-25 12:35:09', NULL),
(9, 79, 'sent', '2025-11-19 18:47:35', NULL),
(11, 79, 'sent', '2025-06-18 13:54:23', NULL),
(44, 80, 'sent', '2026-01-12 08:34:34', NULL),
(35, 80, 'sent', '2025-08-11 17:30:25', NULL),
(72, 80, 'sent', '2025-09-01 08:01:34', NULL),
(47, 81, 'rejected', '2025-12-23 15:19:48', '2025-12-24 16:30:16'),
(6, 81, 'sent', '2026-01-09 10:49:29', NULL),
(44, 81, 'sent', '2025-10-16 12:46:59', NULL),
(70, 81, 'accepted', '2025-10-14 18:30:26', '2025-11-20 08:38:33'),
(57, 81, 'accepted', '2025-09-10 12:59:54', '2025-12-07 15:47:43'),
(66, 81, 'sent', '2025-09-12 08:41:47', NULL),
(5, 82, 'accepted', '2025-09-15 15:01:37', '2025-12-26 18:45:23'),
(42, 82, 'sent', '2025-06-20 12:33:24', NULL),
(62, 82, 'accepted', '2025-09-10 08:04:24', '2025-09-14 09:31:22'),
(10, 83, 'sent', '2025-11-04 09:00:00', NULL),
(51, 83, 'sent', '2025-06-22 17:31:38', NULL),
(75, 83, 'accepted', '2025-06-28 08:33:43', '2025-09-30 15:36:38'),
(7, 84, 'accepted', '2026-01-02 17:56:25', '2026-01-21 09:43:41'),
(33, 84, 'sent', '2025-11-15 11:23:24', NULL),
(48, 84, 'accepted', '2026-01-31 09:24:03', '2026-02-01 11:18:00'),
(19, 85, 'accepted', '2025-09-03 08:32:13', '2025-11-22 08:38:38'),
(21, 85, 'sent', '2026-01-17 15:53:22', NULL),
(27, 85, 'sent', '2025-07-03 09:40:54', NULL),
(45, 85, 'rejected', '2025-11-08 08:44:48', '2026-01-01 14:18:42'),
(47, 85, 'rejected', '2025-10-12 13:15:31', '2025-12-04 15:48:19'),
(37, 85, 'sent', '2025-08-11 08:51:16', NULL),
(66, 85, 'sent', '2025-10-09 10:06:41', NULL),
(4, 86, 'sent', '2025-11-12 15:30:52', NULL),
(19, 86, 'sent', '2025-06-18 09:03:23', NULL),
(31, 86, 'sent', '2026-01-14 18:59:07', NULL),
(39, 86, 'rejected', '2025-12-18 17:08:23', '2025-12-31 08:10:45'),
(15, 86, 'sent', '2025-11-23 11:26:45', NULL),
(40, 86, 'sent', '2025-06-04 18:01:41', NULL),
(53, 86, 'sent', '2025-08-01 12:44:45', NULL),
(23, 87, 'sent', '2025-09-03 08:25:32', NULL),
(55, 87, 'sent', '2025-09-16 14:20:10', NULL),
(54, 87, 'accepted', '2026-02-01 15:54:35', '2026-02-01 16:56:27'),
(10, 87, 'sent', '2025-10-14 10:55:37', NULL),
(19, 87, 'sent', '2025-11-02 14:41:48', NULL),
(51, 87, 'accepted', '2025-11-02 10:06:21', '2025-11-03 14:52:46'),
(48, 87, 'sent', '2025-12-29 10:22:01', NULL),
(68, 88, 'accepted', '2025-07-25 15:10:03', '2025-10-24 11:07:20'),
(11, 88, 'sent', '2025-10-04 15:33:03', NULL),
(34, 88, 'rejected', '2025-08-08 13:23:11', '2025-10-27 09:25:56'),
(67, 88, 'expired', '2025-07-24 12:17:33', '2025-08-09 13:01:32'),
(22, 89, 'expired', '2026-01-09 14:47:09', '2026-01-11 10:09:33'),
(11, 89, 'sent', '2025-06-24 17:37:50', NULL),
(71, 89, 'sent', '2025-07-15 16:38:34', NULL),
(7, 89, 'sent', '2025-08-17 16:12:47', NULL),
(55, 89, 'sent', '2025-11-16 14:47:32', NULL),
(66, 89, 'rejected', '2025-11-25 10:34:59', '2025-12-25 18:32:20'),
(15, 89, 'sent', '2025-07-03 13:40:16', NULL),
(31, 90, 'rejected', '2025-10-28 15:39:11', '2025-10-28 17:12:02'),
(60, 90, 'sent', '2025-08-15 18:21:25', NULL),
(73, 90, 'sent', '2025-12-01 15:05:03', NULL),
(36, 90, 'sent', '2025-07-09 14:17:54', NULL),
(35, 90, 'sent', '2025-09-04 18:06:35', NULL),
(70, 90, 'accepted', '2025-06-25 13:57:36', '2026-01-29 09:23:55'),
(29, 90, 'accepted', '2025-12-24 16:44:20', '2026-01-23 12:44:18'),
(69, 91, 'sent', '2025-11-15 13:03:03', NULL),
(39, 91, 'expired', '2025-12-25 12:09:04', '2025-12-30 10:02:12'),
(73, 91, 'sent', '2025-10-08 10:01:35', NULL),
(31, 91, 'accepted', '2026-01-06 16:19:35', '2026-01-06 09:03:26'),
(40, 91, 'accepted', '2025-11-26 08:08:00', '2025-11-28 10:07:35'),
(67, 92, 'sent', '2025-10-12 13:43:34', NULL),
(14, 92, 'sent', '2025-06-06 15:49:50', NULL),
(61, 92, 'rejected', '2026-01-11 09:16:46', '2026-01-14 18:31:51'),
(43, 92, 'accepted', '2026-01-25 10:54:02', '2026-01-30 17:49:52'),
(22, 92, 'sent', '2025-12-07 08:41:13', NULL),
(26, 92, 'sent', '2025-12-05 11:14:56', NULL),
(6, 92, 'sent', '2025-09-30 08:57:49', NULL),
(52, 93, 'expired', '2025-06-27 08:33:37', '2025-12-28 17:59:18'),
(38, 93, 'sent', '2025-07-27 08:15:42', NULL),
(40, 93, 'sent', '2026-01-11 17:05:53', NULL),
(66, 93, 'sent', '2026-01-01 11:05:45', NULL),
(2, 93, 'sent', '2025-07-16 11:49:27', NULL),
(69, 93, 'sent', '2025-06-19 10:08:43', NULL),
(39, 94, 'sent', '2025-09-19 08:45:46', NULL),
(8, 94, 'sent', '2025-06-17 08:25:20', NULL),
(56, 94, 'sent', '2025-07-09 09:47:31', NULL),
(7, 94, 'rejected', '2025-08-12 08:26:27', '2025-08-14 12:24:51'),
(55, 94, 'sent', '2025-11-15 17:48:11', NULL),
(36, 94, 'sent', '2026-02-01 13:34:45', NULL),
(4, 94, 'accepted', '2025-08-20 16:22:45', '2025-10-07 16:55:07'),
(24, 95, 'accepted', '2025-10-06 12:12:55', '2026-01-06 16:59:27'),
(4, 95, 'sent', '2025-11-19 13:55:49', NULL),
(12, 95, 'accepted', '2025-10-11 15:06:28', '2026-01-16 09:43:09');

INSERT INTO invitations (vacancy_id, student_id, status, sent_at, responded_at) VALUES
(37, 95, 'sent', '2025-09-27 11:59:23', NULL),
(51, 95, 'rejected', '2025-10-27 18:54:04', '2025-10-29 09:23:27'),
(41, 95, 'sent', '2025-12-15 11:24:05', NULL),
(38, 96, 'sent', '2026-02-01 11:19:38', NULL),
(41, 96, 'rejected', '2025-08-21 11:49:53', '2026-01-13 13:26:59'),
(24, 96, 'expired', '2025-11-29 17:11:43', '2025-12-20 09:03:42'),
(27, 96, 'rejected', '2025-07-22 16:01:25', '2025-09-26 18:45:57'),
(14, 97, 'expired', '2025-07-26 11:08:57', '2025-10-04 15:32:41'),
(55, 97, 'rejected', '2025-11-27 14:51:09', '2025-12-23 14:18:44'),
(34, 97, 'rejected', '2025-07-13 16:18:32', '2025-10-13 09:39:02'),
(60, 97, 'sent', '2025-09-03 11:33:12', NULL),
(64, 97, 'accepted', '2025-08-10 14:26:09', '2025-09-05 09:13:06'),
(39, 97, 'sent', '2025-07-05 12:24:22', NULL),
(25, 98, 'accepted', '2025-11-29 14:59:10', '2025-12-26 13:10:23'),
(55, 98, 'accepted', '2025-12-11 14:26:33', '2025-12-24 16:25:23'),
(46, 98, 'accepted', '2025-08-05 10:02:34', '2025-12-08 14:41:12'),
(27, 98, 'sent', '2025-11-25 17:08:24', NULL),
(1, 99, 'rejected', '2025-09-11 08:07:27', '2026-01-22 12:09:35'),
(16, 99, 'sent', '2025-08-28 18:19:36', NULL),
(60, 99, 'sent', '2025-10-01 10:52:29', NULL),
(17, 99, 'sent', '2025-08-24 12:44:29', NULL),
(24, 100, 'sent', '2025-07-10 14:50:04', NULL),
(27, 100, 'sent', '2025-06-03 17:23:06', NULL),
(42, 100, 'sent', '2025-07-08 09:10:40', NULL),
(58, 100, 'expired', '2025-07-26 18:27:27', '2026-01-29 18:14:19'),
(11, 100, 'sent', '2025-09-03 16:52:33', NULL),
(69, 100, 'accepted', '2025-07-18 18:06:01', '2025-09-21 16:24:40');

